image_id,label,label_name,patient_id,fold
1,1,meningioma,100360,5
2,1,meningioma,100360,5
3,1,meningioma,100360,5
4,1,meningioma,100360,5
5,1,meningioma,100360,5
6,1,meningioma,100572,3
7,1,meningioma,100572,3
8,1,meningioma,100572,3
9,1,meningioma,101016,4
10,1,meningioma,101016,4
11,1,meningioma,101016,4
12,1,meningioma,101016,4
13,1,meningioma,101016,4
14,1,meningioma,101016,4
15,1,meningioma,101016,4
16,1,meningioma,101127,4
17,1,meningioma,101127,4
18,1,meningioma,101127,4
19,1,meningioma,101127,4
20,1,meningioma,101797,5
21,1,meningioma,101797,5
22,1,meningioma,101797,5
23,1,meningioma,101797,5
24,1,meningioma,102420,1
25,1,meningioma,102420,1
26,1,meningioma,102446,3
27,1,meningioma,102675,1
28,1,meningioma,102714,5
29,1,meningioma,102714,5
30,1,meningioma,102714,5
31,1,meningioma,102714,5
32,1,meningioma,102929,2
33,1,meningioma,102929,2
34,1,meningioma,102935,1
35,1,meningioma,102985,4
36,1,meningioma,103673,5
37,1,meningioma,103673,5
38,1,meningioma,103673,5
39,1,meningioma,103673,5
40,1,meningioma,103673,5
41,1,meningioma,103673,5
42,1,meningioma,103925,4
43,1,meningioma,103925,4
44,1,meningioma,103925,4
45,1,meningioma,104167,3
46,1,meningioma,104167,3
47,1,meningioma,104167,3
48,1,meningioma,104167,3
49,1,meningioma,104281,3
50,1,meningioma,104281,3
51,1,meningioma,104281,3
52,1,meningioma,104281,3
53,1,meningioma,104281,3
54,1,meningioma,104281,3
55,1,meningioma,104281,3
56,1,meningioma,105374,4
57,1,meningioma,105374,4
58,1,meningioma,105555,5
59,3,pituitary,58392,3
60,1,meningioma,105937,1
61,1,meningioma,105937,1
62,1,meningioma,106284,2
63,1,meningioma,106284,2
64,1,meningioma,106284,2
65,1,meningioma,106284,2
66,1,meningioma,106284,2
67,1,meningioma,106442,1
68,1,meningioma,106442,1
69,1,meningioma,106442,1
70,1,meningioma,106442,1
71,1,meningioma,106534,4
72,1,meningioma,106534,4
73,1,meningioma,106665,3
74,1,meningioma,106665,3
75,1,meningioma,106665,3
76,1,meningioma,106665,3
77,1,meningioma,106665,3
78,1,meningioma,106665,3
79,1,meningioma,106665,3
80,1,meningioma,106720,1
81,1,meningioma,106720,1
82,1,meningioma,106720,1
83,1,meningioma,106720,1
84,1,meningioma,106720,1
85,1,meningioma,106720,1
86,1,meningioma,106720,1
87,1,meningioma,106914,2
88,1,meningioma,106914,2
89,1,meningioma,106914,2
90,1,meningioma,106914,2
91,1,meningioma,107190,5
92,1,meningioma,107190,5
93,1,meningioma,107248,5
94,1,meningioma,107248,5
95,1,meningioma,107248,5
96,1,meningioma,107248,5
97,1,meningioma,107248,5
98,1,meningioma,107248,5
99,1,meningioma,107494,4
100,1,meningioma,107494,4
101,1,meningioma,107494,4
102,1,meningioma,107494,4
103,1,meningioma,107494,4
104,1,meningioma,108514,5
105,1,meningioma,108514,5
106,1,meningioma,108514,5
107,1,meningioma,108514,5
108,1,meningioma,108514,5
109,1,meningioma,108514,5
110,1,meningioma,108514,5
111,1,meningioma,108550,5
112,1,meningioma,108550,5
113,1,meningioma,108590,3
114,1,meningioma,108590,3
115,1,meningioma,108945,4
116,1,meningioma,108945,4
117,1,meningioma,108945,4
118,1,meningioma,108945,4
119,1,meningioma,109411,3
120,1,meningioma,109968,3
121,1,meningioma,109968,3
122,1,meningioma,109968,3
123,1,meningioma,109968,3
124,1,meningioma,110116,5
125,1,meningioma,111077,2
126,1,meningioma,111077,2
127,1,meningioma,111077,2
128,1,meningioma,111366,3
129,1,meningioma,111366,3
130,1,meningioma,111366,3
131,1,meningioma,111366,3
132,1,meningioma,111532,1
133,1,meningioma,111532,1
134,1,meningioma,111532,1
135,1,meningioma,112002,2
136,1,meningioma,112002,2
137,1,meningioma,112002,2
138,1,meningioma,112002,2
139,1,meningioma,112062,4
140,1,meningioma,112062,4
141,1,meningioma,112062,4
142,1,meningioma,112252,1
143,1,meningioma,112252,1
144,1,meningioma,112552,2
145,1,meningioma,112552,2
146,1,meningioma,112552,2
147,1,meningioma,112552,2
148,1,meningioma,112552,2
149,1,meningioma,112552,2
150,1,meningioma,112552,2
151,1,meningioma,112648,3
152,1,meningioma,112648,3
153,1,meningioma,112648,3
154,1,meningioma,113435,5
155,1,meningioma,113435,5
156,1,meningioma,113435,5
157,1,meningioma,113435,5
158,1,meningioma,113435,5
159,1,meningioma,113435,5
160,1,meningioma,113554,5
161,1,meningioma,113554,5
162,1,meningioma,113554,5
163,1,meningioma,113805,2
164,1,meningioma,114018,2
165,1,meningioma,114018,2
166,1,meningioma,114018,2
167,1,meningioma,114018,2
168,1,meningioma,114018,2
169,1,meningioma,114359,2
170,1,meningioma,114359,2
171,1,meningioma,114359,2
172,1,meningioma,114359,2
173,1,meningioma,114359,2
174,1,meningioma,114359,2
175,1,meningioma,97607,1
176,1,meningioma,97607,1
177,1,meningioma,97607,1
178,1,meningioma,97607,1
179,1,meningioma,97607,1
180,1,meningioma,97737,1
181,1,meningioma,97737,1
182,1,meningioma,97737,1
183,1,meningioma,97737,1
184,1,meningioma,97875,4
185,1,meningioma,97875,4
186,1,meningioma,97875,4
187,1,meningioma,97943,3
188,1,meningioma,97943,3
189,1,meningioma,97943,3
190,1,meningioma,97943,3
191,1,meningioma,97943,3
192,1,meningioma,98241,2
193,1,meningioma,98241,2
194,1,meningioma,98241,2
195,1,meningioma,98241,2
196,1,meningioma,98241,2
197,1,meningioma,98241,2
198,1,meningioma,99017,1
199,1,meningioma,99017,1
200,1,meningioma,99089,5
201,1,meningioma,99089,5
202,1,meningioma,99089,5
203,1,meningioma,99288,2
204,1,meningioma,99308,2
205,1,meningioma,99308,2
206,1,meningioma,99308,2
207,1,meningioma,99308,2
208,1,meningioma,99308,2
209,2,glioma,100820,3
210,2,glioma,100820,3
211,1,meningioma,100360,5
212,1,meningioma,100360,5
213,1,meningioma,100360,5
214,1,meningioma,100360,5
215,1,meningioma,100360,5
216,1,meningioma,100360,5
217,1,meningioma,100360,5
218,1,meningioma,100572,3
219,1,meningioma,100572,3
220,1,meningioma,100572,3
221,1,meningioma,101016,4
222,1,meningioma,101016,4
223,1,meningioma,101016,4
224,1,meningioma,101016,4
225,1,meningioma,101016,4
226,1,meningioma,101016,4
227,1,meningioma,101127,4
228,1,meningioma,101127,4
229,1,meningioma,101127,4
230,1,meningioma,101127,4
231,1,meningioma,101797,5
232,1,meningioma,101797,5
233,1,meningioma,101797,5
234,1,meningioma,101797,5
235,1,meningioma,101797,5
236,1,meningioma,102420,1
237,1,meningioma,102420,1
238,1,meningioma,102420,1
239,1,meningioma,102446,3
240,1,meningioma,102675,1
241,1,meningioma,102675,1
242,1,meningioma,102714,5
243,1,meningioma,102714,5
244,1,meningioma,102714,5
245,1,meningioma,102714,5
246,1,meningioma,102929,2
247,1,meningioma,102929,2
248,1,meningioma,102929,2
249,1,meningioma,102929,2
250,1,meningioma,102929,2
251,1,meningioma,102929,2
252,1,meningioma,102935,1
253,1,meningioma,102985,4
254,1,meningioma,103673,5
255,1,meningioma,103673,5
256,1,meningioma,103673,5
257,1,meningioma,103673,5
258,1,meningioma,103673,5
259,1,meningioma,103673,5
260,1,meningioma,103673,5
261,1,meningioma,103925,4
262,1,meningioma,103925,4
263,1,meningioma,103925,4
264,1,meningioma,103925,4
265,1,meningioma,103925,4
266,1,meningioma,103925,4
267,1,meningioma,103925,4
268,1,meningioma,103925,4
269,1,meningioma,104167,3
270,1,meningioma,104167,3
271,1,meningioma,104167,3
272,1,meningioma,104167,3
273,1,meningioma,104167,3
274,1,meningioma,104167,3
275,1,meningioma,104281,3
276,1,meningioma,104281,3
277,1,meningioma,104281,3
278,1,meningioma,104281,3
279,1,meningioma,104281,3
280,1,meningioma,104281,3
281,1,meningioma,105374,4
282,1,meningioma,105374,4
283,1,meningioma,105555,5
284,1,meningioma,105555,5
285,1,meningioma,105555,5
286,1,meningioma,105937,1
287,1,meningioma,105937,1
288,1,meningioma,105937,1
289,1,meningioma,105937,1
290,1,meningioma,106284,2
291,1,meningioma,106284,2
292,1,meningioma,106284,2
293,1,meningioma,106284,2
294,1,meningioma,106442,1
295,1,meningioma,106442,1
296,1,meningioma,106442,1
297,1,meningioma,106534,4
298,1,meningioma,106534,4
299,1,meningioma,106665,3
300,1,meningioma,106665,3
301,1,meningioma,106665,3
302,1,meningioma,106665,3
303,1,meningioma,106665,3
304,1,meningioma,106720,1
305,1,meningioma,106720,1
306,1,meningioma,106720,1
307,1,meningioma,106720,1
308,1,meningioma,106720,1
309,1,meningioma,106720,1
310,1,meningioma,106720,1
311,1,meningioma,106914,2
312,1,meningioma,106914,2
313,1,meningioma,106914,2
314,1,meningioma,106914,2
315,1,meningioma,107190,5
316,1,meningioma,107248,5
317,1,meningioma,107248,5
318,1,meningioma,107248,5
319,1,meningioma,107248,5
320,1,meningioma,107494,4
321,1,meningioma,107494,4
322,1,meningioma,107494,4
323,1,meningioma,107494,4
324,1,meningioma,107494,4
325,1,meningioma,107494,4
326,1,meningioma,108514,5
327,1,meningioma,108514,5
328,1,meningioma,108514,5
329,1,meningioma,108514,5
330,1,meningioma,108514,5
331,1,meningioma,108514,5
332,1,meningioma,108550,5
333,1,meningioma,108550,5
334,1,meningioma,108590,3
335,1,meningioma,108590,3
336,1,meningioma,108945,4
337,1,meningioma,108945,4
338,1,meningioma,108945,4
339,1,meningioma,108945,4
340,1,meningioma,109411,3
341,1,meningioma,109968,3
342,1,meningioma,109968,3
343,1,meningioma,109968,3
344,1,meningioma,109968,3
345,1,meningioma,110116,5
346,1,meningioma,110116,5
347,1,meningioma,110116,5
348,1,meningioma,110116,5
349,1,meningioma,111077,2
350,1,meningioma,111077,2
351,1,meningioma,111077,2
352,1,meningioma,111077,2
353,1,meningioma,111366,3
354,1,meningioma,111366,3
355,1,meningioma,111366,3
356,1,meningioma,111366,3
357,1,meningioma,111532,1
358,1,meningioma,111532,1
359,1,meningioma,111532,1
360,1,meningioma,111532,1
361,1,meningioma,111532,1
362,1,meningioma,112002,2
363,1,meningioma,112002,2
364,1,meningioma,112002,2
365,1,meningioma,112002,2
366,1,meningioma,112062,4
367,1,meningioma,112062,4
368,1,meningioma,112062,4
369,1,meningioma,112062,4
370,1,meningioma,112252,1
371,1,meningioma,112252,1
372,1,meningioma,112552,2
373,1,meningioma,112552,2
374,1,meningioma,112552,2
375,1,meningioma,112552,2
376,1,meningioma,112552,2
377,1,meningioma,112552,2
378,1,meningioma,112552,2
379,1,meningioma,112648,3
380,1,meningioma,112648,3
381,1,meningioma,112648,3
382,1,meningioma,113435,5
383,1,meningioma,113435,5
384,1,meningioma,113435,5
385,1,meningioma,113435,5
386,1,meningioma,113435,5
387,1,meningioma,113435,5
388,1,meningioma,113435,5
389,1,meningioma,113435,5
390,1,meningioma,113554,5
391,1,meningioma,113554,5
392,1,meningioma,113554,5
393,1,meningioma,113805,2
394,1,meningioma,113805,2
395,1,meningioma,114018,2
396,1,meningioma,114018,2
397,1,meningioma,114018,2
398,1,meningioma,114018,2
399,1,meningioma,114359,2
400,1,meningioma,114359,2
401,1,meningioma,114359,2
402,1,meningioma,114359,2
403,1,meningioma,114359,2
404,1,meningioma,114359,2
405,1,meningioma,97607,1
406,1,meningioma,97607,1
407,1,meningioma,97607,1
408,1,meningioma,97737,1
409,1,meningioma,97737,1
410,1,meningioma,97737,1
411,1,meningioma,97737,1
412,1,meningioma,97737,1
413,1,meningioma,97737,1
414,1,meningioma,97875,4
415,1,meningioma,97875,4
416,1,meningioma,97875,4
417,1,meningioma,97875,4
418,1,meningioma,97943,3
419,1,meningioma,97943,3
420,1,meningioma,97943,3
421,1,meningioma,97943,3
422,1,meningioma,97943,3
423,1,meningioma,98241,2
424,1,meningioma,98241,2
425,1,meningioma,98241,2
426,1,meningioma,98241,2
427,1,meningioma,98241,2
428,1,meningioma,98241,2
429,1,meningioma,98241,2
430,1,meningioma,99017,1
431,1,meningioma,99017,1
432,1,meningioma,99089,5
433,1,meningioma,99089,5
434,1,meningioma,99089,5
435,1,meningioma,99089,5
436,1,meningioma,99089,5
437,1,meningioma,99288,2
438,1,meningioma,99308,2
439,1,meningioma,99308,2
440,1,meningioma,99308,2
441,1,meningioma,99308,2
442,1,meningioma,100360,5
443,1,meningioma,100360,5
444,1,meningioma,100360,5
445,1,meningioma,100360,5
446,1,meningioma,100360,5
447,1,meningioma,100360,5
448,1,meningioma,100572,3
449,1,meningioma,100572,3
450,1,meningioma,100639,3
451,1,meningioma,100639,3
452,1,meningioma,100920,4
453,1,meningioma,100920,4
454,1,meningioma,100920,4
455,1,meningioma,101016,4
456,1,meningioma,101016,4
457,1,meningioma,101016,4
458,1,meningioma,101016,4
459,1,meningioma,101082,4
460,1,meningioma,101082,4
461,1,meningioma,101127,4
462,1,meningioma,101127,4
463,1,meningioma,101127,4
464,1,meningioma,101127,4
465,1,meningioma,101797,5
466,1,meningioma,101797,5
467,1,meningioma,101797,5
468,1,meningioma,101797,5
469,1,meningioma,101797,5
470,1,meningioma,101797,5
471,1,meningioma,101801,3
472,1,meningioma,101801,3
473,1,meningioma,101801,3
474,1,meningioma,102420,1
475,1,meningioma,102420,1
476,1,meningioma,102446,3
477,1,meningioma,102446,3
478,1,meningioma,102675,1
479,1,meningioma,102675,1
480,1,meningioma,102714,5
481,1,meningioma,102714,5
482,1,meningioma,102714,5
483,1,meningioma,102714,5
484,1,meningioma,102714,5
485,1,meningioma,102818,2
486,1,meningioma,102818,2
487,1,meningioma,102818,2
488,1,meningioma,102818,2
489,1,meningioma,102935,1
490,1,meningioma,102960,3
491,1,meningioma,102960,3
492,1,meningioma,102960,3
493,1,meningioma,102960,3
494,1,meningioma,102960,3
495,1,meningioma,102985,4
496,1,meningioma,103673,5
497,1,meningioma,103673,5
498,1,meningioma,103673,5
499,1,meningioma,103673,5
500,1,meningioma,103673,5
501,1,meningioma,103925,4
502,1,meningioma,103925,4
503,1,meningioma,103925,4
504,1,meningioma,103925,4
505,1,meningioma,104167,3
506,1,meningioma,104167,3
507,1,meningioma,104167,3
508,1,meningioma,104167,3
509,1,meningioma,104167,3
510,1,meningioma,104281,3
511,1,meningioma,104281,3
512,1,meningioma,104281,3
513,1,meningioma,104281,3
514,1,meningioma,104695,4
515,1,meningioma,104695,4
516,1,meningioma,104695,4
517,1,meningioma,105374,4
518,1,meningioma,105555,5
519,1,meningioma,105555,5
520,1,meningioma,105937,1
521,1,meningioma,105937,1
522,1,meningioma,105937,1
523,1,meningioma,106284,2
524,1,meningioma,106284,2
525,1,meningioma,106284,2
526,1,meningioma,106284,2
527,1,meningioma,106442,1
528,1,meningioma,106442,1
529,1,meningioma,106442,1
530,1,meningioma,106534,4
531,1,meningioma,106534,4
532,1,meningioma,106592,4
533,1,meningioma,106665,3
534,1,meningioma,106665,3
535,1,meningioma,106665,3
536,1,meningioma,106665,3
537,1,meningioma,106665,3
538,1,meningioma,106665,3
539,1,meningioma,106665,3
540,1,meningioma,106720,1
541,1,meningioma,106720,1
542,1,meningioma,106720,1
543,1,meningioma,106914,2
544,1,meningioma,106914,2
545,1,meningioma,106914,2
546,1,meningioma,106914,2
547,1,meningioma,106914,2
548,1,meningioma,106914,2
549,1,meningioma,106914,2
550,1,meningioma,107190,5
551,1,meningioma,107248,5
552,1,meningioma,107248,5
553,1,meningioma,107248,5
554,1,meningioma,107248,5
555,1,meningioma,107248,5
556,1,meningioma,107494,4
557,1,meningioma,107494,4
558,1,meningioma,107494,4
559,1,meningioma,107494,4
560,1,meningioma,107946,2
561,1,meningioma,107946,2
562,1,meningioma,107946,2
563,1,meningioma,107946,2
564,1,meningioma,108514,5
565,1,meningioma,108514,5
566,1,meningioma,108514,5
567,1,meningioma,108514,5
568,1,meningioma,108514,5
569,1,meningioma,108550,5
570,1,meningioma,108550,5
571,1,meningioma,108590,3
572,1,meningioma,108590,3
573,1,meningioma,108945,4
574,1,meningioma,108945,4
575,1,meningioma,108945,4
576,1,meningioma,108945,4
577,1,meningioma,109350,5
578,1,meningioma,109350,5
579,1,meningioma,109411,3
580,1,meningioma,109968,3
581,1,meningioma,109968,3
582,1,meningioma,109968,3
583,1,meningioma,109968,3
584,1,meningioma,110808,1
585,1,meningioma,110808,1
586,1,meningioma,111077,2
587,1,meningioma,111077,2
588,1,meningioma,111077,2
589,1,meningioma,111366,3
590,1,meningioma,111366,3
591,1,meningioma,111366,3
592,1,meningioma,111366,3
593,1,meningioma,111532,1
594,1,meningioma,111532,1
595,1,meningioma,111532,1
596,1,meningioma,111696,1
597,1,meningioma,111710,4
598,1,meningioma,111710,4
599,1,meningioma,112002,2
600,1,meningioma,112002,2
601,1,meningioma,112002,2
602,1,meningioma,112002,2
603,1,meningioma,112062,4
604,1,meningioma,112062,4
605,1,meningioma,112062,4
606,1,meningioma,112252,1
607,1,meningioma,112252,1
608,1,meningioma,112552,2
609,1,meningioma,112552,2
610,1,meningioma,112552,2
611,1,meningioma,112552,2
612,1,meningioma,112552,2
613,1,meningioma,112552,2
614,1,meningioma,112552,2
615,1,meningioma,112648,3
616,1,meningioma,112648,3
617,1,meningioma,112648,3
618,1,meningioma,112648,3
619,1,meningioma,112650,3
620,1,meningioma,112650,3
621,1,meningioma,113098,1
622,1,meningioma,113098,1
623,1,meningioma,113098,1
624,1,meningioma,113098,1
625,1,meningioma,113435,5
626,1,meningioma,113435,5
627,1,meningioma,113435,5
628,1,meningioma,113435,5
629,1,meningioma,113435,5
630,1,meningioma,113435,5
631,1,meningioma,113554,5
632,1,meningioma,113554,5
633,1,meningioma,113554,5
634,1,meningioma,113554,5
635,1,meningioma,113614,4
636,1,meningioma,113614,4
637,1,meningioma,113614,4
638,1,meningioma,113614,4
639,1,meningioma,113805,2
640,1,meningioma,113971,5
641,1,meningioma,113971,5
642,1,meningioma,114018,2
643,1,meningioma,114018,2
644,1,meningioma,114018,2
645,1,meningioma,114018,2
646,1,meningioma,114018,2
647,1,meningioma,114018,2
648,1,meningioma,114359,2
649,1,meningioma,114359,2
650,1,meningioma,114359,2
651,1,meningioma,114359,2
652,1,meningioma,114359,2
653,1,meningioma,114359,2
654,1,meningioma,114359,2
655,1,meningioma,114417,2
656,1,meningioma,114417,2
657,1,meningioma,114417,2
658,1,meningioma,114417,2
659,1,meningioma,97374,3
660,1,meningioma,97374,3
661,1,meningioma,97374,3
662,1,meningioma,97374,3
663,1,meningioma,97374,3
664,1,meningioma,97607,1
665,1,meningioma,97607,1
666,1,meningioma,97607,1
667,1,meningioma,97607,1
668,1,meningioma,97737,1
669,1,meningioma,97737,1
670,1,meningioma,97737,1
671,1,meningioma,97737,1
672,1,meningioma,97737,1
673,1,meningioma,97793,3
674,1,meningioma,97875,4
675,1,meningioma,97943,3
676,1,meningioma,97943,3
677,1,meningioma,97943,3
678,1,meningioma,97943,3
679,1,meningioma,97943,3
680,1,meningioma,98241,2
681,1,meningioma,98241,2
682,1,meningioma,98241,2
683,1,meningioma,98241,2
684,1,meningioma,98241,2
685,1,meningioma,98241,2
686,1,meningioma,99017,1
687,1,meningioma,99017,1
688,1,meningioma,99089,5
689,1,meningioma,99089,5
690,1,meningioma,99089,5
691,1,meningioma,99089,5
692,1,meningioma,99089,5
693,1,meningioma,99162,1
694,1,meningioma,99162,1
695,1,meningioma,99162,1
696,1,meningioma,99288,2
697,1,meningioma,99308,2
698,1,meningioma,99308,2
699,1,meningioma,99308,2
700,1,meningioma,99308,2
701,1,meningioma,99308,2
702,1,meningioma,99308,2
703,1,meningioma,99815,4
704,1,meningioma,99815,4
705,1,meningioma,99815,4
706,1,meningioma,99815,4
707,1,meningioma,99815,4
708,1,meningioma,99815,4
709,3,pituitary,105936,5
710,3,pituitary,105936,5
711,3,pituitary,105936,5
712,3,pituitary,106062,3
713,3,pituitary,106062,3
714,3,pituitary,106062,3
715,2,glioma,100820,3
716,2,glioma,100820,3
717,2,glioma,100820,3
718,2,glioma,101020,3
719,2,glioma,101020,3
720,2,glioma,101020,3
721,2,glioma,101020,3
722,2,glioma,102075,5
723,2,glioma,102075,5
724,2,glioma,102075,5
725,2,glioma,103148,1
726,2,glioma,103148,1
727,2,glioma,103148,1
728,2,glioma,103148,1
729,2,glioma,106494,5
730,2,glioma,106494,5
731,2,glioma,106494,5
732,2,glioma,106494,5
733,2,glioma,106494,5
734,2,glioma,106494,5
735,2,glioma,107747,5
736,2,glioma,107747,5
737,2,glioma,107747,5
738,2,glioma,107747,5
739,2,glioma,107747,5
740,2,glioma,112105,4
741,2,glioma,112105,4
742,2,glioma,112105,4
743,2,glioma,112105,4
744,2,glioma,112105,4
745,2,glioma,112105,4
746,2,glioma,112105,4
747,2,glioma,100820,3
748,2,glioma,100820,3
749,2,glioma,100820,3
750,2,glioma,100820,3
751,2,glioma,100820,3
752,2,glioma,100820,3
753,2,glioma,101020,3
754,2,glioma,101020,3
755,2,glioma,101020,3
756,2,glioma,101020,3
757,2,glioma,101020,3
758,2,glioma,101020,3
759,2,glioma,101020,3
760,2,glioma,101020,3
761,2,glioma,102075,5
762,2,glioma,102075,5
763,2,glioma,102075,5
764,2,glioma,103148,1
765,2,glioma,103148,1
766,2,glioma,103148,1
767,2,glioma,103148,1
768,2,glioma,106494,5
769,2,glioma,106494,5
770,2,glioma,106494,5
771,2,glioma,106494,5
772,2,glioma,106494,5
773,2,glioma,107747,5
774,2,glioma,107747,5
775,2,glioma,107747,5
776,2,glioma,107747,5
777,2,glioma,107747,5
778,2,glioma,107747,5
779,2,glioma,112027,3
780,2,glioma,112027,3
781,2,glioma,112105,4
782,2,glioma,112105,4
783,2,glioma,112105,4
784,2,glioma,112105,4
785,2,glioma,112105,4
786,2,glioma,112105,4
787,2,glioma,112105,4
788,2,glioma,112105,4
789,2,glioma,112105,4
790,2,glioma,112105,4
791,2,glioma,112105,4
792,2,glioma,88670,4
793,2,glioma,88670,4
794,2,glioma,88670,4
795,2,glioma,88670,4
796,2,glioma,88670,4
797,2,glioma,88670,4
798,2,glioma,88670,4
799,2,glioma,90284,2
800,2,glioma,90284,2
801,2,glioma,90284,2
802,2,glioma,90284,2
803,2,glioma,90284,2
804,2,glioma,90284,2
805,2,glioma,90284,2
806,2,glioma,90284,2
807,2,glioma,92897,3
808,2,glioma,92897,3
809,2,glioma,93825,1
810,2,glioma,93825,1
811,2,glioma,93825,1
812,2,glioma,97609,2
813,2,glioma,97609,2
814,2,glioma,97609,2
815,2,glioma,97609,2
816,2,glioma,97609,2
817,2,glioma,97609,2
818,2,glioma,100416,3
819,2,glioma,100416,3
820,2,glioma,100416,3
821,2,glioma,100416,3
822,2,glioma,100820,3
823,2,glioma,100820,3
824,2,glioma,100820,3
825,2,glioma,100820,3
826,2,glioma,100820,3
827,2,glioma,100820,3
828,2,glioma,101020,3
829,2,glioma,101020,3
830,2,glioma,101020,3
831,2,glioma,101020,3
832,2,glioma,101020,3
833,2,glioma,101020,3
834,2,glioma,101384,1
835,2,glioma,101384,1
836,2,glioma,101384,1
837,2,glioma,102075,5
838,2,glioma,102075,5
839,2,glioma,102075,5
840,2,glioma,103148,1
841,2,glioma,103148,1
842,2,glioma,103148,1
843,2,glioma,103148,1
844,2,glioma,105653,2
845,2,glioma,105653,2
846,2,glioma,106494,5
847,2,glioma,106494,5
848,2,glioma,106494,5
849,2,glioma,106494,5
850,2,glioma,106494,5
851,2,glioma,106494,5
852,2,glioma,106494,5
853,2,glioma,107747,5
854,2,glioma,107747,5
855,2,glioma,107747,5
856,2,glioma,107747,5
857,2,glioma,108479,1
858,2,glioma,108479,1
859,2,glioma,112105,4
860,2,glioma,112105,4
861,2,glioma,112105,4
862,2,glioma,112105,4
863,2,glioma,112105,4
864,2,glioma,112105,4
865,2,glioma,88670,4
866,2,glioma,88670,4
867,2,glioma,88670,4
868,2,glioma,88670,4
869,2,glioma,88670,4
870,2,glioma,90284,2
871,2,glioma,90284,2
872,2,glioma,90284,2
873,2,glioma,90284,2
874,2,glioma,90284,2
875,2,glioma,90284,2
876,2,glioma,90284,2
877,2,glioma,90284,2
878,2,glioma,90284,2
879,2,glioma,90284,2
880,2,glioma,90284,2
881,2,glioma,92897,3
882,2,glioma,92897,3
883,2,glioma,93329,3
884,2,glioma,93329,3
885,2,glioma,93329,3
886,2,glioma,93329,3
887,2,glioma,93329,3
888,2,glioma,93825,1
889,2,glioma,93825,1
890,2,glioma,93825,1
891,2,glioma,93825,1
892,2,glioma,94731,3
893,2,glioma,94731,3
894,2,glioma,94731,3
895,2,glioma,95142,2
896,2,glioma,95142,2
897,2,glioma,95142,2
898,2,glioma,95142,2
899,2,glioma,95142,2
900,2,glioma,95142,2
901,2,glioma,95142,2
902,2,glioma,95142,2
903,2,glioma,95142,2
904,2,glioma,96587,3
905,2,glioma,96587,3
906,2,glioma,96587,3
907,2,glioma,96587,3
908,2,glioma,97609,2
909,2,glioma,97609,2
910,2,glioma,97609,2
911,2,glioma,97609,2
912,2,glioma,98889,2
913,2,glioma,98889,2
914,2,glioma,98889,2
915,2,glioma,98889,2
916,2,glioma,98889,2
917,2,glioma,98889,2
918,3,pituitary,105936,5
919,3,pituitary,105936,5
920,3,pituitary,105936,5
921,3,pituitary,105936,5
922,3,pituitary,106062,3
923,3,pituitary,106062,3
924,3,pituitary,106062,3
925,3,pituitary,106062,3
926,3,pituitary,107495,3
927,3,pituitary,107495,3
928,3,pituitary,107495,3
929,3,pituitary,107495,3
930,3,pituitary,107495,3
931,3,pituitary,107495,3
932,3,pituitary,107495,3
933,3,pituitary,107429,1
934,3,pituitary,107429,1
935,3,pituitary,107429,1
936,3,pituitary,107429,1
937,3,pituitary,107429,1
938,3,pituitary,107429,1
939,3,pituitary,107505,5
940,3,pituitary,107505,5
941,3,pituitary,107505,5
942,3,pituitary,107505,5
943,3,pituitary,107505,5
944,3,pituitary,107505,5
945,3,pituitary,107505,5
946,3,pituitary,107743,5
947,3,pituitary,107743,5
948,3,pituitary,107743,5
949,3,pituitary,107743,5
950,3,pituitary,108858,1
951,3,pituitary,108858,1
952,3,pituitary,108858,1
953,3,pituitary,108858,1
954,3,pituitary,108858,1
955,3,pituitary,108931,4
956,3,pituitary,108931,4
957,3,pituitary,108931,4
958,3,pituitary,109471,3
959,3,pituitary,109471,3
960,3,pituitary,109471,3
961,3,pituitary,109471,3
962,3,pituitary,109769,2
963,3,pituitary,109769,2
964,3,pituitary,109769,2
965,3,pituitary,109769,2
966,3,pituitary,109898,3
967,3,pituitary,109898,3
968,3,pituitary,109898,3
969,3,pituitary,109898,3
970,3,pituitary,109898,3
971,3,pituitary,109898,3
972,3,pituitary,110518,2
973,3,pituitary,110518,2
974,3,pituitary,110537,5
975,3,pituitary,110537,5
976,3,pituitary,110993,4
977,3,pituitary,110993,4
978,3,pituitary,110993,4
979,3,pituitary,110993,4
980,3,pituitary,111075,2
981,3,pituitary,111075,2
982,3,pituitary,111075,2
983,3,pituitary,111075,2
984,3,pituitary,111075,2
985,3,pituitary,111075,2
986,3,pituitary,111125,5
987,3,pituitary,111125,5
988,3,pituitary,111125,5
989,3,pituitary,111125,5
990,3,pituitary,111785,5
991,3,pituitary,111785,5
992,3,pituitary,111785,5
993,3,pituitary,111785,5
994,3,pituitary,112074,1
995,3,pituitary,112074,1
996,3,pituitary,112074,1
997,3,pituitary,112074,1
998,3,pituitary,112649,5
999,3,pituitary,112649,5
1000,3,pituitary,112649,5
1001,3,pituitary,112649,5
1002,3,pituitary,112649,5
1003,3,pituitary,112746,1
1004,3,pituitary,112746,1
1005,3,pituitary,112746,1
1006,3,pituitary,112847,5
1007,3,pituitary,112847,5
1008,3,pituitary,112847,5
1009,3,pituitary,112847,5
1010,3,pituitary,113274,3
1011,3,pituitary,113274,3
1012,3,pituitary,113274,3
1013,3,pituitary,113741,3
1014,3,pituitary,113741,3
1015,3,pituitary,114040,4
1016,3,pituitary,114040,4
1017,3,pituitary,114040,4
1018,3,pituitary,114361,4
1019,3,pituitary,114361,4
1020,3,pituitary,114361,4
1021,3,pituitary,114094,1
1022,3,pituitary,114094,1
1023,3,pituitary,114094,1
1024,3,pituitary,114094,1
1025,3,pituitary,101017,2
1026,3,pituitary,101017,2
1027,3,pituitary,101017,2
1028,3,pituitary,101017,2
1029,3,pituitary,101017,2
1030,3,pituitary,101029,1
1031,3,pituitary,101029,1
1032,3,pituitary,101029,1
1033,3,pituitary,101029,1
1034,3,pituitary,105936,5
1035,3,pituitary,106062,3
1036,3,pituitary,106062,3
1037,3,pituitary,106062,3
1038,3,pituitary,106062,3
1039,3,pituitary,106062,3
1040,3,pituitary,106062,3
1041,3,pituitary,106062,3
1042,3,pituitary,107495,3
1043,3,pituitary,107495,3
1044,3,pituitary,107495,3
1045,3,pituitary,107495,3
1046,3,pituitary,107495,3
1047,3,pituitary,107429,1
1048,3,pituitary,107429,1
1049,3,pituitary,107429,1
1050,3,pituitary,107429,1
1051,3,pituitary,107429,1
1052,3,pituitary,107429,1
1053,3,pituitary,107429,1
1054,3,pituitary,107505,5
1055,3,pituitary,107505,5
1056,3,pituitary,107505,5
1057,3,pituitary,107505,5
1058,3,pituitary,107505,5
1059,3,pituitary,107743,5
1060,3,pituitary,107743,5
1061,3,pituitary,107743,5
1062,3,pituitary,107743,5
1063,3,pituitary,107743,5
1064,3,pituitary,107743,5
1065,3,pituitary,108858,1
1066,3,pituitary,108858,1
1067,3,pituitary,108858,1
1068,3,pituitary,108858,1
1069,3,pituitary,108858,1
1070,3,pituitary,108931,4
1071,3,pituitary,108931,4
1072,3,pituitary,108931,4
1073,3,pituitary,108931,4
1074,3,pituitary,108931,4
1075,3,pituitary,108931,4
1076,3,pituitary,108931,4
1077,3,pituitary,109471,3
1078,3,pituitary,109471,3
1079,3,pituitary,109471,3
1080,3,pituitary,109471,3
1081,3,pituitary,109471,3
1082,3,pituitary,109471,3
1083,3,pituitary,109769,2
1084,3,pituitary,109769,2
1085,3,pituitary,109769,2
1086,3,pituitary,109769,2
1087,3,pituitary,109769,2
1088,3,pituitary,109898,3
1089,3,pituitary,109898,3
1090,3,pituitary,109898,3
1091,3,pituitary,109898,3
1092,3,pituitary,109898,3
1093,3,pituitary,109898,3
1094,3,pituitary,110518,2
1095,3,pituitary,110518,2
1096,3,pituitary,110518,2
1097,3,pituitary,110518,2
1098,3,pituitary,110518,2
1099,3,pituitary,110518,2
1100,3,pituitary,110537,5
1101,3,pituitary,110537,5
1102,3,pituitary,110537,5
1103,3,pituitary,110537,5
1104,3,pituitary,110537,5
1105,3,pituitary,110537,5
1106,3,pituitary,110537,5
1107,3,pituitary,110993,4
1108,3,pituitary,110993,4
1109,3,pituitary,110993,4
1110,3,pituitary,110993,4
1111,3,pituitary,110993,4
1112,3,pituitary,111075,2
1113,3,pituitary,111075,2
1114,3,pituitary,111075,2
1115,3,pituitary,111075,2
1116,3,pituitary,111075,2
1117,3,pituitary,111075,2
1118,3,pituitary,111125,5
1119,3,pituitary,111125,5
1120,3,pituitary,111125,5
1121,3,pituitary,111125,5
1122,3,pituitary,111125,5
1123,3,pituitary,111125,5
1124,3,pituitary,111785,5
1125,3,pituitary,111785,5
1126,3,pituitary,111785,5
1127,3,pituitary,111785,5
1128,3,pituitary,111785,5
1129,3,pituitary,112074,1
1130,3,pituitary,112074,1
1131,3,pituitary,112074,1
1132,3,pituitary,112074,1
1133,3,pituitary,112074,1
1134,3,pituitary,112649,5
1135,3,pituitary,112649,5
1136,3,pituitary,112649,5
1137,3,pituitary,112649,5
1138,3,pituitary,112649,5
1139,3,pituitary,112649,5
1140,3,pituitary,112746,1
1141,3,pituitary,112746,1
1142,3,pituitary,112746,1
1143,3,pituitary,112746,1
1144,3,pituitary,112847,5
1145,3,pituitary,112847,5
1146,3,pituitary,112847,5
1147,3,pituitary,112847,5
1148,3,pituitary,113274,3
1149,3,pituitary,113274,3
1150,3,pituitary,113274,3
1151,3,pituitary,113741,3
1152,3,pituitary,113741,3
1153,3,pituitary,113741,3
1154,3,pituitary,114040,4
1155,3,pituitary,114040,4
1156,3,pituitary,114040,4
1157,3,pituitary,114361,4
1158,3,pituitary,114361,4
1159,3,pituitary,114361,4
1160,3,pituitary,114361,4
1161,3,pituitary,114094,1
1162,3,pituitary,114094,1
1163,3,pituitary,114094,1
1164,3,pituitary,114094,1
1165,3,pituitary,114094,1
1166,3,pituitary,105936,5
1167,3,pituitary,105936,5
1168,3,pituitary,105936,5
1169,3,pituitary,106062,3
1170,3,pituitary,106062,3
1171,3,pituitary,106062,3
1172,3,pituitary,106062,3
1173,3,pituitary,106062,3
1174,3,pituitary,106062,3
1175,3,pituitary,106062,3
1176,3,pituitary,107495,3
1177,3,pituitary,107495,3
1178,3,pituitary,107495,3
1179,3,pituitary,107495,3
1180,3,pituitary,107495,3
1181,3,pituitary,107495,3
1182,3,pituitary,107429,1
1183,3,pituitary,107429,1
1184,3,pituitary,107429,1
1185,3,pituitary,107429,1
1186,3,pituitary,107429,1
1187,3,pituitary,107429,1
1188,3,pituitary,107429,1
1189,3,pituitary,107505,5
1190,3,pituitary,107505,5
1191,3,pituitary,107505,5
1192,3,pituitary,107505,5
1193,3,pituitary,107505,5
1194,3,pituitary,107743,5
1195,3,pituitary,107743,5
1196,3,pituitary,107743,5
1197,3,pituitary,107743,5
1198,3,pituitary,108858,1
1199,3,pituitary,108858,1
1200,3,pituitary,108858,1
1201,3,pituitary,108858,1
1202,3,pituitary,108858,1
1203,3,pituitary,108931,4
1204,3,pituitary,108931,4
1205,3,pituitary,108931,4
1206,3,pituitary,108931,4
1207,3,pituitary,108931,4
1208,3,pituitary,109471,3
1209,3,pituitary,109471,3
1210,3,pituitary,109471,3
1211,3,pituitary,109471,3
1212,3,pituitary,109471,3
1213,3,pituitary,109471,3
1214,3,pituitary,109769,2
1215,3,pituitary,109769,2
1216,3,pituitary,109769,2
1217,3,pituitary,109769,2
1218,3,pituitary,109769,2
1219,3,pituitary,109898,3
1220,3,pituitary,109898,3
1221,3,pituitary,109898,3
1222,3,pituitary,110518,2
1223,3,pituitary,110518,2
1224,3,pituitary,110518,2
1225,3,pituitary,110518,2
1226,3,pituitary,110537,5
1227,3,pituitary,110537,5
1228,3,pituitary,110537,5
1229,3,pituitary,110537,5
1230,3,pituitary,110993,4
1231,3,pituitary,110993,4
1232,3,pituitary,110993,4
1233,3,pituitary,111075,2
1234,3,pituitary,111075,2
1235,3,pituitary,111075,2
1236,3,pituitary,111075,2
1237,3,pituitary,111075,2
1238,3,pituitary,111125,5
1239,3,pituitary,111125,5
1240,3,pituitary,111125,5
1241,3,pituitary,111125,5
1242,3,pituitary,111785,5
1243,3,pituitary,111785,5
1244,3,pituitary,111785,5
1245,3,pituitary,111785,5
1246,3,pituitary,112074,1
1247,3,pituitary,112074,1
1248,3,pituitary,112074,1
1249,3,pituitary,112074,1
1250,3,pituitary,112074,1
1251,3,pituitary,112649,5
1252,3,pituitary,112649,5
1253,3,pituitary,112649,5
1254,3,pituitary,112649,5
1255,3,pituitary,112649,5
1256,3,pituitary,112746,1
1257,3,pituitary,112746,1
1258,3,pituitary,112746,1
1259,3,pituitary,112746,1
1260,3,pituitary,112746,1
1261,3,pituitary,112847,5
1262,3,pituitary,112847,5
1263,3,pituitary,112847,5
1264,3,pituitary,112847,5
1265,3,pituitary,112847,5
1266,3,pituitary,113274,3
1267,3,pituitary,113274,3
1268,3,pituitary,113274,3
1269,3,pituitary,113274,3
1270,3,pituitary,113741,3
1271,3,pituitary,113741,3
1272,3,pituitary,113741,3
1273,3,pituitary,114040,4
1274,3,pituitary,114040,4
1275,3,pituitary,114040,4
1276,3,pituitary,114361,4
1277,3,pituitary,114361,4
1278,3,pituitary,114361,4
1279,3,pituitary,114094,1
1280,3,pituitary,114094,1
1281,3,pituitary,114094,1
1282,3,pituitary,114094,1
1283,3,pituitary,101029,1
1284,3,pituitary,101029,1
1285,3,pituitary,101145,2
1286,3,pituitary,101145,2
1287,3,pituitary,101145,2
1288,3,pituitary,101145,2
1289,3,pituitary,101305,3
1290,3,pituitary,101305,3
1291,3,pituitary,101305,3
1292,3,pituitary,101305,3
1293,3,pituitary,101724,2
1294,3,pituitary,101724,2
1295,3,pituitary,102648,2
1296,3,pituitary,102648,2
1297,3,pituitary,102648,2
1298,3,pituitary,102648,2
1299,3,pituitary,102648,2
1300,3,pituitary,102648,2
1301,3,pituitary,103046,2
1302,3,pituitary,103046,2
1303,3,pituitary,103046,2
1304,3,pituitary,103257,4
1305,3,pituitary,103257,4
1306,3,pituitary,103257,4
1307,3,pituitary,103257,4
1308,3,pituitary,103257,4
1309,3,pituitary,103257,4
1310,3,pituitary,103478,5
1311,3,pituitary,103478,5
1312,3,pituitary,103478,5
1313,3,pituitary,103478,5
1314,3,pituitary,103478,5
1315,3,pituitary,103478,5
1316,3,pituitary,103478,5
1317,3,pituitary,103582,3
1318,3,pituitary,103582,3
1319,3,pituitary,103582,3
1320,3,pituitary,103582,3
1321,3,pituitary,103582,3
1322,3,pituitary,103582,3
1323,3,pituitary,103670,5
1324,3,pituitary,103670,5
1325,3,pituitary,103670,5
1326,3,pituitary,103671,1
1327,3,pituitary,103671,1
1328,3,pituitary,103671,1
1329,3,pituitary,103671,1
1330,3,pituitary,103731,4
1331,3,pituitary,103731,4
1332,3,pituitary,103731,4
1333,3,pituitary,103731,4
1334,3,pituitary,103731,4
1335,3,pituitary,103731,4
1336,3,pituitary,103731,4
1337,3,pituitary,103731,4
1338,3,pituitary,103731,4
1339,3,pituitary,103731,4
1340,3,pituitary,103837,2
1341,3,pituitary,103837,2
1342,3,pituitary,103837,2
1343,3,pituitary,103837,2
1344,3,pituitary,103837,2
1345,3,pituitary,103837,2
1346,3,pituitary,103837,2
1347,3,pituitary,103837,2
1348,3,pituitary,104019,4
1349,3,pituitary,104019,4
1350,3,pituitary,104019,4
1351,3,pituitary,104019,4
1352,3,pituitary,104558,2
1353,3,pituitary,104558,2
1354,3,pituitary,104558,2
1355,3,pituitary,104558,2
1356,3,pituitary,104558,2
1357,3,pituitary,104558,2
1358,3,pituitary,104558,2
1359,3,pituitary,104558,2
1360,3,pituitary,104684,3
1361,3,pituitary,104684,3
1362,3,pituitary,104684,3
1363,3,pituitary,104684,3
1364,3,pituitary,104684,3
1365,3,pituitary,104684,3
1366,3,pituitary,104684,3
1367,3,pituitary,104684,3
1368,3,pituitary,104684,3
1369,3,pituitary,104912,5
1370,3,pituitary,104912,5
1371,3,pituitary,104912,5
1372,3,pituitary,104912,5
1373,3,pituitary,104912,5
1374,3,pituitary,105187,1
1375,3,pituitary,105187,1
1376,3,pituitary,105187,1
1377,3,pituitary,105187,1
1378,3,pituitary,105475,1
1379,3,pituitary,105475,1
1380,3,pituitary,105538,4
1381,3,pituitary,105538,4
1382,3,pituitary,105538,4
1383,3,pituitary,105638,4
1384,3,pituitary,105638,4
1385,3,pituitary,105638,4
1386,3,pituitary,97416,4
1387,3,pituitary,97416,4
1388,3,pituitary,97416,4
1389,3,pituitary,97416,4
1390,3,pituitary,97416,4
1391,3,pituitary,97416,4
1392,3,pituitary,97416,4
1393,3,pituitary,97416,4
1394,3,pituitary,97416,4
1395,3,pituitary,97461,3
1396,3,pituitary,97461,3
1397,3,pituitary,97461,3
1398,3,pituitary,97461,3
1399,3,pituitary,97461,3
1400,3,pituitary,97461,3
1401,3,pituitary,97461,3
1402,3,pituitary,97461,3
1403,3,pituitary,97461,3
1404,3,pituitary,97481,2
1405,3,pituitary,97481,2
1406,3,pituitary,97481,2
1407,3,pituitary,97481,2
1408,3,pituitary,97599,2
1409,3,pituitary,97599,2
1410,3,pituitary,97890,1
1411,3,pituitary,97890,1
1412,3,pituitary,97890,1
1413,3,pituitary,97890,1
1414,3,pituitary,98472,3
1415,3,pituitary,98472,3
1416,3,pituitary,98472,3
1417,3,pituitary,98472,3
1418,3,pituitary,98472,3
1419,3,pituitary,98472,3
1420,3,pituitary,98472,3
1421,3,pituitary,98652,3
1422,3,pituitary,98652,3
1423,3,pituitary,98652,3
1424,3,pituitary,98871,4
1425,3,pituitary,98871,4
1426,3,pituitary,98871,4
1427,3,pituitary,98871,4
1428,3,pituitary,98871,4
1429,3,pituitary,98871,4
1430,3,pituitary,98874,1
1431,3,pituitary,98874,1
1432,3,pituitary,98874,1
1433,3,pituitary,98874,1
1434,3,pituitary,98874,1
1435,3,pituitary,98992,5
1436,3,pituitary,98992,5
1437,3,pituitary,98992,5
1438,3,pituitary,98992,5
1439,3,pituitary,98992,5
1440,3,pituitary,98992,5
1441,3,pituitary,98992,5
1442,3,pituitary,98995,4
1443,3,pituitary,98995,4
1444,3,pituitary,98995,4
1445,3,pituitary,98995,4
1446,3,pituitary,98995,4
1447,3,pituitary,99223,1
1448,3,pituitary,99223,1
1449,3,pituitary,99223,1
1450,3,pituitary,99223,1
1451,3,pituitary,99223,1
1452,3,pituitary,99223,1
1453,3,pituitary,99223,1
1454,3,pituitary,99223,1
1455,3,pituitary,99223,1
1456,3,pituitary,101017,2
1457,3,pituitary,101017,2
1458,3,pituitary,101017,2
1459,3,pituitary,101017,2
1460,3,pituitary,101017,2
1461,3,pituitary,101017,2
1462,3,pituitary,101029,1
1463,3,pituitary,101029,1
1464,3,pituitary,101029,1
1465,3,pituitary,101029,1
1466,3,pituitary,101029,1
1467,3,pituitary,101029,1
1468,3,pituitary,101145,2
1469,3,pituitary,101145,2
1470,3,pituitary,101145,2
1471,3,pituitary,101145,2
1472,3,pituitary,101305,3
1473,3,pituitary,101305,3
1474,3,pituitary,101305,3
1475,3,pituitary,101305,3
1476,3,pituitary,101305,3
1477,3,pituitary,101305,3
1478,3,pituitary,101305,3
1479,3,pituitary,101305,3
1480,3,pituitary,101724,2
1481,3,pituitary,101724,2
1482,3,pituitary,101724,2
1483,3,pituitary,102648,2
1484,3,pituitary,102648,2
1485,3,pituitary,102648,2
1486,3,pituitary,102648,2
1487,3,pituitary,102669,5
1488,3,pituitary,102669,5
1489,3,pituitary,103046,2
1490,3,pituitary,103046,2
1491,3,pituitary,103046,2
1492,3,pituitary,103046,2
1493,3,pituitary,103257,4
1494,3,pituitary,103257,4
1495,3,pituitary,103257,4
1496,3,pituitary,103257,4
1497,3,pituitary,103257,4
1498,3,pituitary,103478,5
1499,3,pituitary,103478,5
1500,3,pituitary,103478,5
1501,3,pituitary,103478,5
1502,3,pituitary,103478,5
1503,3,pituitary,103478,5
1504,3,pituitary,103478,5
1505,3,pituitary,103478,5
1506,3,pituitary,103582,3
1507,3,pituitary,103582,3
1508,3,pituitary,103582,3
1509,3,pituitary,103582,3
1510,3,pituitary,103582,3
1511,3,pituitary,103670,5
1512,3,pituitary,103670,5
1513,3,pituitary,103670,5
1514,3,pituitary,103670,5
1515,3,pituitary,103671,1
1516,3,pituitary,103671,1
1517,3,pituitary,103671,1
1518,3,pituitary,103671,1
1519,3,pituitary,103671,1
1520,3,pituitary,103671,1
1521,3,pituitary,103731,4
1522,3,pituitary,103731,4
1523,3,pituitary,103731,4
1524,3,pituitary,103731,4
1525,3,pituitary,103731,4
1526,3,pituitary,103731,4
1527,3,pituitary,103731,4
1528,3,pituitary,103837,2
1529,3,pituitary,103837,2
1530,3,pituitary,103837,2
1531,3,pituitary,103837,2
1532,3,pituitary,103837,2
1533,3,pituitary,104019,4
1534,3,pituitary,104019,4
1535,3,pituitary,104019,4
1536,3,pituitary,104019,4
1537,3,pituitary,104019,4
1538,3,pituitary,104558,2
1539,3,pituitary,104558,2
1540,3,pituitary,104558,2
1541,3,pituitary,104558,2
1542,3,pituitary,104558,2
1543,3,pituitary,104558,2
1544,3,pituitary,104558,2
1545,3,pituitary,104684,3
1546,3,pituitary,104684,3
1547,3,pituitary,104684,3
1548,3,pituitary,104684,3
1549,3,pituitary,104684,3
1550,3,pituitary,104684,3
1551,3,pituitary,104684,3
1552,3,pituitary,104912,5
1553,3,pituitary,104912,5
1554,3,pituitary,104912,5
1555,3,pituitary,104912,5
1556,3,pituitary,104912,5
1557,3,pituitary,105187,1
1558,3,pituitary,105187,1
1559,3,pituitary,105187,1
1560,3,pituitary,105187,1
1561,3,pituitary,105187,1
1562,3,pituitary,105187,1
1563,3,pituitary,105475,1
1564,3,pituitary,105475,1
1565,3,pituitary,105475,1
1566,3,pituitary,105538,4
1567,3,pituitary,105538,4
1568,3,pituitary,105638,4
1569,3,pituitary,105638,4
1570,3,pituitary,105638,4
1571,3,pituitary,105638,4
1572,3,pituitary,105638,4
1573,3,pituitary,97416,4
1574,3,pituitary,97416,4
1575,3,pituitary,97416,4
1576,3,pituitary,97416,4
1577,3,pituitary,97416,4
1578,3,pituitary,97416,4
1579,3,pituitary,97416,4
1580,3,pituitary,97416,4
1581,3,pituitary,97461,3
1582,3,pituitary,97461,3
1583,3,pituitary,97461,3
1584,3,pituitary,97461,3
1585,3,pituitary,97461,3
1586,3,pituitary,97461,3
1587,3,pituitary,97461,3
1588,3,pituitary,97461,3
1589,3,pituitary,97481,2
1590,3,pituitary,97481,2
1591,3,pituitary,97481,2
1592,3,pituitary,97481,2
1593,3,pituitary,97481,2
1594,3,pituitary,97599,2
1595,3,pituitary,97599,2
1596,3,pituitary,97890,1
1597,3,pituitary,97890,1
1598,3,pituitary,97890,1
1599,3,pituitary,97890,1
1600,3,pituitary,98472,3
1601,3,pituitary,98472,3
1602,3,pituitary,98472,3
1603,3,pituitary,98472,3
1604,3,pituitary,98472,3
1605,3,pituitary,98652,3
1606,3,pituitary,98652,3
1607,3,pituitary,98652,3
1608,3,pituitary,98652,3
1609,3,pituitary,98871,4
1610,3,pituitary,98871,4
1611,3,pituitary,98871,4
1612,3,pituitary,98871,4
1613,3,pituitary,98871,4
1614,3,pituitary,98871,4
1615,3,pituitary,98871,4
1616,3,pituitary,98874,1
1617,3,pituitary,98874,1
1618,3,pituitary,98874,1
1619,3,pituitary,98874,1
1620,3,pituitary,98874,1
1621,3,pituitary,98992,5
1622,3,pituitary,98992,5
1623,3,pituitary,98992,5
1624,3,pituitary,98992,5
1625,3,pituitary,98992,5
1626,3,pituitary,98992,5
1627,3,pituitary,98992,5
1628,3,pituitary,98995,4
1629,3,pituitary,98995,4
1630,3,pituitary,98995,4
1631,3,pituitary,98995,4
1632,3,pituitary,98995,4
1633,3,pituitary,98995,4
1634,3,pituitary,99223,1
1635,3,pituitary,99223,1
1636,3,pituitary,99223,1
1637,3,pituitary,99223,1
1638,3,pituitary,99223,1
1639,3,pituitary,99223,1
1640,3,pituitary,101017,2
1641,3,pituitary,101017,2
1642,3,pituitary,101017,2
1643,3,pituitary,101017,2
1644,3,pituitary,101029,1
1645,3,pituitary,101029,1
1646,3,pituitary,101029,1
1647,3,pituitary,101029,1
1648,3,pituitary,101029,1
1649,3,pituitary,101029,1
1650,3,pituitary,101029,1
1651,3,pituitary,101145,2
1652,3,pituitary,101145,2
1653,3,pituitary,101145,2
1654,3,pituitary,101145,2
1655,3,pituitary,101305,3
1656,3,pituitary,101305,3
1657,3,pituitary,101305,3
1658,3,pituitary,101305,3
1659,3,pituitary,101724,2
1660,3,pituitary,101724,2
1661,3,pituitary,101724,2
1662,3,pituitary,101724,2
1663,3,pituitary,101724,2
1664,3,pituitary,101724,2
1665,3,pituitary,102648,2
1666,3,pituitary,102648,2
1667,3,pituitary,102648,2
1668,3,pituitary,102648,2
1669,3,pituitary,102648,2
1670,3,pituitary,102648,2
1671,3,pituitary,102648,2
1672,3,pituitary,102669,5
1673,3,pituitary,103046,2
1674,3,pituitary,103046,2
1675,3,pituitary,103046,2
1676,3,pituitary,103046,2
1677,3,pituitary,103257,4
1678,3,pituitary,103257,4
1679,3,pituitary,103257,4
1680,3,pituitary,103257,4
1681,3,pituitary,103257,4
1682,3,pituitary,103257,4
1683,3,pituitary,103257,4
1684,3,pituitary,103478,5
1685,3,pituitary,103478,5
1686,3,pituitary,103478,5
1687,3,pituitary,103478,5
1688,3,pituitary,103478,5
1689,3,pituitary,103478,5
1690,3,pituitary,103478,5
1691,3,pituitary,103478,5
1692,3,pituitary,103582,3
1693,3,pituitary,103582,3
1694,3,pituitary,103582,3
1695,3,pituitary,103582,3
1696,3,pituitary,103582,3
1697,3,pituitary,103582,3
1698,3,pituitary,103582,3
1699,3,pituitary,103582,3
1700,3,pituitary,103670,5
1701,3,pituitary,103670,5
1702,3,pituitary,103670,5
1703,3,pituitary,103670,5
1704,3,pituitary,103671,1
1705,3,pituitary,103671,1
1706,3,pituitary,103671,1
1707,3,pituitary,103671,1
1708,3,pituitary,103671,1
1709,3,pituitary,103731,4
1710,3,pituitary,103731,4
1711,3,pituitary,103731,4
1712,3,pituitary,103731,4
1713,3,pituitary,103731,4
1714,3,pituitary,103837,2
1715,3,pituitary,103837,2
1716,3,pituitary,103837,2
1717,3,pituitary,103837,2
1718,3,pituitary,103837,2
1719,3,pituitary,103837,2
1720,3,pituitary,103837,2
1721,3,pituitary,104019,4
1722,3,pituitary,104019,4
1723,3,pituitary,104019,4
1724,3,pituitary,104019,4
1725,3,pituitary,104558,2
1726,3,pituitary,104558,2
1727,3,pituitary,104558,2
1728,3,pituitary,104558,2
1729,3,pituitary,104558,2
1730,3,pituitary,104558,2
1731,3,pituitary,104558,2
1732,3,pituitary,104558,2
1733,3,pituitary,104558,2
1734,3,pituitary,104684,3
1735,3,pituitary,104684,3
1736,3,pituitary,104684,3
1737,3,pituitary,104684,3
1738,3,pituitary,104684,3
1739,3,pituitary,104684,3
1740,3,pituitary,104684,3
1741,3,pituitary,104912,5
1742,3,pituitary,104912,5
1743,3,pituitary,104912,5
1744,3,pituitary,104912,5
1745,3,pituitary,104912,5
1746,3,pituitary,104912,5
1747,3,pituitary,104912,5
1748,3,pituitary,105187,1
1749,3,pituitary,105187,1
1750,3,pituitary,105187,1
1751,3,pituitary,105187,1
1752,3,pituitary,105187,1
1753,3,pituitary,105187,1
1754,3,pituitary,105475,1
1755,3,pituitary,105475,1
1756,3,pituitary,105475,1
1757,3,pituitary,105475,1
1758,3,pituitary,105475,1
1759,3,pituitary,105538,4
1760,3,pituitary,105538,4
1761,3,pituitary,105638,4
1762,3,pituitary,105638,4
1763,3,pituitary,105638,4
1764,3,pituitary,105638,4
1765,3,pituitary,105638,4
1766,3,pituitary,97416,4
1767,3,pituitary,97416,4
1768,3,pituitary,97416,4
1769,3,pituitary,97416,4
1770,3,pituitary,97416,4
1771,3,pituitary,97416,4
1772,3,pituitary,97416,4
1773,3,pituitary,97461,3
1774,3,pituitary,97461,3
1775,3,pituitary,97461,3
1776,3,pituitary,97461,3
1777,3,pituitary,97461,3
1778,3,pituitary,97461,3
1779,3,pituitary,97461,3
1780,3,pituitary,97461,3
1781,3,pituitary,97481,2
1782,3,pituitary,97481,2
1783,3,pituitary,97481,2
1784,3,pituitary,97481,2
1785,3,pituitary,97481,2
1786,3,pituitary,97599,2
1787,3,pituitary,97599,2
1788,3,pituitary,97599,2
1789,3,pituitary,97890,1
1790,3,pituitary,97890,1
1791,3,pituitary,97890,1
1792,3,pituitary,97890,1
1793,3,pituitary,97890,1
1794,3,pituitary,97890,1
1795,3,pituitary,98472,3
1796,3,pituitary,98472,3
1797,3,pituitary,98472,3
1798,3,pituitary,98472,3
1799,3,pituitary,98472,3
1800,3,pituitary,98472,3
1801,3,pituitary,98652,3
1802,3,pituitary,98652,3
1803,3,pituitary,98652,3
1804,3,pituitary,98652,3
1805,3,pituitary,98652,3
1806,3,pituitary,98871,4
1807,3,pituitary,98871,4
1808,3,pituitary,98871,4
1809,3,pituitary,98871,4
1810,3,pituitary,98871,4
1811,3,pituitary,98871,4
1812,3,pituitary,98871,4
1813,3,pituitary,98874,1
1814,3,pituitary,98874,1
1815,3,pituitary,98874,1
1816,3,pituitary,98874,1
1817,3,pituitary,98874,1
1818,3,pituitary,98874,1
1819,3,pituitary,98992,5
1820,3,pituitary,98992,5
1821,3,pituitary,98992,5
1822,3,pituitary,98992,5
1823,3,pituitary,98992,5
1824,3,pituitary,98992,5
1825,3,pituitary,98992,5
1826,3,pituitary,98992,5
1827,3,pituitary,98992,5
1828,3,pituitary,98992,5
1829,3,pituitary,98992,5
1830,3,pituitary,98995,4
1831,3,pituitary,98995,4
1832,3,pituitary,98995,4
1833,3,pituitary,98995,4
1834,3,pituitary,98995,4
1835,3,pituitary,99223,1
1836,3,pituitary,99223,1
1837,3,pituitary,99223,1
1838,3,pituitary,99223,1
1839,3,pituitary,99223,1
1840,3,pituitary,99223,1
1841,2,glioma,MR048294,1
1842,2,glioma,MR048294,1
1843,2,glioma,MR048294,1
1844,2,glioma,MR048294,1
1845,2,glioma,MR048294,1
1846,2,glioma,MR048294,1
1847,2,glioma,MR048294,1
1848,2,glioma,MR048294,1
1849,2,glioma,MR048297,1
1850,2,glioma,MR048297,1
1851,2,glioma,MR048297,1
1852,2,glioma,MR048297,1
1853,2,glioma,MR048294B,5
1854,2,glioma,MR048621B,5
1855,2,glioma,MR048621B,5
1856,2,glioma,MR048621B,5
1857,2,glioma,MR048621B,5
1858,2,glioma,MR048621B,5
1859,2,glioma,MR048621B,5
1860,2,glioma,MR048621B,5
1861,2,glioma,MR048621B,5
1862,2,glioma,MR048944,5
1863,2,glioma,MR048944,5
1864,2,glioma,MR048944,5
1865,2,glioma,MR048944,5
1866,2,glioma,MR048944,5
1867,2,glioma,MR048944,5
1868,2,glioma,MR048944,5
1869,2,glioma,MR048944,5
1870,2,glioma,MR048994,2
1871,2,glioma,MR048994,2
1872,2,glioma,MR048994,2
1873,2,glioma,MR048994,2
1874,2,glioma,MR048994,2
1875,2,glioma,MR048994,2
1876,2,glioma,MR048994,2
1877,2,glioma,MR048994,2
1878,2,glioma,MR048994,2
1879,2,glioma,MR049104,1
1880,2,glioma,MR049104,1
1881,2,glioma,MR049142,5
1882,2,glioma,MR049142,5
1883,2,glioma,MR049142,5
1884,2,glioma,MR049142,5
1885,2,glioma,MR048994B,4
1886,2,glioma,MR048994B,4
1887,2,glioma,MR048994B,4
1888,2,glioma,MR048994B,4
1889,2,glioma,MR048994B,4
1890,2,glioma,MR048994B,4
1891,2,glioma,MR048994B,4
1892,2,glioma,MR048994B,4
1893,2,glioma,MR048944B,5
1894,2,glioma,MR048944B,5
1895,2,glioma,MR048944B,5
1896,2,glioma,MR048944B,5
1897,2,glioma,MR048944B,5
1898,2,glioma,MR048944B,5
1899,2,glioma,MR049358,3
1900,2,glioma,MR049358,3
1901,2,glioma,MR049358,3
1902,2,glioma,MR049358,3
1903,2,glioma,MR049358,3
1904,2,glioma,MR049358,3
1905,2,glioma,MR049358,3
1906,2,glioma,MR049358,3
1907,2,glioma,MR049358,3
1908,2,glioma,MR049358,3
1909,2,glioma,MR049104B,3
1910,2,glioma,MR049104B,3
1911,2,glioma,MR049104B,3
1912,2,glioma,MR049104B,3
1913,2,glioma,MR049104B,3
1914,2,glioma,MR049453,2
1915,2,glioma,MR049453,2
1916,2,glioma,MR049453,2
1917,2,glioma,MR049453,2
1918,2,glioma,MR049453,2
1919,2,glioma,MR049453,2
1920,2,glioma,MR049453,2
1921,2,glioma,MR024780G,1
1922,2,glioma,MR024780G,1
1923,2,glioma,MR024780G,1
1924,2,glioma,MR024780G,1
1925,2,glioma,MR024780G,1
1926,2,glioma,MR024780G,1
1927,2,glioma,MR024780G,1
1928,2,glioma,MR024780G,1
1929,2,glioma,MR024780G,1
1930,2,glioma,MR024780G,1
1931,2,glioma,MR024780G,1
1932,2,glioma,MR024780G,1
1933,2,glioma,MR024780G,1
1934,2,glioma,MR024780G,1
1935,2,glioma,MR024780G,1
1936,2,glioma,MR024780G,1
1937,2,glioma,MR049453B,1
1938,2,glioma,MR049453B,1
1939,2,glioma,MR049453B,1
1940,2,glioma,MR049453B,1
1941,2,glioma,MR049453B,1
1942,2,glioma,MR049453B,1
1943,2,glioma,MR049453B,1
1944,2,glioma,MR049453B,1
1945,2,glioma,MR048294B,5
1946,2,glioma,MR048294B,5
1947,2,glioma,MR048294B,5
1948,2,glioma,MR048621B,5
1949,2,glioma,MR048621B,5
1950,2,glioma,MR050135B,2
1951,2,glioma,MR050135B,2
1952,2,glioma,MR050135B,2
1953,2,glioma,MR050135B,2
1954,2,glioma,MR050135B,2
1955,2,glioma,MR050135B,2
1956,2,glioma,MR050135B,2
1957,2,glioma,MR050135B,2
1958,2,glioma,MR050135B,2
1959,2,glioma,MR050135B,2
1960,2,glioma,MR050135B,2
1961,2,glioma,MR050135B,2
1962,2,glioma,MR050135B,2
1963,2,glioma,MR050135B,2
1964,2,glioma,MR050687,1
1965,2,glioma,MR050687,1
1966,2,glioma,MR050687,1
1967,2,glioma,MR050687,1
1968,2,glioma,MR050687,1
1969,2,glioma,MR050687,1
1970,2,glioma,MR050687,1
1971,2,glioma,MR050687,1
1972,2,glioma,MR050687,1
1973,2,glioma,MR050687,1
1974,2,glioma,MR050791B,4
1975,2,glioma,MR050791B,4
1976,2,glioma,MR050791B,4
1977,2,glioma,MR050791B,4
1978,2,glioma,MR050791B,4
1979,2,glioma,MR050791B,4
1980,2,glioma,MR050791B,4
1981,2,glioma,MR050791B,4
1982,2,glioma,MR050791B,4
1983,2,glioma,MR050791B,4
1984,2,glioma,MR049019C,4
1985,2,glioma,MR049019C,4
1986,2,glioma,MR049019C,4
1987,2,glioma,MR026175C,4
1988,2,glioma,MR026175C,4
1989,2,glioma,MR026175C,4
1990,2,glioma,MR026175C,4
1991,2,glioma,MR026175C,4
1992,2,glioma,MR026175C,4
1993,2,glioma,MR026175C,4
1994,2,glioma,MR026175C,4
1995,2,glioma,MR026175C,4
1996,2,glioma,MR026175C,4
1997,2,glioma,MR026175C,4
1998,2,glioma,MR051461,2
1999,2,glioma,MR051461,2
2000,2,glioma,MR051461,2
2001,2,glioma,MR051461,2
2002,2,glioma,MR051461,2
2003,2,glioma,MR051461,2
2004,2,glioma,MR051461,2
2005,2,glioma,MR051586,5
2006,2,glioma,MR051586,5
2007,2,glioma,MR051586,5
2008,2,glioma,MR051586,5
2009,2,glioma,MR051586,5
2010,2,glioma,MR051586,5
2011,2,glioma,MR051586,5
2012,2,glioma,MR051461B,4
2013,2,glioma,MR051461B,4
2014,2,glioma,MR051461B,4
2015,2,glioma,MR051461B,4
2016,2,glioma,MR051461B,4
2017,2,glioma,MR051644,4
2018,2,glioma,MR051644,4
2019,2,glioma,MR051644,4
2020,2,glioma,MR051644,4
2021,2,glioma,MR051644,4
2022,2,glioma,MR051644,4
2023,2,glioma,MR051644,4
2024,2,glioma,MR051644,4
2025,2,glioma,MR051644,4
2026,2,glioma,MR051644,4
2027,2,glioma,MR051644,4
2028,2,glioma,MR051644,4
2029,2,glioma,MR051644,4
2030,2,glioma,MR051644,4
2031,2,glioma,MR051644,4
2032,2,glioma,MR051651,1
2033,2,glioma,MR051651,1
2034,2,glioma,MR051651,1
2035,2,glioma,MR051651,1
2036,2,glioma,MR051651,1
2037,2,glioma,MR051651,1
2038,2,glioma,MR051796,4
2039,2,glioma,MR051796,4
2040,2,glioma,MR051796,4
2041,2,glioma,MR051796,4
2042,2,glioma,MR051796,4
2043,2,glioma,MR051796,4
2044,2,glioma,MR051796,4
2045,2,glioma,MR051651B,3
2046,2,glioma,MR051651B,3
2047,2,glioma,MR051651B,3
2048,2,glioma,MR051651B,3
2049,2,glioma,MR051651B,3
2050,2,glioma,MR051651B,3
2051,2,glioma,MR051644B,3
2052,2,glioma,MR051644B,3
2053,2,glioma,MR051644B,3
2054,2,glioma,MR051644B,3
2055,2,glioma,MR051644B,3
2056,2,glioma,MR051644B,3
2057,2,glioma,MR051644B,3
2058,2,glioma,MR051796B,5
2059,2,glioma,MR051796B,5
2060,2,glioma,MR051796B,5
2061,2,glioma,MR052550,1
2062,2,glioma,MR052550,1
2063,2,glioma,MR052550,1
2064,2,glioma,MR052550,1
2065,2,glioma,MR051644C,4
2066,2,glioma,MR051644C,4
2067,2,glioma,MR051644C,4
2068,2,glioma,MR051644C,4
2069,2,glioma,MR051644C,4
2070,2,glioma,MR051644C,4
2071,2,glioma,MR051644C,4
2072,2,glioma,MR051644C,4
2073,2,glioma,MR051644C,4
2074,2,glioma,MR051644C,4
2075,2,glioma,MR051644C,4
2076,2,glioma,MR051644C,4
2077,2,glioma,MR049942B,3
2078,2,glioma,MR049942B,3
2079,2,glioma,MR049942B,3
2080,2,glioma,MR052585B,5
2081,2,glioma,MR052585B,5
2082,2,glioma,MR052585B,5
2083,2,glioma,MR047953C,4
2084,2,glioma,MR047953C,4
2085,2,glioma,MR047953C,4
2086,2,glioma,MR047953C,4
2087,2,glioma,MR053110B,1
2088,2,glioma,MR053110B,1
2089,2,glioma,MR053110B,1
2090,2,glioma,MR053110B,1
2091,2,glioma,MR053110B,1
2092,2,glioma,MR053110B,1
2093,2,glioma,MR034694,2
2094,2,glioma,MR034694,2
2095,2,glioma,MR034694,2
2096,2,glioma,MR034694,2
2097,2,glioma,MR054683,4
2098,2,glioma,MR054683,4
2099,2,glioma,MR054683,4
2100,2,glioma,MR054875,1
2101,2,glioma,MR054875,1
2102,2,glioma,MR054875,1
2103,2,glioma,MR054875,1
2104,2,glioma,MR050687C,5
2105,2,glioma,MR050687C,5
2106,2,glioma,MR050687C,5
2107,2,glioma,MR050687C,5
2108,2,glioma,MR050687C,5
2109,2,glioma,MR056144,5
2110,2,glioma,MR056144,5
2111,2,glioma,MR056144,5
2112,2,glioma,MR034997,3
2113,2,glioma,MR034997,3
2114,2,glioma,MR034997,3
2115,2,glioma,MR034997,3
2116,2,glioma,MR034997,3
2117,2,glioma,MR034997,3
2118,2,glioma,MR034997,3
2119,2,glioma,MR029209E,5
2120,2,glioma,MR029209E,5
2121,2,glioma,MR029209E,5
2122,2,glioma,MR029209E,5
2123,2,glioma,MR029209E,5
2124,2,glioma,MR029209E,5
2125,2,glioma,MR029209E,5
2126,2,glioma,MR029209E,5
2127,2,glioma,MR029209E,5
2128,2,glioma,MR053110E,1
2129,2,glioma,MR053110E,1
2130,2,glioma,MR053110E,1
2131,2,glioma,MR053110E,1
2132,2,glioma,MR053110E,1
2133,2,glioma,MR053110E,1
2134,2,glioma,MR049019G,3
2135,2,glioma,MR049019G,3
2136,2,glioma,MR049019G,3
2137,2,glioma,MR049019G,3
2138,2,glioma,MR049019G,3
2139,2,glioma,MR049019G,3
2140,2,glioma,MR049019G,3
2141,2,glioma,MR031409B,2
2142,2,glioma,MR031409B,2
2143,2,glioma,MR031409B,2
2144,2,glioma,MR024780D,1
2145,2,glioma,MR024780D,1
2146,2,glioma,MR038469,3
2147,2,glioma,MR038469,3
2148,2,glioma,MR038469,3
2149,2,glioma,MR038469,3
2150,2,glioma,MR038469,3
2151,2,glioma,MR038469,3
2152,2,glioma,MR038469,3
2153,2,glioma,MR032322C,2
2154,2,glioma,MR032322C,2
2155,2,glioma,MR032322C,2
2156,2,glioma,MR032322C,2
2157,2,glioma,MR032322C,2
2158,2,glioma,MR032322C,2
2159,2,glioma,MR032322C,2
2160,2,glioma,MR032322C,2
2161,2,glioma,MR032322C,2
2162,2,glioma,MR032322C,2
2163,2,glioma,MR032322C,2
2164,2,glioma,MR032322C,2
2165,2,glioma,MR032322C,2
2166,2,glioma,MR037458B,2
2167,2,glioma,MR037458B,2
2168,2,glioma,MR037458B,2
2169,2,glioma,MR037458B,2
2170,2,glioma,MR037458B,2
2171,2,glioma,MR037458B,2
2172,2,glioma,MR037458B,2
2173,2,glioma,MR037458B,2
2174,2,glioma,MR039473,4
2175,2,glioma,MR039473,4
2176,2,glioma,MR039473,4
2177,2,glioma,MR039473,4
2178,2,glioma,MR039473,4
2179,2,glioma,MR039473B,2
2180,2,glioma,MR039473B,2
2181,2,glioma,MR039473B,2
2182,2,glioma,MR039473B,2
2183,2,glioma,MR039473B,2
2184,2,glioma,MR039473B,2
2185,2,glioma,MR039473B,2
2186,2,glioma,MR037458C,4
2187,2,glioma,MR037458C,4
2188,2,glioma,MR037458C,4
2189,2,glioma,MR037458C,4
2190,2,glioma,MR037458C,4
2191,2,glioma,MR037458C,4
2192,2,glioma,MR037458C,4
2193,2,glioma,MR037458C,4
2194,2,glioma,MR037458C,4
2195,2,glioma,MR037458C,4
2196,2,glioma,MR040240,5
2197,2,glioma,MR040240,5
2198,2,glioma,MR040240,5
2199,2,glioma,MR040240,5
2200,2,glioma,MR040240,5
2201,2,glioma,MR040240,5
2202,2,glioma,MR040240,5
2203,2,glioma,MR040240,5
2204,2,glioma,MR040240,5
2205,2,glioma,MR040240,5
2206,2,glioma,MR040240B,3
2207,2,glioma,MR040240B,3
2208,2,glioma,MR040240B,3
2209,2,glioma,MR040240B,3
2210,2,glioma,MR040240B,3
2211,2,glioma,MR040240B,3
2212,2,glioma,MR040240B,3
2213,2,glioma,MR040240B,3
2214,2,glioma,MR040240B,3
2215,2,glioma,MR040240B,3
2216,2,glioma,MR029209G,5
2217,2,glioma,MR029209G,5
2218,2,glioma,MR029209G,5
2219,2,glioma,MR029209G,5
2220,2,glioma,MR029209G,5
2221,2,glioma,MR029209G,5
2222,2,glioma,MR029209G,5
2223,2,glioma,MR029209G,5
2224,2,glioma,MR036496B,3
2225,2,glioma,MR036496B,3
2226,2,glioma,MR036496B,3
2227,2,glioma,MR036496B,3
2228,2,glioma,MR036496B,3
2229,2,glioma,MR036496B,3
2230,2,glioma,MR033420,5
2231,2,glioma,MR033420,5
2232,2,glioma,MR033420,5
2233,2,glioma,MR033420,5
2234,2,glioma,MR033420,5
2235,2,glioma,MR033420,5
2236,2,glioma,MR033420,5
2237,2,glioma,MR024780B,1
2238,2,glioma,MR024780B,1
2239,2,glioma,MR024780B,1
2240,2,glioma,MR024780B,1
2241,2,glioma,MR033389B,4
2242,2,glioma,MR048994,2
2243,2,glioma,MR048994,2
2244,2,glioma,MR049104,1
2245,2,glioma,MR049104,1
2246,2,glioma,MR049104,1
2247,2,glioma,MR049142,5
2248,2,glioma,MR049142,5
2249,2,glioma,MR049142,5
2250,2,glioma,MR048994B,4
2251,2,glioma,MR048994B,4
2252,2,glioma,MR048994B,4
2253,2,glioma,MR048994B,4
2254,2,glioma,MR048944B,5
2255,2,glioma,MR048944B,5
2256,2,glioma,MR048944B,5
2257,2,glioma,MR048944B,5
2258,2,glioma,MR048944B,5
2259,2,glioma,MR048944B,5
2260,2,glioma,MR048944B,5
2261,2,glioma,MR049358,3
2262,2,glioma,MR049358,3
2263,2,glioma,MR049358,3
2264,2,glioma,MR049358,3
2265,2,glioma,MR049358,3
2266,2,glioma,MR049358,3
2267,2,glioma,MR049358,3
2268,2,glioma,MR049358,3
2269,2,glioma,MR049358,3
2270,2,glioma,MR049453,2
2271,2,glioma,MR049453,2
2272,2,glioma,MR049453,2
2273,2,glioma,MR049453,2
2274,2,glioma,MR049453,2
2275,2,glioma,MR049453,2
2276,2,glioma,MR049453,2
2277,2,glioma,MR049453,2
2278,2,glioma,MR049453,2
2279,2,glioma,MR024780G,1
2280,2,glioma,MR024780G,1
2281,2,glioma,MR024780G,1
2282,2,glioma,MR024780G,1
2283,2,glioma,MR024780G,1
2284,2,glioma,MR024780G,1
2285,2,glioma,MR024780G,1
2286,2,glioma,MR049453B,1
2287,2,glioma,MR049453B,1
2288,2,glioma,MR049453B,1
2289,2,glioma,MR049453B,1
2290,2,glioma,MR049453B,1
2291,2,glioma,MR049453B,1
2292,2,glioma,MR049453B,1
2293,2,glioma,MR049453B,1
2294,2,glioma,MR049453B,1
2295,2,glioma,MR049453B,1
2296,2,glioma,MR049453B,1
2297,2,glioma,MR049453B,1
2298,2,glioma,MR049453B,1
2299,2,glioma,MR049453B,1
2300,2,glioma,MR050135B,2
2301,2,glioma,MR050135B,2
2302,2,glioma,MR050135B,2
2303,2,glioma,MR050135B,2
2304,2,glioma,MR050135B,2
2305,2,glioma,MR050135B,2
2306,2,glioma,MR050135B,2
2307,2,glioma,MR050135B,2
2308,2,glioma,MR050135B,2
2309,2,glioma,MR050135B,2
2310,2,glioma,MR050135B,2
2311,2,glioma,MR050687,1
2312,2,glioma,MR050687,1
2313,2,glioma,MR050687,1
2314,2,glioma,MR050687,1
2315,2,glioma,MR050687,1
2316,2,glioma,MR050687,1
2317,2,glioma,MR050791B,4
2318,2,glioma,MR050791B,4
2319,2,glioma,MR050791B,4
2320,2,glioma,MR050791B,4
2321,2,glioma,MR049019C,4
2322,2,glioma,MR049019C,4
2323,2,glioma,MR049019C,4
2324,2,glioma,MR049019C,4
2325,2,glioma,MR049019C,4
2326,2,glioma,MR026175C,4
2327,2,glioma,MR026175C,4
2328,2,glioma,MR026175C,4
2329,2,glioma,MR026175C,4
2330,2,glioma,MR026175C,4
2331,2,glioma,MR026175C,4
2332,2,glioma,MR026175C,4
2333,2,glioma,MR051461,2
2334,2,glioma,MR051461,2
2335,2,glioma,MR051461,2
2336,2,glioma,MR051461,2
2337,2,glioma,MR051461,2
2338,2,glioma,MR051461,2
2339,2,glioma,MR051461,2
2340,2,glioma,MR051461,2
2341,2,glioma,MR051461,2
2342,2,glioma,MR051586,5
2343,2,glioma,MR051586,5
2344,2,glioma,MR033389B,4
2345,2,glioma,MR033389B,4
2346,2,glioma,MR033389B,4
2347,2,glioma,MR033389B,4
2348,2,glioma,MR033389B,4
2349,2,glioma,MR024780E,4
2350,2,glioma,MR026175E,2
2351,2,glioma,MR026175E,2
2352,2,glioma,MR026175E,2
2353,2,glioma,MR026175E,2
2354,2,glioma,MR026175E,2
2355,2,glioma,MR026175E,2
2356,2,glioma,MR026175E,2
2357,2,glioma,MR026175E,2
2358,2,glioma,MR026175E,2
2359,2,glioma,MR026175E,2
2360,2,glioma,MR026175E,2
2361,2,glioma,MR026175E,2
2362,2,glioma,MR040240C,2
2363,2,glioma,MR040240C,2
2364,2,glioma,MR040240C,2
2365,2,glioma,MR040240C,2
2366,2,glioma,MR040240C,2
2367,2,glioma,MR040240C,2
2368,2,glioma,MR040240C,2
2369,2,glioma,MR040240C,2
2370,2,glioma,MR040240C,2
2371,2,glioma,MR040240C,2
2372,2,glioma,MR040240C,2
2373,2,glioma,MR040240D,4
2374,2,glioma,MR040240D,4
2375,2,glioma,MR040240D,4
2376,2,glioma,MR040240D,4
2377,2,glioma,MR040240D,4
2378,2,glioma,MR040240D,4
2379,2,glioma,MR040240D,4
2380,2,glioma,MR040240D,4
2381,2,glioma,MR040240D,4
2382,2,glioma,MR040240D,4
2383,2,glioma,MR040240D,4
2384,2,glioma,MR017260F,2
2385,2,glioma,MR017260F,2
2386,2,glioma,MR017260F,2
2387,2,glioma,MR017260F,2
2388,2,glioma,MR017260F,2
2389,2,glioma,MR017260F,2
2390,2,glioma,MR017260F,2
2391,2,glioma,MR017260F,2
2392,2,glioma,MR017260F,2
2393,2,glioma,MR017260F,2
2394,2,glioma,MR029209I,4
2395,2,glioma,MR029209I,4
2396,2,glioma,MR029209I,4
2397,2,glioma,MR029209I,4
2398,2,glioma,MR029209I,4
2399,2,glioma,MR029209I,4
2400,2,glioma,MR029209I,4
2401,2,glioma,MR029209I,4
2402,2,glioma,MR029209I,4
2403,2,glioma,MR048294,1
2404,2,glioma,MR048294,1
2405,2,glioma,MR048294,1
2406,2,glioma,MR048294,1
2407,2,glioma,MR048294,1
2408,2,glioma,MR048294,1
2409,2,glioma,MR048294,1
2410,2,glioma,MR048297,1
2411,2,glioma,MR048297,1
2412,2,glioma,MR048297,1
2413,2,glioma,MR048297,1
2414,2,glioma,MR048297,1
2415,2,glioma,MR048294B,5
2416,2,glioma,MR048294B,5
2417,2,glioma,MR048294B,5
2418,2,glioma,MR048294B,5
2419,2,glioma,MR048294B,5
2420,2,glioma,MR048621B,5
2421,2,glioma,MR048621B,5
2422,2,glioma,MR048621B,5
2423,2,glioma,MR048621B,5
2424,2,glioma,MR048621B,5
2425,2,glioma,MR048621B,5
2426,2,glioma,MR048944,5
2427,2,glioma,MR048944,5
2428,2,glioma,MR048944,5
2429,2,glioma,MR048944,5
2430,2,glioma,MR048944,5
2431,2,glioma,MR048944,5
2432,2,glioma,MR048944,5
2433,2,glioma,MR048944,5
2434,2,glioma,MR048944,5
2435,2,glioma,MR048994,2
2436,2,glioma,MR048994,2
2437,2,glioma,MR048994,2
2438,2,glioma,MR048994,2
2439,2,glioma,MR048994,2
2440,2,glioma,MR048994,2
2441,2,glioma,MR048994,2
2442,2,glioma,MR037458C,4
2443,2,glioma,MR040240,5
2444,2,glioma,MR040240,5
2445,2,glioma,MR040240,5
2446,2,glioma,MR040240,5
2447,2,glioma,MR040240,5
2448,2,glioma,MR040240,5
2449,2,glioma,MR040240,5
2450,2,glioma,MR040240,5
2451,2,glioma,MR040240,5
2452,2,glioma,MR040240,5
2453,2,glioma,MR040240B,3
2454,2,glioma,MR040240B,3
2455,2,glioma,MR040240B,3
2456,2,glioma,MR040240B,3
2457,2,glioma,MR040240B,3
2458,2,glioma,MR040240B,3
2459,2,glioma,MR040240B,3
2460,2,glioma,MR040240B,3
2461,2,glioma,MR040240B,3
2462,2,glioma,MR040240B,3
2463,2,glioma,MR029209G,5
2464,2,glioma,MR029209G,5
2465,2,glioma,MR029209G,5
2466,2,glioma,MR029209G,5
2467,2,glioma,MR029209G,5
2468,2,glioma,MR029209G,5
2469,2,glioma,MR029209G,5
2470,2,glioma,MR036496B,3
2471,2,glioma,MR036496B,3
2472,2,glioma,MR036496B,3
2473,2,glioma,MR036496B,3
2474,2,glioma,MR036496B,3
2475,2,glioma,MR036496B,3
2476,2,glioma,MR033420,5
2477,2,glioma,MR033420,5
2478,2,glioma,MR033420,5
2479,2,glioma,MR033420,5
2480,2,glioma,MR033420,5
2481,2,glioma,MR033420,5
2482,2,glioma,MR033420,5
2483,2,glioma,MR033420,5
2484,2,glioma,MR033420,5
2485,2,glioma,MR033420,5
2486,2,glioma,MR033420,5
2487,2,glioma,MR033389B,4
2488,2,glioma,MR033389B,4
2489,2,glioma,MR033389B,4
2490,2,glioma,MR033389B,4
2491,2,glioma,MR033389B,4
2492,2,glioma,MR033389B,4
2493,2,glioma,MR033389B,4
2494,2,glioma,MR033389B,4
2495,2,glioma,MR033389B,4
2496,2,glioma,MR024780E,4
2497,2,glioma,MR024780E,4
2498,2,glioma,MR024780E,4
2499,2,glioma,MR026175E,2
2500,2,glioma,MR026175E,2
2501,2,glioma,MR026175E,2
2502,2,glioma,MR026175E,2
2503,2,glioma,MR026175E,2
2504,2,glioma,MR026175E,2
2505,2,glioma,MR026175E,2
2506,2,glioma,MR026175E,2
2507,2,glioma,MR026175E,2
2508,2,glioma,MR026175E,2
2509,2,glioma,MR040240C,2
2510,2,glioma,MR040240C,2
2511,2,glioma,MR040240C,2
2512,2,glioma,MR040240C,2
2513,2,glioma,MR040240C,2
2514,2,glioma,MR040240C,2
2515,2,glioma,MR040240C,2
2516,2,glioma,MR040240C,2
2517,2,glioma,MR040240C,2
2518,2,glioma,MR040240C,2
2519,2,glioma,MR040240C,2
2520,2,glioma,MR040240C,2
2521,2,glioma,MR040240C,2
2522,2,glioma,MR040240C,2
2523,2,glioma,MR040240C,2
2524,2,glioma,MR017260F,2
2525,2,glioma,MR017260F,2
2526,2,glioma,MR017260F,2
2527,2,glioma,MR017260F,2
2528,2,glioma,MR017260F,2
2529,2,glioma,MR017260F,2
2530,2,glioma,MR029209I,4
2531,2,glioma,MR029209I,4
2532,2,glioma,MR029209I,4
2533,2,glioma,MR029209I,4
2534,2,glioma,MR029209I,4
2535,2,glioma,MR029209I,4
2536,2,glioma,MR029209I,4
2537,2,glioma,MR029209I,4
2538,2,glioma,MR029209I,4
2539,2,glioma,MR029209I,4
2540,2,glioma,MR048294,1
2541,2,glioma,MR048294,1
2542,2,glioma,MR048294,1
2543,2,glioma,MR048294,1
2544,2,glioma,MR048294,1
2545,2,glioma,MR048294,1
2546,2,glioma,MR051586,5
2547,2,glioma,MR051586,5
2548,2,glioma,MR051586,5
2549,2,glioma,MR051586,5
2550,2,glioma,MR051461B,4
2551,2,glioma,MR051461B,4
2552,2,glioma,MR051461B,4
2553,2,glioma,MR051461B,4
2554,2,glioma,MR051644,4
2555,2,glioma,MR051644,4
2556,2,glioma,MR051644,4
2557,2,glioma,MR051644,4
2558,2,glioma,MR051644,4
2559,2,glioma,MR051644,4
2560,2,glioma,MR051644,4
2561,2,glioma,MR051644,4
2562,2,glioma,MR051644,4
2563,2,glioma,MR051644,4
2564,2,glioma,MR051644,4
2565,2,glioma,MR051644,4
2566,2,glioma,MR051651,1
2567,2,glioma,MR051651,1
2568,2,glioma,MR051651,1
2569,2,glioma,MR051651,1
2570,2,glioma,MR051651,1
2571,2,glioma,MR051651,1
2572,2,glioma,MR051651,1
2573,2,glioma,MR051796,4
2574,2,glioma,MR051796,4
2575,2,glioma,MR051796,4
2576,2,glioma,MR051796,4
2577,2,glioma,MR051796,4
2578,2,glioma,MR051796,4
2579,2,glioma,MR051651B,3
2580,2,glioma,MR051651B,3
2581,2,glioma,MR051651B,3
2582,2,glioma,MR051651B,3
2583,2,glioma,MR051651B,3
2584,2,glioma,MR051651B,3
2585,2,glioma,MR051651B,3
2586,2,glioma,MR051796B,5
2587,2,glioma,MR051796B,5
2588,2,glioma,MR051796B,5
2589,2,glioma,MR052550,1
2590,2,glioma,MR052550,1
2591,2,glioma,MR052550,1
2592,2,glioma,MR052550,1
2593,2,glioma,MR052550,1
2594,2,glioma,MR052550,1
2595,2,glioma,MR051644C,4
2596,2,glioma,MR051644C,4
2597,2,glioma,MR051644C,4
2598,2,glioma,MR051644C,4
2599,2,glioma,MR051644C,4
2600,2,glioma,MR051644C,4
2601,2,glioma,MR051644C,4
2602,2,glioma,MR051644C,4
2603,2,glioma,MR051644C,4
2604,2,glioma,MR051644C,4
2605,2,glioma,MR051644C,4
2606,2,glioma,MR051644C,4
2607,2,glioma,MR051644C,4
2608,2,glioma,MR049942B,3
2609,2,glioma,MR049942B,3
2610,2,glioma,MR049942B,3
2611,2,glioma,MR049942B,3
2612,2,glioma,MR047953C,4
2613,2,glioma,MR047953C,4
2614,2,glioma,MR047953C,4
2615,2,glioma,MR047953C,4
2616,2,glioma,MR047953C,4
2617,2,glioma,MR053110B,1
2618,2,glioma,MR053110B,1
2619,2,glioma,MR053110B,1
2620,2,glioma,MR053110B,1
2621,2,glioma,MR053110B,1
2622,2,glioma,MR053110B,1
2623,2,glioma,MR053110B,1
2624,2,glioma,MR034694,2
2625,2,glioma,MR034694,2
2626,2,glioma,MR034694,2
2627,2,glioma,MR034694,2
2628,2,glioma,MR034694,2
2629,2,glioma,MR034694,2
2630,2,glioma,MR034694,2
2631,2,glioma,MR054683,4
2632,2,glioma,MR054683,4
2633,2,glioma,MR054683,4
2634,2,glioma,MR050687C,5
2635,2,glioma,MR050687C,5
2636,2,glioma,MR050687C,5
2637,2,glioma,MR050687C,5
2638,2,glioma,MR050687C,5
2639,2,glioma,MR050687C,5
2640,2,glioma,MR050687C,5
2641,2,glioma,MR049242C,5
2642,2,glioma,MR049242C,5
2643,2,glioma,MR049242C,5
2644,2,glioma,MR049242C,5
2645,2,glioma,MR049242C,5
2646,2,glioma,MR053241C,2
2647,2,glioma,MR053241C,2
2648,2,glioma,MR053241C,2
2649,2,glioma,MR053241C,2
2650,2,glioma,MR034997,3
2651,2,glioma,MR034997,3
2652,2,glioma,MR034997,3
2653,2,glioma,MR034997,3
2654,2,glioma,MR034997,3
2655,2,glioma,MR034997,3
2656,2,glioma,MR034997,3
2657,2,glioma,MR029209E,5
2658,2,glioma,MR029209E,5
2659,2,glioma,MR029209E,5
2660,2,glioma,MR029209E,5
2661,2,glioma,MR029209E,5
2662,2,glioma,MR029209E,5
2663,2,glioma,MR029209E,5
2664,2,glioma,MR053110E,1
2665,2,glioma,MR053110E,1
2666,2,glioma,MR053110E,1
2667,2,glioma,MR053110E,1
2668,2,glioma,MR053110E,1
2669,2,glioma,MR053110E,1
2670,2,glioma,MR053110E,1
2671,2,glioma,MR053110E,1
2672,2,glioma,MR053110E,1
2673,2,glioma,MR053110E,1
2674,2,glioma,MR053110E,1
2675,2,glioma,MR049019G,3
2676,2,glioma,MR049019G,3
2677,2,glioma,MR049019G,3
2678,2,glioma,MR031409B,2
2679,2,glioma,MR031409B,2
2680,2,glioma,MR024780D,1
2681,2,glioma,MR024780D,1
2682,2,glioma,MR038469,3
2683,2,glioma,MR038469,3
2684,2,glioma,MR038469,3
2685,2,glioma,MR038469,3
2686,2,glioma,MR038469,3
2687,2,glioma,MR038469,3
2688,2,glioma,MR032322C,2
2689,2,glioma,MR032322C,2
2690,2,glioma,MR032322C,2
2691,2,glioma,MR032322C,2
2692,2,glioma,MR032322C,2
2693,2,glioma,MR032322C,2
2694,2,glioma,MR032322C,2
2695,2,glioma,MR032322C,2
2696,2,glioma,MR032322C,2
2697,2,glioma,MR032322C,2
2698,2,glioma,MR032322C,2
2699,2,glioma,MR032322C,2
2700,2,glioma,MR032322C,2
2701,2,glioma,MR032322C,2
2702,2,glioma,MR037458B,2
2703,2,glioma,MR037458B,2
2704,2,glioma,MR037458B,2
2705,2,glioma,MR037458B,2
2706,2,glioma,MR037458B,2
2707,2,glioma,MR037458B,2
2708,2,glioma,MR037458B,2
2709,2,glioma,MR037458B,2
2710,2,glioma,MR039473,4
2711,2,glioma,MR039473,4
2712,2,glioma,MR039473,4
2713,2,glioma,MR039473,4
2714,2,glioma,MR039473B,2
2715,2,glioma,MR039473B,2
2716,2,glioma,MR039473B,2
2717,2,glioma,MR039473B,2
2718,2,glioma,MR039473B,2
2719,2,glioma,MR039473B,2
2720,2,glioma,MR039473B,2
2721,2,glioma,MR039473B,2
2722,2,glioma,MR039473B,2
2723,2,glioma,MR037458C,4
2724,2,glioma,MR037458C,4
2725,2,glioma,MR037458C,4
2726,2,glioma,MR037458C,4
2727,2,glioma,MR037458C,4
2728,2,glioma,MR037458C,4
2729,2,glioma,MR037458C,4
2730,2,glioma,MR037458C,4
2731,2,glioma,MR029209E,5
2732,2,glioma,MR029209E,5
2733,2,glioma,MR029209E,5
2734,2,glioma,MR029209E,5
2735,2,glioma,MR029209E,5
2736,2,glioma,MR029209E,5
2737,2,glioma,MR029209E,5
2738,2,glioma,MR053110E,1
2739,2,glioma,MR053110E,1
2740,2,glioma,MR053110E,1
2741,2,glioma,MR053110E,1
2742,2,glioma,MR053110E,1
2743,2,glioma,MR049019G,3
2744,2,glioma,MR049019G,3
2745,2,glioma,MR049019G,3
2746,2,glioma,MR049019G,3
2747,2,glioma,MR049019G,3
2748,2,glioma,MR031409B,2
2749,2,glioma,MR031409B,2
2750,2,glioma,MR024780D,1
2751,2,glioma,MR024780D,1
2752,2,glioma,MR024780D,1
2753,2,glioma,MR038469,3
2754,2,glioma,MR038469,3
2755,2,glioma,MR038469,3
2756,2,glioma,MR038469,3
2757,2,glioma,MR038469,3
2758,2,glioma,MR032322C,2
2759,2,glioma,MR032322C,2
2760,2,glioma,MR032322C,2
2761,2,glioma,MR032322C,2
2762,2,glioma,MR032322C,2
2763,2,glioma,MR032322C,2
2764,2,glioma,MR032322C,2
2765,2,glioma,MR032322C,2
2766,2,glioma,MR032322C,2
2767,2,glioma,MR032322C,2
2768,2,glioma,MR032322C,2
2769,2,glioma,MR037458B,2
2770,2,glioma,MR037458B,2
2771,2,glioma,MR037458B,2
2772,2,glioma,MR037458B,2
2773,2,glioma,MR037458B,2
2774,2,glioma,MR039473,4
2775,2,glioma,MR039473,4
2776,2,glioma,MR039473,4
2777,2,glioma,MR039473,4
2778,2,glioma,MR039473,4
2779,2,glioma,MR039473,4
2780,2,glioma,MR039473B,2
2781,2,glioma,MR039473B,2
2782,2,glioma,MR039473B,2
2783,2,glioma,MR039473B,2
2784,2,glioma,MR039473B,2
2785,2,glioma,MR039473B,2
2786,2,glioma,MR039473B,2
2787,2,glioma,MR040240,5
2788,2,glioma,MR040240,5
2789,2,glioma,MR040240,5
2790,2,glioma,MR040240,5
2791,2,glioma,MR040240,5
2792,2,glioma,MR040240,5
2793,2,glioma,MR040240,5
2794,2,glioma,MR040240,5
2795,2,glioma,MR040240B,3
2796,2,glioma,MR040240B,3
2797,2,glioma,MR040240B,3
2798,2,glioma,MR040240B,3
2799,2,glioma,MR040240B,3
2800,2,glioma,MR029209G,5
2801,2,glioma,MR029209G,5
2802,2,glioma,MR029209G,5
2803,2,glioma,MR029209G,5
2804,2,glioma,MR029209G,5
2805,2,glioma,MR036496B,3
2806,2,glioma,MR036496B,3
2807,2,glioma,MR036496B,3
2808,2,glioma,MR036496B,3
2809,2,glioma,MR033420,5
2810,2,glioma,MR033420,5
2811,2,glioma,MR033420,5
2812,2,glioma,MR033420,5
2813,2,glioma,MR033420,5
2814,2,glioma,MR033420,5
2815,2,glioma,MR033420,5
2816,2,glioma,MR033420,5
2817,2,glioma,MR024780B,1
2818,2,glioma,MR024780B,1
2819,2,glioma,MR024780B,1
2820,2,glioma,MR024780B,1
2821,2,glioma,MR033389B,4
2822,2,glioma,MR048294,1
2823,2,glioma,MR048297,1
2824,2,glioma,MR048297,1
2825,2,glioma,MR048297,1
2826,2,glioma,MR048297,1
2827,2,glioma,MR048297,1
2828,2,glioma,MR048297,1
2829,2,glioma,MR048297,1
2830,2,glioma,MR048297,1
2831,2,glioma,MR048294B,5
2832,2,glioma,MR048294B,5
2833,2,glioma,MR048294B,5
2834,2,glioma,MR048294B,5
2835,2,glioma,MR048294B,5
2836,2,glioma,MR048294B,5
2837,2,glioma,MR048621B,5
2838,2,glioma,MR048621B,5
2839,2,glioma,MR048621B,5
2840,2,glioma,MR048944,5
2841,2,glioma,MR048944,5
2842,2,glioma,MR048944,5
2843,2,glioma,MR048944,5
2844,2,glioma,MR048944,5
2845,2,glioma,MR048944,5
2846,2,glioma,MR048994,2
2847,2,glioma,MR048994,2
2848,2,glioma,MR048994,2
2849,2,glioma,MR048994,2
2850,2,glioma,MR048994,2
2851,2,glioma,MR048994,2
2852,2,glioma,MR048994,2
2853,2,glioma,MR048994,2
2854,2,glioma,MR049104,1
2855,2,glioma,MR049104,1
2856,2,glioma,MR049104,1
2857,2,glioma,MR049104,1
2858,2,glioma,MR049142,5
2859,2,glioma,MR049142,5
2860,2,glioma,MR049142,5
2861,2,glioma,MR048994B,4
2862,2,glioma,MR048994B,4
2863,2,glioma,MR048994B,4
2864,2,glioma,MR048994B,4
2865,2,glioma,MR048994B,4
2866,2,glioma,MR049358,3
2867,2,glioma,MR049358,3
2868,2,glioma,MR049358,3
2869,2,glioma,MR049358,3
2870,2,glioma,MR049358,3
2871,2,glioma,MR049358,3
2872,2,glioma,MR049358,3
2873,2,glioma,MR049104B,3
2874,2,glioma,MR049104B,3
2875,2,glioma,MR049104B,3
2876,2,glioma,MR049453,2
2877,2,glioma,MR049453,2
2878,2,glioma,MR049453,2
2879,2,glioma,MR049453,2
2880,2,glioma,MR049453,2
2881,2,glioma,MR049453,2
2882,2,glioma,MR049453,2
2883,2,glioma,MR049453,2
2884,2,glioma,MR049453,2
2885,2,glioma,MR024780G,1
2886,2,glioma,MR024780G,1
2887,2,glioma,MR024780G,1
2888,2,glioma,MR024780G,1
2889,2,glioma,MR024780G,1
2890,2,glioma,MR024780G,1
2891,2,glioma,MR050135B,2
2892,2,glioma,MR050135B,2
2893,2,glioma,MR050135B,2
2894,2,glioma,MR050135B,2
2895,2,glioma,MR050135B,2
2896,2,glioma,MR050135B,2
2897,2,glioma,MR050135B,2
2898,2,glioma,MR050135B,2
2899,2,glioma,MR050135B,2
2900,2,glioma,MR050687,1
2901,2,glioma,MR050687,1
2902,2,glioma,MR050687,1
2903,2,glioma,MR050687,1
2904,2,glioma,MR050687,1
2905,2,glioma,MR050687,1
2906,2,glioma,MR050791B,4
2907,2,glioma,MR050791B,4
2908,2,glioma,MR050791B,4
2909,2,glioma,MR050791B,4
2910,2,glioma,MR050791B,4
2911,2,glioma,MR050791B,4
2912,2,glioma,MR050791B,4
2913,2,glioma,MR050791B,4
2914,2,glioma,MR049019C,4
2915,2,glioma,MR049019C,4
2916,2,glioma,MR049019C,4
2917,2,glioma,MR049019C,4
2918,2,glioma,MR051461,2
2919,2,glioma,MR051461,2
2920,2,glioma,MR051461,2
2921,2,glioma,MR051461,2
2922,2,glioma,MR051461,2
2923,2,glioma,MR051461,2
2924,2,glioma,MR051461,2
2925,2,glioma,MR051586,5
2926,2,glioma,MR051586,5
2927,2,glioma,MR051586,5
2928,2,glioma,MR051586,5
2929,2,glioma,MR051586,5
2930,2,glioma,MR051586,5
2931,2,glioma,MR051586,5
2932,2,glioma,MR051586,5
2933,2,glioma,MR051586,5
2934,2,glioma,MR051644,4
2935,2,glioma,MR051644,4
2936,2,glioma,MR051644,4
2937,2,glioma,MR051644,4
2938,2,glioma,MR051644,4
2939,2,glioma,MR051644,4
2940,2,glioma,MR051644,4
2941,2,glioma,MR051644,4
2942,2,glioma,MR051644,4
2943,2,glioma,MR051644,4
2944,2,glioma,MR051651,1
2945,2,glioma,MR051651,1
2946,2,glioma,MR051651,1
2947,2,glioma,MR051651,1
2948,2,glioma,MR051796,4
2949,2,glioma,MR051796,4
2950,2,glioma,MR051796,4
2951,2,glioma,MR051796,4
2952,2,glioma,MR051796,4
2953,2,glioma,MR051796,4
2954,2,glioma,MR051796,4
2955,2,glioma,MR051651B,3
2956,2,glioma,MR051651B,3
2957,2,glioma,MR051651B,3
2958,2,glioma,MR051651B,3
2959,2,glioma,MR051651B,3
2960,2,glioma,MR051651B,3
2961,2,glioma,MR051644B,3
2962,2,glioma,MR051644B,3
2963,2,glioma,MR051644B,3
2964,2,glioma,MR051644B,3
2965,2,glioma,MR051644B,3
2966,2,glioma,MR051644B,3
2967,2,glioma,MR051644B,3
2968,2,glioma,MR051644B,3
2969,2,glioma,MR051644B,3
2970,2,glioma,MR051796B,5
2971,2,glioma,MR051796B,5
2972,2,glioma,MR051796B,5
2973,2,glioma,MR051796B,5
2974,2,glioma,MR051796B,5
2975,2,glioma,MR052550,1
2976,2,glioma,MR052550,1
2977,2,glioma,MR052550,1
2978,2,glioma,MR052550,1
2979,2,glioma,MR052550,1
2980,2,glioma,MR052550,1
2981,2,glioma,MR052550,1
2982,2,glioma,MR052550,1
2983,2,glioma,MR051644C,4
2984,2,glioma,MR051644C,4
2985,2,glioma,MR051644C,4
2986,2,glioma,MR051644C,4
2987,2,glioma,MR051644C,4
2988,2,glioma,MR051644C,4
2989,2,glioma,MR051644C,4
2990,2,glioma,MR051644C,4
2991,2,glioma,MR051644C,4
2992,2,glioma,MR051644C,4
2993,2,glioma,MR049942B,3
2994,2,glioma,MR049942B,3
2995,2,glioma,MR049942B,3
2996,2,glioma,MR052585B,5
2997,2,glioma,MR052585B,5
2998,2,glioma,MR052585B,5
2999,2,glioma,MR053110B,1
3000,2,glioma,MR053110B,1
3001,2,glioma,MR053110B,1
3002,2,glioma,MR053110B,1
3003,2,glioma,MR053110B,1
3004,2,glioma,MR053110B,1
3005,2,glioma,MR034694,2
3006,2,glioma,MR034694,2
3007,2,glioma,MR034694,2
3008,2,glioma,MR034694,2
3009,2,glioma,MR054875,1
3010,2,glioma,MR054875,1
3011,2,glioma,MR054875,1
3012,2,glioma,MR054875,1
3013,2,glioma,MR054875,1
3014,2,glioma,MR050687C,5
3015,2,glioma,MR050687C,5
3016,2,glioma,MR050687C,5
3017,2,glioma,MR050687C,5
3018,2,glioma,MR050687C,5
3019,2,glioma,MR050687C,5
3020,2,glioma,MR056144,5
3021,2,glioma,MR056144,5
3022,2,glioma,MR034997,3
3023,2,glioma,MR034997,3
3024,2,glioma,MR034997,3
3025,2,glioma,MR034997,3
3026,2,glioma,MR034997,3
3027,2,glioma,MR034997,3
3028,2,glioma,MR034997,3
3029,2,glioma,MR029209E,5
3030,1,meningioma,53669,5
3031,2,glioma,MR033389B,4
3032,2,glioma,MR033389B,4
3033,2,glioma,MR033389B,4
3034,2,glioma,MR033389B,4
3035,2,glioma,MR033389B,4
3036,2,glioma,MR033389B,4
3037,2,glioma,MR033389B,4
3038,2,glioma,MR033389B,4
3039,2,glioma,MR024780E,4
3040,2,glioma,MR024780E,4
3041,2,glioma,MR024780E,4
3042,2,glioma,MR040240C,2
3043,2,glioma,MR040240C,2
3044,2,glioma,MR040240C,2
3045,2,glioma,MR040240C,2
3046,2,glioma,MR040240C,2
3047,2,glioma,MR040240D,4
3048,2,glioma,MR040240D,4
3049,2,glioma,MR017260F,2
3050,2,glioma,MR017260F,2
3051,2,glioma,MR017260F,2
3052,2,glioma,MR017260F,2
3053,2,glioma,MR017260F,2
3054,2,glioma,MR017260F,2
3055,2,glioma,MR017260F,2
3056,2,glioma,MR029209I,4
3057,2,glioma,MR029209I,4
3058,2,glioma,MR029209I,4
3059,2,glioma,MR029209I,4
3060,2,glioma,MR029209I,4
3061,2,glioma,MR029209I,4
3062,2,glioma,MR029209I,4
3063,1,meningioma,95969,2
3064,1,meningioma,88510,1
