model,arm,protocol,true_class,pred_class,count
resnet50,A,patient_disjoint,meningioma,meningioma,624
resnet50,A,patient_disjoint,meningioma,glioma,42
resnet50,A,patient_disjoint,meningioma,pituitary,42
resnet50,A,patient_disjoint,glioma,meningioma,50
resnet50,A,patient_disjoint,glioma,glioma,1371
resnet50,A,patient_disjoint,glioma,pituitary,5
resnet50,A,patient_disjoint,pituitary,meningioma,13
resnet50,A,patient_disjoint,pituitary,glioma,12
resnet50,A,patient_disjoint,pituitary,pituitary,905
resnet50,B,image_level_seed11,meningioma,meningioma,677
resnet50,B,image_level_seed11,meningioma,glioma,15
resnet50,B,image_level_seed11,meningioma,pituitary,16
resnet50,B,image_level_seed11,glioma,meningioma,9
resnet50,B,image_level_seed11,glioma,glioma,1416
resnet50,B,image_level_seed11,glioma,pituitary,1
resnet50,B,image_level_seed11,pituitary,meningioma,3
resnet50,B,image_level_seed11,pituitary,glioma,1
resnet50,B,image_level_seed11,pituitary,pituitary,926
mobilenet_v2,A,patient_disjoint,meningioma,meningioma,599
mobilenet_v2,A,patient_disjoint,meningioma,glioma,57
mobilenet_v2,A,patient_disjoint,meningioma,pituitary,52
mobilenet_v2,A,patient_disjoint,glioma,meningioma,53
mobilenet_v2,A,patient_disjoint,glioma,glioma,1369
mobilenet_v2,A,patient_disjoint,glioma,pituitary,4
mobilenet_v2,A,patient_disjoint,pituitary,meningioma,18
mobilenet_v2,A,patient_disjoint,pituitary,glioma,12
mobilenet_v2,A,patient_disjoint,pituitary,pituitary,900
mobilenet_v2,B,image_level_seed11,meningioma,meningioma,660
mobilenet_v2,B,image_level_seed11,meningioma,glioma,28
mobilenet_v2,B,image_level_seed11,meningioma,pituitary,20
mobilenet_v2,B,image_level_seed11,glioma,meningioma,14
mobilenet_v2,B,image_level_seed11,glioma,glioma,1410
mobilenet_v2,B,image_level_seed11,glioma,pituitary,2
mobilenet_v2,B,image_level_seed11,pituitary,meningioma,3
mobilenet_v2,B,image_level_seed11,pituitary,glioma,5
mobilenet_v2,B,image_level_seed11,pituitary,pituitary,922
efficientnet_b0,A,patient_disjoint,meningioma,meningioma,599
efficientnet_b0,A,patient_disjoint,meningioma,glioma,62
efficientnet_b0,A,patient_disjoint,meningioma,pituitary,47
efficientnet_b0,A,patient_disjoint,glioma,meningioma,46
efficientnet_b0,A,patient_disjoint,glioma,glioma,1376
efficientnet_b0,A,patient_disjoint,glioma,pituitary,4
efficientnet_b0,A,patient_disjoint,pituitary,meningioma,21
efficientnet_b0,A,patient_disjoint,pituitary,glioma,12
efficientnet_b0,A,patient_disjoint,pituitary,pituitary,897
efficientnet_b0,B,image_level_seed11,meningioma,meningioma,653
efficientnet_b0,B,image_level_seed11,meningioma,glioma,36
efficientnet_b0,B,image_level_seed11,meningioma,pituitary,19
efficientnet_b0,B,image_level_seed11,glioma,meningioma,17
efficientnet_b0,B,image_level_seed11,glioma,glioma,1407
efficientnet_b0,B,image_level_seed11,glioma,pituitary,2
efficientnet_b0,B,image_level_seed11,pituitary,meningioma,6
efficientnet_b0,B,image_level_seed11,pituitary,glioma,1
efficientnet_b0,B,image_level_seed11,pituitary,pituitary,923
densenet121,A,patient_disjoint,meningioma,meningioma,632
densenet121,A,patient_disjoint,meningioma,glioma,40
densenet121,A,patient_disjoint,meningioma,pituitary,36
densenet121,A,patient_disjoint,glioma,meningioma,38
densenet121,A,patient_disjoint,glioma,glioma,1383
densenet121,A,patient_disjoint,glioma,pituitary,5
densenet121,A,patient_disjoint,pituitary,meningioma,17
densenet121,A,patient_disjoint,pituitary,glioma,7
densenet121,A,patient_disjoint,pituitary,pituitary,906
densenet121,B,image_level_seed11,meningioma,meningioma,670
densenet121,B,image_level_seed11,meningioma,glioma,21
densenet121,B,image_level_seed11,meningioma,pituitary,17
densenet121,B,image_level_seed11,glioma,meningioma,6
densenet121,B,image_level_seed11,glioma,glioma,1418
densenet121,B,image_level_seed11,glioma,pituitary,2
densenet121,B,image_level_seed11,pituitary,meningioma,4
densenet121,B,image_level_seed11,pituitary,glioma,4
densenet121,B,image_level_seed11,pituitary,pituitary,922
