model,arm,protocol,metric,estimate,ci_lo,ci_hi
resnet50,A,patient_disjoint,balanced_accuracy,0.9386349289361151,0.9113701549368801,0.9608117838614538
resnet50,A,patient_disjoint,macro_f1,0.9393780944885529,0.9127570251897821,0.9612469922959769
resnet50,A,patient_disjoint,accuracy,0.9464751958224543,0.9237678197069679,0.9656543168612342
resnet50,A,patient_disjoint,ece,0.0320626575381584,0.01760361586183019,0.05219738346120974
resnet50,A,patient_disjoint,brier,0.08789739186584268,0.055602495943340303,0.1265494592644291
resnet50,B,image_level_seed11,balanced_accuracy,0.9816336637586073,0.9745170621723337,0.9880366124816516
resnet50,B,image_level_seed11,macro_f1,0.9829701754597306,0.9764582055764572,0.9888083511339312
resnet50,B,image_level_seed11,accuracy,0.985313315926893,0.9799742210662352,0.9902708715256069
resnet50,B,image_level_seed11,ece,0.003398033866950998,0.002554257031206318,0.008423435926841392
resnet50,B,image_level_seed11,brier,0.02236428834316405,0.015217801078829335,0.030318822901433794
mobilenet_v2,A,patient_disjoint,balanced_accuracy,0.9246050612382892,0.8962408627671633,0.9475317425728235
mobilenet_v2,A,patient_disjoint,macro_f1,0.9265941140200814,0.8990942270724005,0.9492215119368577
mobilenet_v2,A,patient_disjoint,accuracy,0.9360313315926893,0.9126145981033712,0.9557867689365196
mobilenet_v2,A,patient_disjoint,ece,0.038305408309437294,0.0231700697292106,0.059364273318881416
mobilenet_v2,A,patient_disjoint,brier,0.10471512459175315,0.07073750565609288,0.14575573766373312
mobilenet_v2,B,image_level_seed11,balanced_accuracy,0.9707936809798126,0.9618206287634249,0.9788125335618438
mobilenet_v2,B,image_level_seed11,macro_f1,0.973326977508572,0.9645014767394591,0.9810633922870686
mobilenet_v2,B,image_level_seed11,accuracy,0.9765013054830287,0.9690235136249379,0.9832650616125705
mobilenet_v2,B,image_level_seed11,ece,0.009268819585965772,0.006583290994385889,0.015910170920594723
mobilenet_v2,B,image_level_seed11,brier,0.03871901091724089,0.02836877572594315,0.04998599658915113
efficientnet_b0,A,patient_disjoint,balanced_accuracy,0.9251660710559609,0.8969207365985182,0.9489972556510662
efficientnet_b0,A,patient_disjoint,macro_f1,0.928020989575293,0.9007818995463308,0.9507850736577407
efficientnet_b0,A,patient_disjoint,accuracy,0.9373368146214099,0.9140796639357038,0.9571613484557363
efficientnet_b0,A,patient_disjoint,ece,0.03197037527241157,0.018492031365438494,0.05213171982999816
efficientnet_b0,A,patient_disjoint,brier,0.09931130132605441,0.06641033136772934,0.13947762783639675
efficientnet_b0,B,image_level_seed11,balanced_accuracy,0.9671551730968851,0.9561458032004777,0.9765785518030049
efficientnet_b0,B,image_level_seed11,macro_f1,0.9697293737824703,0.9596691758370198,0.9784770685648523
efficientnet_b0,B,image_level_seed11,accuracy,0.9735639686684073,0.9654116246023673,0.9808258507823019
efficientnet_b0,B,image_level_seed11,ece,0.0075526542235633065,0.005004379400909064,0.014302908643679587
efficientnet_b0,B,image_level_seed11,brier,0.0379042998269408,0.027809425344293755,0.049025684923112545
densenet121,A,patient_disjoint,balanced_accuracy,0.9455648793062919,0.9200906933722985,0.9661805444453843
densenet121,A,patient_disjoint,macro_f1,0.9466502855441056,0.9223085528302505,0.966769305761625
densenet121,A,patient_disjoint,accuracy,0.9533289817232375,0.9325976960533529,0.9706862768726502
densenet121,A,patient_disjoint,ece,0.02284640555756428,0.010721307208971182,0.04185214914540282
densenet121,A,patient_disjoint,brier,0.07550722985292543,0.04574712245533977,0.11195289021454018
densenet121,B,image_level_seed11,balanced_accuracy,0.9773718116338221,0.9681314794636006,0.9852427392278226
densenet121,B,image_level_seed11,macro_f1,0.9798282720537602,0.9716473993420383,0.9869260118204529
densenet121,B,image_level_seed11,accuracy,0.9823759791122716,0.9755248505414172,0.9883450853407577
densenet121,B,image_level_seed11,ece,0.003982594461971734,0.0028913754408216585,0.009471992551322604
densenet121,B,image_level_seed11,brier,0.02566306583610266,0.017474480435080243,0.0350773207062201
