arm,protocol,metric,model_left,model_right,difference_left_minus_right,ci_lo,ci_hi,bootstrap_fraction_left_higher
A,patient_disjoint,balanced_accuracy,resnet50,mobilenet_v2,0.014029867697825882,0.00442617948536995,0.024152188801202183,0.9966
A,patient_disjoint,balanced_accuracy,resnet50,efficientnet_b0,0.013468857880154173,0.0042482098907304,0.02312908696094918,0.998
A,patient_disjoint,balanced_accuracy,resnet50,densenet121,-0.006929950370176741,-0.015973758029633748,0.0014709196973985274,0.0598
A,patient_disjoint,balanced_accuracy,mobilenet_v2,efficientnet_b0,-0.0005610098176717093,-0.010652618173121969,0.009522680987357817,0.4658
A,patient_disjoint,balanced_accuracy,mobilenet_v2,densenet121,-0.020959818068002622,-0.03323080203990837,-0.009829805777442163,0.0
A,patient_disjoint,balanced_accuracy,efficientnet_b0,densenet121,-0.020398808250330913,-0.031613765304731804,-0.01028732560346676,0.0
A,patient_disjoint,macro_f1,resnet50,mobilenet_v2,0.012783980468471512,0.003567561217923979,0.022455510262745657,0.9962
A,patient_disjoint,macro_f1,resnet50,efficientnet_b0,0.011357104913259919,0.0023558932996763067,0.02079622758924648,0.9938
A,patient_disjoint,macro_f1,resnet50,densenet121,-0.007272191055552657,-0.016057096147096488,0.0011662137031637535,0.0474
A,patient_disjoint,macro_f1,mobilenet_v2,efficientnet_b0,-0.001426875555211593,-0.010559823688447371,0.007704417920935734,0.3922
A,patient_disjoint,macro_f1,mobilenet_v2,densenet121,-0.02005617152402417,-0.03163220324604134,-0.009896233411858498,0.0
A,patient_disjoint,macro_f1,efficientnet_b0,densenet121,-0.018629295968812576,-0.02917799203750488,-0.009329776641679879,0.0
B,image_level_seed11,balanced_accuracy,resnet50,mobilenet_v2,0.010839982778794721,0.005139469713315839,0.016822144930284385,1.0
B,image_level_seed11,balanced_accuracy,resnet50,efficientnet_b0,0.014478490661722132,0.007057542982657747,0.02257485404408483,1.0
B,image_level_seed11,balanced_accuracy,resnet50,densenet121,0.004261852124785137,-0.0015075451249938836,0.01040816289348962,0.9224
B,image_level_seed11,balanced_accuracy,mobilenet_v2,efficientnet_b0,0.003638507882927411,-0.002565458158888631,0.010844836064437527,0.865
B,image_level_seed11,balanced_accuracy,mobilenet_v2,densenet121,-0.006578130654009584,-0.013252888498661445,0.0001328031407047393,0.0272
B,image_level_seed11,balanced_accuracy,efficientnet_b0,densenet121,-0.010216638536936995,-0.018166495481131927,-0.0029303300942149506,0.003
B,image_level_seed11,macro_f1,resnet50,mobilenet_v2,0.009643197951158644,0.004297460129891681,0.015329210659367647,1.0
B,image_level_seed11,macro_f1,resnet50,efficientnet_b0,0.013240801677260383,0.006503323179089543,0.020658834202046665,1.0
B,image_level_seed11,macro_f1,resnet50,densenet121,0.0031419034059704254,-0.0018944000571216783,0.008568638285938384,0.8844
B,image_level_seed11,macro_f1,mobilenet_v2,efficientnet_b0,0.003597603726101739,-0.0020619350696123528,0.009966107522587123,0.8868
B,image_level_seed11,macro_f1,mobilenet_v2,densenet121,-0.006501294545188219,-0.013027736345110768,-0.0002450954203417166,0.0202
B,image_level_seed11,macro_f1,efficientnet_b0,densenet121,-0.010098898271289958,-0.017183110618763944,-0.003666802960946414,0.0012
