model,arm,protocol,class,metric,estimate,ci_lo,ci_hi,support
resnet50,A,patient_disjoint,meningioma,precision,0.9082969432314411,0.8510218952774212,0.9584574866776873,708
resnet50,A,patient_disjoint,meningioma,recall,0.8813559322033898,0.8124055476280789,0.9357681942741213,708
resnet50,A,patient_disjoint,meningioma,f1,0.8946236559139785,0.8457702413522226,0.9342758707723371,708
resnet50,A,patient_disjoint,glioma,precision,0.9621052631578947,0.940391980109652,0.9795764380144777,1426
resnet50,A,patient_disjoint,glioma,recall,0.9614305750350631,0.9328674807026883,0.9844712590979686,1426
resnet50,A,patient_disjoint,glioma,f1,0.9617678007716589,0.942977496329599,0.9770080645911714,1426
resnet50,A,patient_disjoint,pituitary,precision,0.9506302521008403,0.9075855888599079,0.982043742660181,930
resnet50,A,patient_disjoint,pituitary,recall,0.9731182795698925,0.9380214137626377,0.9989451476793249,930
resnet50,A,patient_disjoint,pituitary,f1,0.9617428267800212,0.93360932329769,0.9832350854314565,930
resnet50,B,image_level_seed11,meningioma,precision,0.9825834542815675,0.9703700814699254,0.9927438924637364,708
resnet50,B,image_level_seed11,meningioma,recall,0.9562146892655368,0.9364245548266167,0.9738506378937162,708
resnet50,B,image_level_seed11,meningioma,f1,0.9692197566213314,0.9570626684733106,0.9800578526459077,708
resnet50,B,image_level_seed11,glioma,precision,0.9888268156424581,0.9827827388314451,0.9938612634685524,1426
resnet50,B,image_level_seed11,glioma,recall,0.9929873772791024,0.9873921568012265,0.9973615210551307,1426
resnet50,B,image_level_seed11,glioma,f1,0.9909027291812456,0.9869544684669967,0.9944253437273676,1426
resnet50,B,image_level_seed11,pituitary,precision,0.9819724284199364,0.9704328015720364,0.9920331118963062,930
resnet50,B,image_level_seed11,pituitary,recall,0.9956989247311828,0.989722007944478,1.0,930
resnet50,B,image_level_seed11,pituitary,f1,0.9887880405766151,0.982300758605702,0.9943886704192046,930
mobilenet_v2,A,patient_disjoint,meningioma,precision,0.8940298507462686,0.837277238890142,0.9458361486486486,708
mobilenet_v2,A,patient_disjoint,meningioma,recall,0.846045197740113,0.7750663893682027,0.9038946503645361,708
mobilenet_v2,A,patient_disjoint,meningioma,f1,0.8693759071117562,0.8194198455523118,0.9107886087734766,708
mobilenet_v2,A,patient_disjoint,glioma,precision,0.9520166898470097,0.9289344689944911,0.9706561974293466,1426
mobilenet_v2,A,patient_disjoint,glioma,recall,0.9600280504908836,0.9329870961046149,0.982131997840502,1426
mobilenet_v2,A,patient_disjoint,glioma,f1,0.9560055865921787,0.9372768738936496,0.9717477510675461,1426
mobilenet_v2,A,patient_disjoint,pituitary,precision,0.9414225941422594,0.8968161789596152,0.9759457052537215,930
mobilenet_v2,A,patient_disjoint,pituitary,recall,0.967741935483871,0.9306485958842247,0.9945416335306415,930
mobilenet_v2,A,patient_disjoint,pituitary,f1,0.9544008483563096,0.9244862704987531,0.9776679444900146,930
mobilenet_v2,B,image_level_seed11,meningioma,precision,0.9748892171344166,0.9532297756189821,0.9918310616929699,708
mobilenet_v2,B,image_level_seed11,meningioma,recall,0.9322033898305084,0.9084070930769044,0.9532713691247697,708
mobilenet_v2,B,image_level_seed11,meningioma,f1,0.9530685920577616,0.9363701324782119,0.967017929438982,708
mobilenet_v2,B,image_level_seed11,glioma,precision,0.9771309771309772,0.9686875076248237,0.9847222443242097,1426
mobilenet_v2,B,image_level_seed11,glioma,recall,0.9887798036465638,0.9783741653670043,0.9965327735891615,1426
mobilenet_v2,B,image_level_seed11,glioma,f1,0.9829208783548276,0.976039067989391,0.9886915365202245,1426
mobilenet_v2,B,image_level_seed11,pituitary,precision,0.9766949152542372,0.9623213390772118,0.9889261091347425,930
mobilenet_v2,B,image_level_seed11,pituitary,recall,0.9913978494623656,0.9813456960348153,0.9989201155169722,930
mobilenet_v2,B,image_level_seed11,pituitary,f1,0.983991462113127,0.9752399159333378,0.991313997203253,930
efficientnet_b0,A,patient_disjoint,meningioma,precision,0.8993993993993994,0.8440318759126099,0.9487179487179487,708
efficientnet_b0,A,patient_disjoint,meningioma,recall,0.846045197740113,0.7730494015042875,0.9057893224437634,708
efficientnet_b0,A,patient_disjoint,meningioma,f1,0.8719068413391556,0.8205101327742836,0.9131927098970877,708
efficientnet_b0,A,patient_disjoint,glioma,precision,0.9489655172413793,0.923075513196481,0.9693479780842357,1426
efficientnet_b0,A,patient_disjoint,glioma,recall,0.9649368863955119,0.9401008607751861,0.984769397078048,1426
efficientnet_b0,A,patient_disjoint,glioma,f1,0.9568845618915159,0.9381867525357017,0.9723759054992897,1426
efficientnet_b0,A,patient_disjoint,pituitary,precision,0.9462025316455697,0.9022470193825946,0.9802514399645547,930
efficientnet_b0,A,patient_disjoint,pituitary,recall,0.964516129032258,0.9252724672587687,0.9935558343702634,930
efficientnet_b0,A,patient_disjoint,pituitary,f1,0.9552715654952076,0.9251987784985396,0.979066905940969,930
efficientnet_b0,B,image_level_seed11,meningioma,precision,0.9659763313609467,0.9444444444444444,0.9841491386902321,708
efficientnet_b0,B,image_level_seed11,meningioma,recall,0.922316384180791,0.8913674301242237,0.9481481481481482,708
efficientnet_b0,B,image_level_seed11,meningioma,f1,0.9436416184971098,0.9233881518384144,0.9609026102993333,708
efficientnet_b0,B,image_level_seed11,glioma,precision,0.974376731301939,0.9646706784765187,0.9828065116498839,1426
efficientnet_b0,B,image_level_seed11,glioma,recall,0.9866760168302945,0.9771095199197908,0.9942419116530192,1426
efficientnet_b0,B,image_level_seed11,glioma,f1,0.9804878048780488,0.9732204476611134,0.9865169121902151,1426
efficientnet_b0,B,image_level_seed11,pituitary,precision,0.9777542372881356,0.9602138702914722,0.9915164369034994,930
efficientnet_b0,B,image_level_seed11,pituitary,recall,0.9924731182795699,0.9840085287846482,0.9988481566820276,930
efficientnet_b0,B,image_level_seed11,pituitary,f1,0.9850586979722518,0.9753741668425973,0.9927657925054153,930
densenet121,A,patient_disjoint,meningioma,precision,0.9199417758369723,0.8702282493301653,0.9623207581446046,708
densenet121,A,patient_disjoint,meningioma,recall,0.8926553672316384,0.8255006924470012,0.9445341343600054,708
densenet121,A,patient_disjoint,meningioma,f1,0.9060931899641578,0.8609729787844035,0.942192876861673,708
densenet121,A,patient_disjoint,glioma,precision,0.9671328671328672,0.9479878118290807,0.982101618264746,1426
densenet121,A,patient_disjoint,glioma,recall,0.9698457223001402,0.9462131732742237,0.9877970232835683,1426
densenet121,A,patient_disjoint,glioma,f1,0.9684873949579832,0.9527150974294779,0.9811887503157348,1426
densenet121,A,patient_disjoint,pituitary,precision,0.9567053854276664,0.9135434378561221,0.9866220735785953,930
densenet121,A,patient_disjoint,pituitary,recall,0.9741935483870968,0.9410553325253749,0.995740375441801,930
densenet121,A,patient_disjoint,pituitary,f1,0.9653702717101758,0.9378781477992909,0.9858118759852863,930
densenet121,B,image_level_seed11,meningioma,precision,0.9852941176470589,0.9721760490366431,0.9956773889245952,708
densenet121,B,image_level_seed11,meningioma,recall,0.9463276836158192,0.9210102072778776,0.967303129644538,708
densenet121,B,image_level_seed11,meningioma,f1,0.9654178674351586,0.95063667865139,0.9782468974807257,708
densenet121,B,image_level_seed11,glioma,precision,0.9826749826749827,0.9751936527364924,0.9891378262748296,1426
densenet121,B,image_level_seed11,glioma,recall,0.9943899018232819,0.9896076888489208,0.9980093559413261,1426
densenet121,B,image_level_seed11,glioma,f1,0.9884977344022308,0.9839685464897,0.9924814718240004,1426
densenet121,B,image_level_seed11,pituitary,precision,0.9798087141339001,0.9639913202868079,0.9927012989969194,930
densenet121,B,image_level_seed11,pituitary,recall,0.9913978494623656,0.9798296443106344,0.9989451476793249,930
densenet121,B,image_level_seed11,pituitary,f1,0.9855692143238911,0.9757745548178941,0.9934377818786669,930
