model,metric,delta_image_minus_patient,ci_lo,ci_hi
resnet50,balanced_accuracy,0.04299873482249217,0.023741508096517584,0.06734192730720931
resnet50,macro_f1,0.04359208097117773,0.024313478837852752,0.06727527274387066
resnet50,accuracy,0.038838120104438656,0.02194907656638402,0.05900139039255238
resnet50,ece,-0.028664623671207402,-0.0455516956651273,-0.013394296029542094
resnet50,brier,-0.06553310352267863,-0.10065146094285679,-0.03759007769601425
mobilenet_v2,balanced_accuracy,0.04618861974152333,0.028009928042138702,0.06853081464901845
mobilenet_v2,macro_f1,0.046732863488490595,0.028716643115083394,0.06848392666892983
mobilenet_v2,accuracy,0.04046997389033946,0.024947117382664245,0.05838938073842372
mobilenet_v2,ece,-0.02903658872347152,-0.04569650072918586,-0.014594577601216794
mobilenet_v2,brier,-0.06599611367451226,-0.09947136553572127,-0.03928040492159489
efficientnet_b0,balanced_accuracy,0.04198910204092421,0.023758323968072252,0.06312150084432705
efficientnet_b0,macro_f1,0.04170838420717726,0.024391836459481297,0.06208263473764711
efficientnet_b0,accuracy,0.03622715404699739,0.02126264475825863,0.05402570789865874
efficientnet_b0,ece,-0.024417721048848262,-0.04038672535058642,-0.011252781191236324
efficientnet_b0,brier,-0.06140700149911361,-0.09298657581429313,-0.0361235969008678
densenet121,balanced_accuracy,0.03180693232753029,0.01430677970703496,0.05279968245307697
densenet121,macro_f1,0.033177986509654644,0.015807182607963398,0.053828271846652766
densenet121,accuracy,0.029046997389034046,0.013884185573992514,0.04666476517620321
densenet121,ece,-0.018863811095592545,-0.0349277862844241,-0.005622505182593284
densenet121,brier,-0.049844164016822776,-0.08056582269671184,-0.024778663984880826
