model,arm,protocol,bin,lo,hi,n,mean_confidence,accuracy
resnet50,A,patient_disjoint,0,0.0,0.06666666666666667,0,,
resnet50,A,patient_disjoint,1,0.06666666666666667,0.13333333333333333,0,,
resnet50,A,patient_disjoint,2,0.13333333333333333,0.2,0,,
resnet50,A,patient_disjoint,3,0.2,0.26666666666666666,0,,
resnet50,A,patient_disjoint,4,0.26666666666666666,0.3333333333333333,0,,
resnet50,A,patient_disjoint,5,0.3333333333333333,0.4,0,,
resnet50,A,patient_disjoint,6,0.4,0.4666666666666667,3,0.4561610751027838,0.3333333333333333
resnet50,A,patient_disjoint,7,0.4666666666666667,0.5333333333333333,11,0.5082330296472998,0.5454545454545454
resnet50,A,patient_disjoint,8,0.5333333333333333,0.6,25,0.5684629161422261,0.48
resnet50,A,patient_disjoint,9,0.6,0.6666666666666666,27,0.6427079135876819,0.5925925925925926
resnet50,A,patient_disjoint,10,0.6666666666666666,0.7333333333333333,24,0.6928583903536826,0.5
resnet50,A,patient_disjoint,11,0.7333333333333333,0.8,35,0.766510321516539,0.6571428571428571
resnet50,A,patient_disjoint,12,0.8,0.8666666666666667,32,0.8412814514064766,0.65625
resnet50,A,patient_disjoint,13,0.8666666666666667,0.9333333333333333,95,0.9028259138646337,0.7263157894736842
resnet50,A,patient_disjoint,14,0.9333333333333333,1.0,2812,0.9967110403071078,0.9743954480796586
resnet50,B,image_level_seed11,0,0.0,0.06666666666666667,0,,
resnet50,B,image_level_seed11,1,0.06666666666666667,0.13333333333333333,0,,
resnet50,B,image_level_seed11,2,0.13333333333333333,0.2,0,,
resnet50,B,image_level_seed11,3,0.2,0.26666666666666666,0,,
resnet50,B,image_level_seed11,4,0.26666666666666666,0.3333333333333333,0,,
resnet50,B,image_level_seed11,5,0.3333333333333333,0.4,0,,
resnet50,B,image_level_seed11,6,0.4,0.4666666666666667,0,,
resnet50,B,image_level_seed11,7,0.4666666666666667,0.5333333333333333,6,0.5072388329761043,0.3333333333333333
resnet50,B,image_level_seed11,8,0.5333333333333333,0.6,13,0.56133971552265,0.46153846153846156
resnet50,B,image_level_seed11,9,0.6,0.6666666666666666,7,0.625493112901304,0.7142857142857143
resnet50,B,image_level_seed11,10,0.6666666666666666,0.7333333333333333,18,0.7069559134798359,0.6666666666666666
resnet50,B,image_level_seed11,11,0.7333333333333333,0.8,13,0.7722039909394327,0.7692307692307693
resnet50,B,image_level_seed11,12,0.8,0.8666666666666667,30,0.8344383467097128,0.8
resnet50,B,image_level_seed11,13,0.8666666666666667,0.9333333333333333,48,0.9060129997751605,0.8958333333333334
resnet50,B,image_level_seed11,14,0.9333333333333333,1.0,2929,0.9976659424867339,0.9959030385797201
mobilenet_v2,A,patient_disjoint,0,0.0,0.06666666666666667,0,,
mobilenet_v2,A,patient_disjoint,1,0.06666666666666667,0.13333333333333333,0,,
mobilenet_v2,A,patient_disjoint,2,0.13333333333333333,0.2,0,,
mobilenet_v2,A,patient_disjoint,3,0.2,0.26666666666666666,0,,
mobilenet_v2,A,patient_disjoint,4,0.26666666666666666,0.3333333333333333,0,,
mobilenet_v2,A,patient_disjoint,5,0.3333333333333333,0.4,1,0.366151478416219,1.0
mobilenet_v2,A,patient_disjoint,6,0.4,0.4666666666666667,2,0.4373723372620046,0.0
mobilenet_v2,A,patient_disjoint,7,0.4666666666666667,0.5333333333333333,20,0.5077069831950541,0.55
mobilenet_v2,A,patient_disjoint,8,0.5333333333333333,0.6,33,0.5678097270581153,0.5454545454545454
mobilenet_v2,A,patient_disjoint,9,0.6,0.6666666666666666,22,0.6380507800680607,0.5454545454545454
mobilenet_v2,A,patient_disjoint,10,0.6666666666666666,0.7333333333333333,28,0.6969918288143336,0.35714285714285715
mobilenet_v2,A,patient_disjoint,11,0.7333333333333333,0.8,42,0.7636609626546603,0.6666666666666666
mobilenet_v2,A,patient_disjoint,12,0.8,0.8666666666666667,56,0.8362877814262094,0.6607142857142857
mobilenet_v2,A,patient_disjoint,13,0.8666666666666667,0.9333333333333333,98,0.9011342474803155,0.7040816326530612
mobilenet_v2,A,patient_disjoint,14,0.9333333333333333,1.0,2762,0.996200461883511,0.9710354815351194
mobilenet_v2,B,image_level_seed11,0,0.0,0.06666666666666667,0,,
mobilenet_v2,B,image_level_seed11,1,0.06666666666666667,0.13333333333333333,0,,
mobilenet_v2,B,image_level_seed11,2,0.13333333333333333,0.2,0,,
mobilenet_v2,B,image_level_seed11,3,0.2,0.26666666666666666,0,,
mobilenet_v2,B,image_level_seed11,4,0.26666666666666666,0.3333333333333333,0,,
mobilenet_v2,B,image_level_seed11,5,0.3333333333333333,0.4,0,,
mobilenet_v2,B,image_level_seed11,6,0.4,0.4666666666666667,2,0.4568105791865059,0.0
mobilenet_v2,B,image_level_seed11,7,0.4666666666666667,0.5333333333333333,11,0.5063179986609037,0.8181818181818182
mobilenet_v2,B,image_level_seed11,8,0.5333333333333333,0.6,16,0.5717205278835615,0.6875
mobilenet_v2,B,image_level_seed11,9,0.6,0.6666666666666666,21,0.6327826189801982,0.6666666666666666
mobilenet_v2,B,image_level_seed11,10,0.6666666666666666,0.7333333333333333,19,0.6997262570599667,0.631578947368421
mobilenet_v2,B,image_level_seed11,11,0.7333333333333333,0.8,30,0.766176939299085,0.7
mobilenet_v2,B,image_level_seed11,12,0.8,0.8666666666666667,40,0.8343025456552992,0.8
mobilenet_v2,B,image_level_seed11,13,0.8666666666666667,0.9333333333333333,63,0.9034766096439811,0.8888888888888888
mobilenet_v2,B,image_level_seed11,14,0.9333333333333333,1.0,2862,0.9968274871370107,0.9912648497554158
efficientnet_b0,A,patient_disjoint,0,0.0,0.06666666666666667,0,,
efficientnet_b0,A,patient_disjoint,1,0.06666666666666667,0.13333333333333333,0,,
efficientnet_b0,A,patient_disjoint,2,0.13333333333333333,0.2,0,,
efficientnet_b0,A,patient_disjoint,3,0.2,0.26666666666666666,0,,
efficientnet_b0,A,patient_disjoint,4,0.26666666666666666,0.3333333333333333,0,,
efficientnet_b0,A,patient_disjoint,5,0.3333333333333333,0.4,1,0.3700328773017869,1.0
efficientnet_b0,A,patient_disjoint,6,0.4,0.4666666666666667,4,0.4379188638609477,0.5
efficientnet_b0,A,patient_disjoint,7,0.4666666666666667,0.5333333333333333,27,0.5064519869105194,0.2962962962962963
efficientnet_b0,A,patient_disjoint,8,0.5333333333333333,0.6,40,0.5680675222103077,0.525
efficientnet_b0,A,patient_disjoint,9,0.6,0.6666666666666666,32,0.6421237906197832,0.59375
efficientnet_b0,A,patient_disjoint,10,0.6666666666666666,0.7333333333333333,40,0.6997334945739343,0.675
efficientnet_b0,A,patient_disjoint,11,0.7333333333333333,0.8,46,0.7708710812148891,0.8260869565217391
efficientnet_b0,A,patient_disjoint,12,0.8,0.8666666666666667,59,0.8339013732428734,0.6779661016949152
efficientnet_b0,A,patient_disjoint,13,0.8666666666666667,0.9333333333333333,103,0.9041532739582936,0.7961165048543689
efficientnet_b0,A,patient_disjoint,14,0.9333333333333333,1.0,2712,0.994939835562862,0.9712389380530974
efficientnet_b0,B,image_level_seed11,0,0.0,0.06666666666666667,0,,
efficientnet_b0,B,image_level_seed11,1,0.06666666666666667,0.13333333333333333,0,,
efficientnet_b0,B,image_level_seed11,2,0.13333333333333333,0.2,0,,
efficientnet_b0,B,image_level_seed11,3,0.2,0.26666666666666666,0,,
efficientnet_b0,B,image_level_seed11,4,0.26666666666666666,0.3333333333333333,0,,
efficientnet_b0,B,image_level_seed11,5,0.3333333333333333,0.4,0,,
efficientnet_b0,B,image_level_seed11,6,0.4,0.4666666666666667,2,0.4396751532933997,1.0
efficientnet_b0,B,image_level_seed11,7,0.4666666666666667,0.5333333333333333,16,0.5088285288221083,0.1875
efficientnet_b0,B,image_level_seed11,8,0.5333333333333333,0.6,22,0.5642891173461404,0.45454545454545453
efficientnet_b0,B,image_level_seed11,9,0.6,0.6666666666666666,26,0.6317852618201114,0.7307692307692307
efficientnet_b0,B,image_level_seed11,10,0.6666666666666666,0.7333333333333333,15,0.698210208856678,0.7333333333333333
efficientnet_b0,B,image_level_seed11,11,0.7333333333333333,0.8,24,0.7703962719846854,0.75
efficientnet_b0,B,image_level_seed11,12,0.8,0.8666666666666667,55,0.83585227630288,0.7272727272727273
efficientnet_b0,B,image_level_seed11,13,0.8666666666666667,0.9333333333333333,73,0.9030763603862341,0.9041095890410958
efficientnet_b0,B,image_level_seed11,14,0.9333333333333333,1.0,2831,0.9957003971490267,0.9939950547509714
densenet121,A,patient_disjoint,0,0.0,0.06666666666666667,0,,
densenet121,A,patient_disjoint,1,0.06666666666666667,0.13333333333333333,0,,
densenet121,A,patient_disjoint,2,0.13333333333333333,0.2,0,,
densenet121,A,patient_disjoint,3,0.2,0.26666666666666666,0,,
densenet121,A,patient_disjoint,4,0.26666666666666666,0.3333333333333333,0,,
densenet121,A,patient_disjoint,5,0.3333333333333333,0.4,2,0.37523304200947316,1.0
densenet121,A,patient_disjoint,6,0.4,0.4666666666666667,3,0.4351167861454606,0.6666666666666666
densenet121,A,patient_disjoint,7,0.4666666666666667,0.5333333333333333,15,0.5096877525597125,0.4666666666666667
densenet121,A,patient_disjoint,8,0.5333333333333333,0.6,36,0.5611012131052148,0.6111111111111112
densenet121,A,patient_disjoint,9,0.6,0.6666666666666666,28,0.6295546347604312,0.6428571428571429
densenet121,A,patient_disjoint,10,0.6666666666666666,0.7333333333333333,33,0.7004865344585458,0.5151515151515151
densenet121,A,patient_disjoint,11,0.7333333333333333,0.8,24,0.7689248587886038,0.5
densenet121,A,patient_disjoint,12,0.8,0.8666666666666667,55,0.8346332980992864,0.6545454545454545
densenet121,A,patient_disjoint,13,0.8666666666666667,0.9333333333333333,76,0.9009356125052533,0.8552631578947368
densenet121,A,patient_disjoint,14,0.9333333333333333,1.0,2792,0.995448735685385,0.9813753581661891
densenet121,B,image_level_seed11,0,0.0,0.06666666666666667,0,,
densenet121,B,image_level_seed11,1,0.06666666666666667,0.13333333333333333,0,,
densenet121,B,image_level_seed11,2,0.13333333333333333,0.2,0,,
densenet121,B,image_level_seed11,3,0.2,0.26666666666666666,0,,
densenet121,B,image_level_seed11,4,0.26666666666666666,0.3333333333333333,0,,
densenet121,B,image_level_seed11,5,0.3333333333333333,0.4,1,0.3411918224982629,1.0
densenet121,B,image_level_seed11,6,0.4,0.4666666666666667,0,,
densenet121,B,image_level_seed11,7,0.4666666666666667,0.5333333333333333,9,0.5130591017428102,0.4444444444444444
densenet121,B,image_level_seed11,8,0.5333333333333333,0.6,12,0.568668867036385,0.3333333333333333
densenet121,B,image_level_seed11,9,0.6,0.6666666666666666,19,0.6344245440426887,0.5789473684210527
densenet121,B,image_level_seed11,10,0.6666666666666666,0.7333333333333333,12,0.6943900852766561,0.5833333333333334
densenet121,B,image_level_seed11,11,0.7333333333333333,0.8,16,0.7629819691315123,0.6875
densenet121,B,image_level_seed11,12,0.8,0.8666666666666667,33,0.8330690921896081,0.7878787878787878
densenet121,B,image_level_seed11,13,0.8666666666666667,0.9333333333333333,48,0.903659921948376,0.9166666666666666
densenet121,B,image_level_seed11,14,0.9333333333333333,1.0,2914,0.9967028964580925,0.9958819492107069
