metric,A,A_ci_lo,A_ci_hi,B,B_ci_lo,B_ci_hi,delta_B_minus_A,delta_ci_lo,delta_ci_hi,ci_excludes_0,boot_frac_delta_gt0,class
balanced_accuracy,0.9386349289361151,0.9113701549368801,0.9608117838614538,0.9816336637586073,0.9745170621723337,0.9880366124816516,0.04299873482249217,0.023741508096517584,0.06734192730720931,True,1.0,
macro_f1,0.9393780944885529,0.9127570251897821,0.9612469922959769,0.9829701754597306,0.9764582055764572,0.9888083511339312,0.04359208097117773,0.024313478837852752,0.06727527274387066,True,1.0,
accuracy,0.9464751958224543,0.9237678197069679,0.9656543168612342,0.985313315926893,0.9799742210662352,0.9902708715256069,0.038838120104438656,0.02194907656638402,0.05900139039255238,True,1.0,
ece,0.0320626575381584,0.01760361586183019,0.05219738346120974,0.003398033866950998,0.002554257031206318,0.008423435926841392,-0.028664623671207402,-0.0455516956651273,-0.013394296029542094,True,0.0,
brier,0.08789739186584268,0.055602495943340303,0.1265494592644291,0.02236428834316405,0.015217801078829335,0.030318822901433794,-0.06553310352267863,-0.10065146094285679,-0.03759007769601425,True,0.0,
recall_c0,0.8813559322033898,0.8124055476280789,0.9357681942741213,0.9562146892655368,0.9364245548266167,0.9738506378937162,0.07485875706214695,0.029023343873995522,0.135097422139125,True,0.9998,meningioma
precision_c0,0.9082969432314411,0.8510218952774212,0.9584574866776873,0.9825834542815675,0.9703700814699254,0.9927438924637364,0.0742865110501264,0.03009767551668377,0.12371090131346987,True,1.0,meningioma
f1_c0,0.8946236559139785,0.8457702413522226,0.9342758707723371,0.9692197566213314,0.9570626684733106,0.9800578526459077,0.0745961007073529,0.040718808545136057,0.11733778029022911,True,1.0,meningioma
recall_c1,0.9614305750350631,0.9328674807026883,0.9844712590979686,0.9929873772791024,0.9873921568012265,0.9973615210551307,0.03155680224403923,0.01158517954234393,0.05654574903288178,True,1.0,glioma
precision_c1,0.9621052631578947,0.940391980109652,0.9795764380144777,0.9888268156424581,0.9827827388314451,0.9938612634685524,0.026721552484563427,0.010733219881665795,0.04634182756545645,True,1.0,glioma
f1_c1,0.9617678007716589,0.942977496329599,0.9770080645911714,0.9909027291812456,0.9869544684669967,0.9944253437273676,0.029134928409586647,0.015693217797418516,0.04572343857027502,True,1.0,glioma
recall_c2,0.9731182795698925,0.9380214137626377,0.9989451476793249,0.9956989247311828,0.989722007944478,1.0,0.022580645161290325,-0.0010374253565399061,0.05573216753135018,False,0.9512,pituitary
precision_c2,0.9506302521008403,0.9075855888599079,0.982043742660181,0.9819724284199364,0.9704328015720364,0.9920331118963062,0.03134217631909608,0.003909832878561887,0.06895016443630007,True,0.9944,pituitary
f1_c2,0.9617428267800212,0.93360932329769,0.9832350854314565,0.9887880405766151,0.982300758605702,0.9943886704192046,0.02704521379659386,0.007332117629979027,0.053101576565835716,True,0.9998,pituitary
