arm,true,pred,count
A_patient_disjoint,meningioma,meningioma,624
A_patient_disjoint,meningioma,glioma,42
A_patient_disjoint,meningioma,pituitary,42
A_patient_disjoint,glioma,meningioma,50
A_patient_disjoint,glioma,glioma,1371
A_patient_disjoint,glioma,pituitary,5
A_patient_disjoint,pituitary,meningioma,13
A_patient_disjoint,pituitary,glioma,12
A_patient_disjoint,pituitary,pituitary,905
B_imagelevel_seed11,meningioma,meningioma,677
B_imagelevel_seed11,meningioma,glioma,15
B_imagelevel_seed11,meningioma,pituitary,16
B_imagelevel_seed11,glioma,meningioma,9
B_imagelevel_seed11,glioma,glioma,1416
B_imagelevel_seed11,glioma,pituitary,1
B_imagelevel_seed11,pituitary,meningioma,3
B_imagelevel_seed11,pituitary,glioma,1
B_imagelevel_seed11,pituitary,pituitary,926
