section,variable,population,level,n_images,n_patients,correct_mean,correct_ci_lo,correct_ci_hi,conf_mean,conf_ci_lo,conf_ci_hi,brier_mean,brier_ci_lo,brier_ci_hi,A_correct_mean,A_correct_ci_lo,A_correct_ci_hi,A_conf_mean,A_conf_ci_lo,A_conf_ci_hi,A_brier_mean,A_brier_ci_lo,A_brier_ci_hi,spearman_rho,ci_lo,ci_hi,n_boot_reps,mean,sd,mean_slices_per_patient,median_slices_per_patient,frac_patients_MR_prefixed,coef,p
binned_B_with_A_descriptive,n_other_train,all,0,13.0,9.0,0.8461538461538461,0.6666666666666666,1.0,0.9500113799564311,0.9184938175713107,0.9965644606089208,0.21738023877315313,0.00017706471563387082,0.6636101494809755,0.9230769230769231,0.6666666666666666,1.0,0.9524789944791539,0.9074904195368614,0.992963813301904,0.16289382853708925,0.0020896907257718397,0.6544376287449118,,,,,,,,,,,
binned_B_with_A_descriptive,n_other_train,all,1-9,819.0,126.0,0.978021978021978,0.9651934705112585,0.9890009439707673,0.9773647926810423,0.9695708890101052,0.9841075447506711,0.03600720627497007,0.020988622325847223,0.05479546498351857,0.9169719169719169,0.8775504471451502,0.9521537456335264,0.9663591228805277,0.9563333223186417,0.9751960179566216,0.13260193594788372,0.07698807159185427,0.19609470735356588,,,,,,,,,,,
binned_B_with_A_descriptive,n_other_train,all,10-13,838.0,101.0,0.9821002386634845,0.9698009123418302,0.9926473287552907,0.990382933271148,0.9854338082668784,0.9945263026398348,0.025131258291391803,0.010311034414209075,0.04183000754365438,0.9439140811455847,0.9069767441860465,0.9727288188002474,0.9729863678462217,0.9602017161873613,0.9838674813846418,0.09059523176497382,0.04545187367501598,0.1445341015422952,,,,,,,,,,,
binned_B_with_A_descriptive,n_other_train,all,14-17,718.0,83.0,0.9888579387186629,0.9799382716049383,0.9961621406625165,0.9925225343179118,0.9878231639822669,0.9963423308502767,0.01721759395956813,0.005562528630987623,0.03218210740613331,0.9387186629526463,0.8753212549958463,0.98356819097502,0.9828722332029373,0.9714846534187019,0.9918193604392976,0.10418653695886924,0.02477783950924767,0.2252944247156583,,,,,,,,,,,
binned_B_with_A_descriptive,n_other_train,all,18+,676.0,45.0,0.9970414201183432,0.9922360248447205,1.0,0.995243326157199,0.9926967499595428,0.9975091947968627,0.004121460841785386,0.0005182406623258013,0.008963074727262455,0.9940828402366864,0.9818906965106702,1.0,0.994860830010257,0.9902092200270421,0.9980029927701455,0.01164832190699248,0.00046907273521163003,0.03317875553373445,,,,,,,,,,,
binned_B_with_A_descriptive,n_other_train,meningioma,0,12.0,8.0,0.8333333333333334,0.625,1.0,0.9458460153422719,0.9145121194220628,0.9958318601390707,0.23549525866865306,0.00020611866535625691,0.7240988045515873,0.9166666666666666,0.6666666666666666,1.0,0.9485198247084313,0.8969574312117409,0.9911093293337515,0.17646831423347334,0.0023510648887243215,0.6809193740875047,,,,,,,,,,,
binned_B_with_A_descriptive,n_other_train,meningioma,1-9,322.0,57.0,0.9565217391304348,0.9283381784642686,0.9798657718120806,0.9636220965803666,0.9483726267377918,0.9762992103035887,0.0638393911997288,0.032945805722081306,0.10427901336137407,0.860248447204969,0.7834253686281385,0.9262332796942573,0.9474230270662244,0.932290662297048,0.9621877384977436,0.22284555503054684,0.11653830604098109,0.3484152891525072,,,,,,,,,,,
binned_B_with_A_descriptive,n_other_train,meningioma,10-13,250.0,29.0,0.952,0.9173904060366511,0.9843152573529411,0.979470130863369,0.9664297982232049,0.9909962789340908,0.0700010619627767,0.02443868758348666,0.12017053491343414,0.928,0.8775490037912398,0.967214605067064,0.9501347712647746,0.9266296458415576,0.9720369538406142,0.13286715865440654,0.05850901979728967,0.22978908786350608,,,,,,,,,,,
binned_B_with_A_descriptive,n_other_train,meningioma,14-17,117.0,17.0,0.9743589743589743,0.9416037051265633,1.0,0.9820470262212649,0.9652626898087988,0.9953014972849274,0.0452370583094821,0.000678954810992117,0.10532276270466344,0.8290598290598291,0.5350181199209313,1.0,0.9849510426277803,0.9711170072560114,0.9944423469152001,0.33099387653138884,0.00245349547718612,0.9110266252526739,,,,,,,,,,,
binned_B_with_A_descriptive,n_other_train,meningioma,18+,7.0,5.0,1.0,1.0,1.0,0.9880087573487104,0.9766986173439687,0.9997437745237248,0.0018392991383815618,1.342691260912872e-07,0.003677161447410157,1.0,1.0,1.0,0.9966437502914106,0.9905304477795449,0.9998386798221501,4.5428568476345945e-05,5.313731678621349e-08,0.0001491314716390216,,,,,,,,,,,
binned_B_with_A_descriptive,n_other_train,glioma,1-9,248.0,38.0,0.9919354838709677,0.9785407725321889,1.0,0.9782443834601224,0.965076255631483,0.9891597907076088,0.023806303045498686,0.0060442113494434575,0.048120154816614316,0.9314516129032258,0.8626301330248699,0.9847720561270772,0.9700050554038525,0.9474738395094419,0.987878704514029,0.10886714209779132,0.02481720800011283,0.21549907008955085,,,,,,,,,,,
binned_B_with_A_descriptive,n_other_train,glioma,10-13,271.0,30.0,0.992619926199262,0.9816832983193277,1.0,0.9935673815930797,0.9870423874018943,0.9981799829473528,0.010920412665128932,0.00016745124144100038,0.02647421051222029,0.9520295202952029,0.9037781596029019,0.988889913899139,0.987963793570759,0.9790315154872863,0.995558087225354,0.07805300912926566,0.017089737135932894,0.1600690111377411,,,,,,,,,,,
binned_B_with_A_descriptive,n_other_train,glioma,14-17,366.0,39.0,0.9863387978142076,0.9736824746562978,0.9968948891956139,0.991472308009109,0.9846438587182118,0.9966933106750854,0.01931030564396796,0.00453999705357124,0.038146670395202954,0.9426229508196722,0.879407602663707,0.9913560129126417,0.9780475131277946,0.9579425362700044,0.9933087654362492,0.08677271469120858,0.014010150155363497,0.1819364383485876,,,,,,,,,,,
binned_B_with_A_descriptive,n_other_train,glioma,18+,541.0,31.0,0.9981515711645101,0.9936099680511182,1.0,0.995592869589238,0.9928849500816392,0.9980443488783123,0.003269342944817657,0.0001880131761869853,0.008266543073137171,0.9926062846580407,0.976922268907563,1.0,0.9952122845401867,0.9898754647677278,0.9983513542019424,0.013743783247674737,0.00025486102142583663,0.0415416257686678,,,,,,,,,,,
binned_B_with_A_descriptive,n_other_train,pituitary,0,1.0,1.0,1.0,1.0,1.0,0.9999957553263428,0.9999957553263427,0.9999957553263428,2.7153795041854054e-11,2.7153795041854054e-11,2.7153795041854054e-11,1.0,1.0,1.0,0.9999890317278254,0.9999890317278254,0.9999890317278254,1.804798629010619e-10,1.804798629010619e-10,1.804798629010619e-10,,,,,,,,,,,
binned_B_with_A_descriptive,n_other_train,pituitary,1-9,249.0,31.0,0.9919678714859438,0.9735966327910324,1.0,0.9942604136899004,0.9830077646219114,0.9994598641799145,0.012167288424113026,7.164756187998101e-06,0.03996823597000232,0.9759036144578314,0.9207898983730972,1.0,0.9872154746332233,0.9724361107359255,0.9971399860988581,0.03954082562742338,0.0005596194245455974,0.1209067931230626,,,,,,,,,,,
binned_B_with_A_descriptive,n_other_train,pituitary,10-13,317.0,42.0,0.9968454258675079,0.9891294466403162,1.0,0.9962668925982814,0.9917549424083616,0.9992708230495081,0.0018936817830984816,1.830444022653543e-05,0.006076302072586556,0.9495268138801262,0.8683382790972679,1.0,0.9782040863762287,0.9520046062833819,0.9964587566685722,0.06797996555651552,0.0015341885444227984,0.17885519090267807,,,,,,,,,,,
binned_B_with_A_descriptive,n_other_train,pituitary,14-17,235.0,27.0,1.0,1.0,1.0,0.9993736716639947,0.9990239013697065,0.9996319935221178,8.190532205267284e-06,2.518149904309667e-06,1.603364710921444e-05,0.9872340425531915,0.9531188645287958,1.0,0.9893514963722798,0.9751070811411602,0.998188399000623,0.01838653789495013,0.0005556976045517627,0.05831844250050305,,,,,,,,,,,
binned_B_with_A_descriptive,n_other_train,pituitary,18+,128.0,9.0,0.9921875,0.9736842105263158,1.0,0.9941615994769359,0.986956519113548,0.9998017519836829,0.00784779610884295,4.1941212246476316e-07,0.02548172812414162,1.0,1.0,1.0,0.9932778820207244,0.9813620338683277,0.9995892974795013,0.003426256813715232,4.460561130554832e-06,0.011249636558030632,,,,,,,,,,,
binned_B_with_A_descriptive,frac_other_train,all,"(0,0.65]",354.0,63.0,0.9717514124293786,0.9494935308137555,0.9896106142991956,0.9819722503751522,0.9704381870798112,0.9908780035354722,0.04630422167342001,0.018271623982449452,0.08161492424565214,0.9293785310734464,0.8799945355191257,0.9700302981007767,0.9727952453168422,0.9595450208667716,0.9837924245460506,0.1154427392763441,0.04756743603439679,0.19984845322771622,,,,,,,,,,,
binned_B_with_A_descriptive,frac_other_train,all,"(0.65,0.8]",1219.0,162.0,0.9917965545529123,0.9857943234207117,0.9967245298408846,0.991226698310417,0.987172595596925,0.9945192937869854,0.013007910525549636,0.0061016320347120085,0.021516508459088104,0.9598031173092699,0.9369445666668467,0.9784956185382393,0.9831294593662743,0.9767680719245919,0.9885079935378152,0.0640503339200536,0.034642486564226145,0.09974542951756528,,,,,,,,,,,
binned_B_with_A_descriptive,frac_other_train,all,"(0.8,0.9]",924.0,139.0,0.9880952380952381,0.980414181801753,0.9948187869425761,0.9909734481514509,0.9872575256692513,0.9942939399898079,0.016870556711220622,0.007010449466370881,0.028657881714115273,0.9404761904761905,0.8934190308566959,0.9757896763360546,0.9806128388226089,0.9718859325381402,0.9877284822477062,0.10025988113123357,0.03800215545268972,0.1899021055762323,,,,,,,,,,,
binned_B_with_A_descriptive,frac_other_train,all,"(0.9,1.0]",554.0,202.0,0.9783393501805054,0.9643510452961672,0.9906890130353817,0.9823742661450902,0.9761915596971907,0.9877986935339008,0.03224098298772584,0.015509251205771601,0.05227166836102494,0.9386281588447654,0.9115643188683415,0.9632883150880533,0.9677766995292196,0.9572037203771531,0.9774287776986621,0.10038948012333732,0.062124310434057826,0.14261836434473407,,,,,,,,,,,
binned_B_with_A_descriptive,frac_other_train,all,0,6.0,2.0,0.8333333333333334,0.75,1.0,0.8986030065511975,0.8963050201948944,0.9031989792638037,0.139075339040489,0.032237642224457796,0.19249418744850458,1.0,1.0,1.0,0.9399687307066706,0.8834937857385626,0.9682062031907247,0.012171256659772646,0.004237309421542182,0.028039151136233575,,,,,,,,,,,
binned_B_with_A_descriptive,frac_other_train,all,single-slice (NA),7.0,7.0,0.8571428571428571,0.5,1.0,0.9940757000180602,0.9881407725258721,0.9990549272007259,0.2844987242582938,2.016370929434073e-05,0.9952993395121643,0.8571428571428571,0.5,1.0,0.9632020777127109,0.8929546952455817,0.999120470628021,0.29208460443193207,2.0158171236411415e-06,0.9814998035033017,,,,,,,,,,,
binned_B_with_A_descriptive,frac_other_train,meningioma,"(0,0.65]",129.0,27.0,0.9457364341085271,0.8877551020408163,0.9881656804733728,0.9692047440395705,0.9395209954593035,0.9893605983224389,0.08329546640069417,0.021197929360035422,0.17234510534719527,0.9147286821705426,0.8378378378378378,0.9718342766881664,0.9567456252911446,0.9309303654042463,0.976375805948176,0.13645593641700138,0.04294993375893093,0.2653268564591231,,,,,,,,,,,
binned_B_with_A_descriptive,frac_other_train,meningioma,"(0.65,0.8]",220.0,41.0,0.9681818181818181,0.9398888129933213,0.9909502262443439,0.9774466417705484,0.9624886740747899,0.9888546331806269,0.049997129843693436,0.017758007435679325,0.09053222507727211,0.8954545454545455,0.8232044198895028,0.9530516431924883,0.9573066961923876,0.9417519473127228,0.9710647823788447,0.1754952900317193,0.07747731761000844,0.30189875446053044,,,,,,,,,,,
binned_B_with_A_descriptive,frac_other_train,meningioma,"(0.8,0.9]",178.0,32.0,0.9662921348314607,0.9393939393939394,0.9923091603053436,0.9768258552119683,0.9638810730976416,0.9888377365228029,0.04833779882982269,0.01015283762073975,0.09198269385775154,0.8370786516853933,0.6451577991900572,0.9681535900405327,0.9663136575146284,0.9456010760741519,0.9818770634931177,0.29850928533523,0.04480379386985228,0.6826508557187273,,,,,,,,,,,
binned_B_with_A_descriptive,frac_other_train,meningioma,"(0.9,1.0]",169.0,70.0,0.9467455621301775,0.906832298136646,0.981710088691796,0.964667075654992,0.9506194284309386,0.9771546517876664,0.07700324526730398,0.028556038721955244,0.13508234872745456,0.8816568047337278,0.8131797235023042,0.9431838330109606,0.9395751237190604,0.9187224098051736,0.9596004184520978,0.20327353575826745,0.10689412728385822,0.3108922524232394,,,,,,,,,,,
binned_B_with_A_descriptive,frac_other_train,meningioma,0,6.0,2.0,0.8333333333333334,0.75,1.0,0.8986030065511975,0.8963050201948944,0.9031989792638037,0.139075339040489,0.032237642224457796,0.19249418744850458,1.0,1.0,1.0,0.9399687307066706,0.8834937857385626,0.9682062031907247,0.012171256659772646,0.004237309421542182,0.028039151136233575,,,,,,,,,,,
binned_B_with_A_descriptive,frac_other_train,meningioma,single-slice (NA),6.0,6.0,0.8333333333333334,0.5,1.0,0.9930890241333463,0.98638274814483,0.9987413178255203,0.33191517829681716,2.691265989918795e-05,0.9955829299720605,0.8333333333333334,0.5,1.0,0.9570709187101919,0.8780020983462982,0.9988431263632653,0.3407653718071741,2.9030422745066424e-06,1.0213655118324185,,,,,,,,,,,
binned_B_with_A_descriptive,frac_other_train,glioma,"(0,0.65]",124.0,20.0,0.9838709677419355,0.9583333333333334,1.0,0.9870711151493649,0.9758919723519364,0.9954225783925108,0.033572431965623116,0.0013498717363587172,0.08288225856871022,0.9193548387096774,0.8172010228166798,0.9911542901115813,0.9761323683704294,0.9499326875405446,0.995750534658229,0.13453064638585552,0.007338452111093595,0.31149163074370173,,,,,,,,,,,
binned_B_with_A_descriptive,frac_other_train,glioma,"(0.65,0.8]",621.0,72.0,0.9951690821256038,0.9889691616668841,1.0,0.9916812462945236,0.9853554853067167,0.9964419590401126,0.0077582020316895066,0.0016855205593100764,0.015766607155725733,0.964573268921095,0.9275559194481221,0.9906367771564795,0.9880558487192271,0.9772549518159681,0.9951740473105708,0.05205829406544639,0.012981319281353413,0.10750141123694498,,,,,,,,,,,
binned_B_with_A_descriptive,frac_other_train,glioma,"(0.8,0.9]",455.0,61.0,0.9912087912087912,0.9818583797155226,0.9979879275653923,0.9928764368177628,0.988691290447008,0.9964517931735969,0.013101990314782768,0.0032330664464611603,0.026864289741497353,0.967032967032967,0.9370266726475968,0.990530303030303,0.9852779843641446,0.9760217541652123,0.9928002980539297,0.05239467847872933,0.01559457808783378,0.09958244559875079,,,,,,,,,,,
binned_B_with_A_descriptive,frac_other_train,glioma,"(0.9,1.0]",226.0,79.0,0.995575221238938,0.9852923065778035,1.0,0.9883465650860361,0.9796757041829127,0.995082082519291,0.01220110959172403,0.0016184848471673876,0.029545139496273076,0.9646017699115044,0.9336278595821247,0.9906976744186047,0.9811951279671945,0.968460756477055,0.9917610836845354,0.06414175908826318,0.01830249856171314,0.11955597965925649,,,,,,,,,,,
binned_B_with_A_descriptive,frac_other_train,pituitary,"(0,0.65]",101.0,16.0,0.9900990099009901,0.9649122807017544,1.0,0.992019271021565,0.9739310117264376,0.9995220862829793,0.014689086563998697,3.4418288385640096e-06,0.051975960426459335,0.9603960396039604,0.8596491228070176,1.0,0.989197202986844,0.9729066409805235,0.9986472575024696,0.06516944311075791,3.259115135495597e-05,0.2290141423326155,,,,,,,,,,,
binned_B_with_A_descriptive,frac_other_train,pituitary,"(0.65,0.8]",378.0,49.0,1.0,1.0,1.0,0.9985000796348638,0.9971992081620827,0.9993547614881001,0.00010431455913562009,1.4116083535836528e-05,0.000243103517547383,0.9894179894179894,0.9642857142857143,1.0,0.9900652268532353,0.9819510549210037,0.996028640227541,0.018889398483928236,0.0017777701027018248,0.05406693125222387,,,,,,,,,,,
binned_B_with_A_descriptive,frac_other_train,pituitary,"(0.8,0.9]",291.0,46.0,0.9965635738831615,0.9894175220146951,1.0,0.996651838873293,0.9934074461169403,0.9992010025777212,0.003514984935509461,1.5067764868790843e-05,0.01046440031911687,0.9621993127147767,0.9044368600682594,1.0,0.9820651173498314,0.9611223775283716,0.9980101338864729,0.05383470332565998,0.00015952229619274312,0.13287078796370735,,,,,,,,,,,
binned_B_with_A_descriptive,frac_other_train,pituitary,"(0.9,1.0]",159.0,53.0,0.9874213836477987,0.9675324675324676,1.0,0.9927061883600131,0.9826677291712096,0.9993175648178187,0.013147832435824602,2.1696542961236444e-05,0.037338439413472806,0.9622641509433962,0.9187463662790697,0.9939759036144579,0.978679224591701,0.9579904765029355,0.9945664090221135,0.042556647114680456,0.005703627914134004,0.09245210537079342,,,,,,,,,,,
binned_B_with_A_descriptive,frac_other_train,pituitary,single-slice (NA),1.0,1.0,1.0,1.0,1.0,0.9999957553263428,0.9999957553263427,0.9999957553263428,2.7153795041854054e-11,2.7153795041854054e-11,2.7153795041854054e-11,1.0,1.0,1.0,0.9999890317278254,0.9999890317278254,0.9999890317278254,1.804798629010619e-10,1.804798629010619e-10,1.804798629010619e-10,,,,,,,,,,,
binned_B_with_A_descriptive,has_same_patient_train_slice,all,False,13.0,9.0,0.8461538461538461,0.6666666666666666,1.0,0.9500113799564311,0.9184938175713107,0.9965644606089208,0.21738023877315313,0.00017706471563387082,0.6636101494809755,0.9230769230769231,0.6666666666666666,1.0,0.9524789944791539,0.9074904195368614,0.992963813301904,0.16289382853708925,0.0020896907257718397,0.6544376287449118,,,,,,,,,,,
binned_B_with_A_descriptive,has_same_patient_train_slice,all,True,3051.0,224.0,0.9859062602425435,0.9805206009142644,0.9908662162917833,0.9884688074105286,0.9855426536381897,0.991116493421187,0.02153334525709723,0.014317349969767844,0.029244754942613246,0.9465748934775483,0.9237309390048154,0.9658009071283545,0.9783804924355715,0.9723272533633646,0.9838679352201604,0.0875778396938577,0.055431501634136855,0.1267963837957981,,,,,,,,,,,
binned_B_with_A_descriptive,has_same_patient_train_slice,meningioma,False,12.0,8.0,0.8333333333333334,0.625,1.0,0.9458460153422719,0.9145121194220628,0.9958318601390707,0.23549525866865306,0.00020611866535625691,0.7240988045515873,0.9166666666666666,0.6666666666666666,1.0,0.9485198247084313,0.8969574312117409,0.9911093293337515,0.17646831423347334,0.0023510648887243215,0.6809193740875047,,,,,,,,,,,
binned_B_with_A_descriptive,has_same_patient_train_slice,meningioma,True,696.0,74.0,0.9583333333333334,0.9387144992526159,0.9760646244808002,0.9726571999770822,0.9626734805830711,0.9811660945450937,0.06230195455917373,0.03626779581532426,0.09155410991100833,0.8807471264367817,0.8108077161130597,0.9360144754609797,0.9552006979468505,0.9408986401467464,0.9678148440579121,0.206465028645962,0.10545706639288024,0.3392984989497908,,,,,,,,,,,
binned_B_with_A_descriptive,has_same_patient_train_slice,glioma,True,1426.0,89.0,0.9929873772791024,0.9873921568012265,0.9973615210551307,0.9911332220820103,0.9873602491456923,0.9942292343482444,0.012412118784272258,0.00576001308233873,0.02058979087267604,0.9614305750350631,0.9328674807026883,0.9844712590979686,0.9850453559178437,0.976266279591497,0.9918802028601418,0.06125218585431811,0.024669113579331745,0.1074079359292989,,,,,,,,,,,
binned_B_with_A_descriptive,has_same_patient_train_slice,pituitary,False,1.0,1.0,1.0,1.0,1.0,0.9999957553263428,0.9999957553263427,0.9999957553263428,2.7153795041854054e-11,2.7153795041854054e-11,2.7153795041854054e-11,1.0,1.0,1.0,0.9999890317278254,0.9999890317278254,0.9999890317278254,1.804798629010619e-10,1.804798629010619e-10,1.804798629010619e-10,,,,,,,,,,,
binned_B_with_A_descriptive,has_same_patient_train_slice,pituitary,True,929.0,61.0,0.9956942949407965,0.9897013388259527,1.0,0.9962249144634305,0.9927269095638614,0.9986438246128804,0.004990736942784174,0.0001221109955646801,0.013125855851572993,0.9730893433799784,0.9379146831546517,0.9989440337909187,0.9855161669656356,0.9738458479251495,0.9944230621068183,0.03891788152864658,0.003606292931222327,0.08648695065498153,,,,,,,,,,,
spearman_B,n_other_train,all,correct,3064.0,,,,,,,,,,,,,,,,,,,,0.0822067957700166,0.041655270456565814,0.11986390873757692,2000.0,,,,,,,
spearman_B,n_other_train,all,conf,3064.0,,,,,,,,,,,,,,,,,,,,0.1711968353430958,0.1102013151514884,0.23540469085281798,2000.0,,,,,,,
spearman_B,n_other_train,all,brier_i,3064.0,,,,,,,,,,,,,,,,,,,,-0.17192616694606175,-0.23628135329124608,-0.11087984837501234,2000.0,,,,,,,
spearman_B,frac_other_train,all,correct,3057.0,,,,,,,,,,,,,,,,,,,,-0.0016642420803912206,-0.04213069715147867,0.03919524867517259,2000.0,,,,,,,
spearman_B,frac_other_train,all,conf,3057.0,,,,,,,,,,,,,,,,,,,,0.02621972679325237,-0.019227488203542586,0.07617699218104794,2000.0,,,,,,,
spearman_B,frac_other_train,all,brier_i,3057.0,,,,,,,,,,,,,,,,,,,,-0.02591174106539363,-0.07558498929801143,0.0194057692855391,2000.0,,,,,,,
spearman_B,n_other_train,meningioma,correct,708.0,,,,,,,,,,,,,,,,,,,,0.0804330682648358,-0.015966508404259495,0.17237809263845988,2000.0,,,,,,,
spearman_B,n_other_train,meningioma,conf,708.0,,,,,,,,,,,,,,,,,,,,0.13812236253501867,0.013640441437850962,0.2636325992715905,2000.0,,,,,,,
spearman_B,n_other_train,meningioma,brier_i,708.0,,,,,,,,,,,,,,,,,,,,-0.13383814249001613,-0.26242549825947054,-0.0043053269378032066,2000.0,,,,,,,
spearman_B,frac_other_train,meningioma,correct,702.0,,,,,,,,,,,,,,,,,,,,0.023537632114752603,-0.06530972487375189,0.11554704042369678,2000.0,,,,,,,
spearman_B,frac_other_train,meningioma,conf,702.0,,,,,,,,,,,,,,,,,,,,-0.039095196390483894,-0.13239571447002424,0.06125112873362568,2000.0,,,,,,,
spearman_B,frac_other_train,meningioma,brier_i,702.0,,,,,,,,,,,,,,,,,,,,0.036653113810203364,-0.062009654402453124,0.13037590327693052,2000.0,,,,,,,
spearman_B,n_other_train,glioma,correct,1426.0,,,,,,,,,,,,,,,,,,,,0.037459249138170954,-0.00546643557190451,0.07365630993006916,2000.0,,,,,,,
spearman_B,n_other_train,glioma,conf,1426.0,,,,,,,,,,,,,,,,,,,,0.17837179470412823,0.10104208860469907,0.2561934241911424,2000.0,,,,,,,
spearman_B,n_other_train,glioma,brier_i,1426.0,,,,,,,,,,,,,,,,,,,,-0.17923329615402253,-0.2570531897710557,-0.10156210852716666,2000.0,,,,,,,
spearman_B,frac_other_train,glioma,correct,1426.0,,,,,,,,,,,,,,,,,,,,-0.007005024949069218,-0.04946745419105788,0.0340115264268976,2000.0,,,,,,,
spearman_B,frac_other_train,glioma,conf,1426.0,,,,,,,,,,,,,,,,,,,,0.07334327564507206,-0.0034762051290301824,0.1476840498190749,2000.0,,,,,,,
spearman_B,frac_other_train,glioma,brier_i,1426.0,,,,,,,,,,,,,,,,,,,,-0.07257100679781157,-0.1462674147566113,0.0035210116301752216,2000.0,,,,,,,
spearman_B,n_other_train,pituitary,correct,930.0,,,,,,,,,,,,,,,,,,,,0.032105057005149644,-0.07700538555560525,0.12324688253632843,2000.0,,,,,,,
spearman_B,n_other_train,pituitary,conf,930.0,,,,,,,,,,,,,,,,,,,,0.06378257002101233,-0.03786814893846869,0.16987924386785178,2000.0,,,,,,,
spearman_B,n_other_train,pituitary,brier_i,930.0,,,,,,,,,,,,,,,,,,,,-0.06291681376266767,-0.16901728476475977,0.03863594989980188,2000.0,,,,,,,
spearman_B,frac_other_train,pituitary,correct,929.0,,,,,,,,,,,,,,,,,,,,-0.04105420491876665,-0.09440345861911793,0.0007009727014406391,2000.0,,,,,,,
spearman_B,frac_other_train,pituitary,conf,929.0,,,,,,,,,,,,,,,,,,,,0.03558346419198184,-0.04168466017379143,0.11763185977909137,2000.0,,,,,,,
spearman_B,frac_other_train,pituitary,brier_i,929.0,,,,,,,,,,,,,,,,,,,,-0.03519900922129373,-0.11685002910960465,0.041542907397337195,2000.0,,,,,,,
context,"spearman(n_other_train, n_other_total)",,B,,,,,,,,,,,,,,,,,,,,,0.9518910152261425,,,,,,,,,,
context,frac_other_train,,B_mean_sd_multislice,,,,,,,,,,,,,,,,,,,,,,,,,0.7949097261276856,0.1188493200546465,,,,,
context,patient_size_and_provenance_by_class,meningioma,,,82.0,,,,,,,,,,,,,,,,,,,,,,,,,8.634146341463415,6.5,0.0,,
context,patient_size_and_provenance_by_class,glioma,,,89.0,,,,,,,,,,,,,,,,,,,,,,,,,16.02247191011236,17.0,0.7528089887640449,,
context,patient_size_and_provenance_by_class,pituitary,,,62.0,,,,,,,,,,,,,,,,,,,,,,,,,15.0,15.0,0.0,,
ols_cluster_robust_B_exploratory,frac_other_train,,correct,3057.0,,,,,,,,,,,,,,,,,,,,,-0.03207822371627888,0.09105911658090912,,,,,,,0.029490446432315118,0.34783723092198526
ols_cluster_robust_B_exploratory,log_n_patient_slices,,correct,3057.0,,,,,,,,,,,,,,,,,,,,,0.002310264162229054,0.033497476694655574,,,,,,,0.017903870428442315,0.024427267693035146
ols_cluster_robust_B_exploratory,frac_other_train,,conf,3057.0,,,,,,,,,,,,,,,,,,,,,-0.013895531337342261,0.03608800613981477,,,,,,,0.011096237401236254,0.38418262193933816
ols_cluster_robust_B_exploratory,log_n_patient_slices,,conf,3057.0,,,,,,,,,,,,,,,,,,,,,0.009052955789811516,0.026036045843696676,,,,,,,0.017544500816754096,5.132515974922098e-05
ols_cluster_robust_B_exploratory,frac_other_train,,brier_i,3057.0,,,,,,,,,,,,,,,,,,,,,-0.11356214209001293,0.03783398367844411,,,,,,,-0.03786407920578441,0.32690271982331753
ols_cluster_robust_B_exploratory,log_n_patient_slices,,brier_i,3057.0,,,,,,,,,,,,,,,,,,,,,-0.04755608768000333,-0.005071372239192667,,,,,,,-0.026313729959597996,0.015187234242119126
