arm,fold,n,accuracy,balanced_accuracy,macro_f1
A_patient_disjoint,1,542,0.9686346863468634,0.9655543298400442,0.9634359826923712
A_patient_disjoint,2,679,0.9366715758468336,0.9289514557228467,0.9323731192649909
A_patient_disjoint,3,572,0.9423076923076923,0.9370996709126206,0.9362824131101353
A_patient_disjoint,4,628,0.964968152866242,0.9491411249890255,0.9545707324449646
A_patient_disjoint,5,643,0.9237947122861586,0.9185382645564838,0.9145541547995005
B_imagelevel_seed11,1,542,0.9797047970479705,0.9712263283691854,0.9757295324326991
B_imagelevel_seed11,2,679,0.9867452135493373,0.9840555575240053,0.9846317387212764
B_imagelevel_seed11,3,572,0.9877622377622378,0.9860786695319069,0.9863190488393522
B_imagelevel_seed11,4,628,0.9888535031847133,0.9861598070338383,0.986574199572302
B_imagelevel_seed11,5,643,0.9828926905132193,0.9796048304717125,0.9800998957861915
