image_id,orig_dtype,orig_min,orig_max,orig_shape
1,int16,0.0,3366.0,512x512
2,int16,0.0,3626.0,512x512
3,int16,0.0,3695.0,512x512
4,int16,0.0,4196.0,512x512
5,int16,0.0,3948.0,512x512
6,int16,0.0,3925.0,512x512
7,int16,0.0,3914.0,512x512
8,int16,0.0,3807.0,512x512
9,int16,0.0,2866.0,512x512
10,int16,0.0,2857.0,512x512
11,int16,0.0,3156.0,512x512
12,int16,0.0,2895.0,512x512
13,int16,0.0,3234.0,512x512
14,int16,0.0,2290.0,512x512
15,int16,0.0,1836.0,512x512
16,int16,0.0,2648.0,512x512
17,int16,0.0,2485.0,512x512
18,int16,0.0,2414.0,512x512
19,int16,0.0,2299.0,512x512
20,int16,0.0,4275.0,512x512
21,int16,0.0,4673.0,512x512
22,int16,0.0,3761.0,512x512
23,int16,0.0,3760.0,512x512
24,int16,0.0,5114.0,512x512
25,int16,0.0,5039.0,512x512
26,int16,0.0,4301.0,512x512
27,int16,0.0,2642.0,512x512
28,int16,0.0,4055.0,512x512
29,int16,0.0,4420.0,512x512
30,int16,0.0,4492.0,512x512
31,int16,0.0,4575.0,512x512
32,int16,0.0,4208.0,512x512
33,int16,0.0,4483.0,512x512
34,int16,0.0,2841.0,512x512
35,int16,0.0,3914.0,512x512
36,int16,0.0,867.0,512x512
37,int16,0.0,861.0,512x512
38,int16,0.0,929.0,512x512
39,int16,0.0,987.0,512x512
40,int16,0.0,1033.0,512x512
41,int16,0.0,1093.0,512x512
42,int16,0.0,1962.0,512x512
43,int16,0.0,2216.0,512x512
44,int16,0.0,2006.0,512x512
45,int16,0.0,5180.0,512x512
46,int16,0.0,4868.0,512x512
47,int16,0.0,4380.0,512x512
48,int16,0.0,4309.0,512x512
49,int16,0.0,4121.0,512x512
50,int16,0.0,4062.0,512x512
51,int16,0.0,4017.0,512x512
52,int16,0.0,3571.0,512x512
53,int16,0.0,3330.0,512x512
54,int16,0.0,2809.0,512x512
55,int16,0.0,2475.0,512x512
56,int16,0.0,4067.0,512x512
57,int16,0.0,4154.0,512x512
58,int16,0.0,3326.0,512x512
59,int16,0.0,906.0,512x512
60,int16,0.0,3009.0,512x512
61,int16,0.0,2944.0,512x512
62,int16,0.0,2115.0,512x512
63,int16,0.0,2069.0,512x512
64,int16,0.0,1854.0,512x512
65,int16,0.0,1669.0,512x512
66,int16,0.0,1567.0,512x512
67,int16,0.0,5596.0,512x512
68,int16,0.0,4057.0,512x512
69,int16,0.0,4269.0,512x512
70,int16,0.0,3867.0,512x512
71,int16,0.0,3266.0,512x512
72,int16,0.0,3182.0,512x512
73,int16,0.0,3727.0,512x512
74,int16,0.0,3517.0,512x512
75,int16,0.0,3446.0,512x512
76,int16,0.0,3115.0,512x512
77,int16,0.0,2844.0,512x512
78,int16,0.0,2396.0,512x512
79,int16,0.0,2151.0,512x512
80,int16,0.0,4263.0,512x512
81,int16,0.0,4239.0,512x512
82,int16,0.0,4095.0,512x512
83,int16,0.0,3931.0,512x512
84,int16,0.0,3887.0,512x512
85,int16,0.0,3515.0,512x512
86,int16,0.0,2828.0,512x512
87,int16,0.0,4715.0,512x512
88,int16,0.0,4673.0,512x512
89,int16,0.0,4928.0,512x512
90,int16,0.0,4913.0,512x512
91,int16,0.0,1355.0,512x512
92,int16,0.0,1302.0,512x512
93,int16,0.0,2331.0,512x512
94,int16,0.0,2487.0,512x512
95,int16,0.0,2350.0,512x512
96,int16,0.0,2451.0,512x512
97,int16,0.0,2348.0,512x512
98,int16,0.0,2241.0,512x512
99,int16,0.0,4626.0,512x512
100,int16,0.0,5047.0,512x512
101,int16,0.0,4814.0,512x512
102,int16,0.0,5190.0,512x512
103,int16,0.0,5530.0,512x512
104,int16,0.0,3707.0,512x512
105,int16,0.0,3795.0,512x512
106,int16,0.0,3536.0,512x512
107,int16,0.0,3031.0,512x512
108,int16,0.0,3189.0,512x512
109,int16,0.0,2627.0,512x512
110,int16,0.0,2163.0,512x512
111,int16,0.0,3295.0,512x512
112,int16,0.0,3898.0,512x512
113,int16,0.0,2763.0,512x512
114,int16,0.0,2570.0,512x512
115,int16,0.0,3691.0,512x512
116,int16,0.0,3289.0,512x512
117,int16,0.0,2942.0,512x512
118,int16,0.0,2364.0,512x512
119,int16,0.0,2664.0,512x512
120,int16,0.0,3080.0,512x512
121,int16,0.0,3773.0,512x512
122,int16,0.0,3536.0,512x512
123,int16,0.0,3752.0,512x512
124,int16,0.0,3154.0,512x512
125,int16,0.0,3337.0,512x512
126,int16,0.0,3340.0,512x512
127,int16,0.0,3432.0,512x512
128,int16,0.0,3996.0,512x512
129,int16,0.0,3979.0,512x512
130,int16,0.0,4169.0,512x512
131,int16,0.0,4493.0,512x512
132,int16,0.0,3014.0,512x512
133,int16,0.0,2512.0,512x512
134,int16,0.0,2449.0,512x512
135,int16,0.0,3645.0,512x512
136,int16,0.0,3276.0,512x512
137,int16,0.0,3202.0,512x512
138,int16,0.0,2530.0,512x512
139,int16,0.0,2009.0,512x512
140,int16,0.0,1730.0,512x512
141,int16,0.0,1611.0,512x512
142,int16,0.0,2648.0,512x512
143,int16,0.0,2594.0,512x512
144,int16,0.0,4245.0,512x512
145,int16,0.0,4608.0,512x512
146,int16,0.0,4561.0,512x512
147,int16,0.0,4367.0,512x512
148,int16,0.0,3875.0,512x512
149,int16,0.0,3588.0,512x512
150,int16,0.0,3212.0,512x512
151,int16,0.0,3898.0,512x512
152,int16,0.0,4210.0,512x512
153,int16,0.0,5118.0,512x512
154,int16,0.0,4793.0,512x512
155,int16,0.0,4786.0,512x512
156,int16,0.0,3927.0,512x512
157,int16,0.0,4287.0,512x512
158,int16,0.0,3581.0,512x512
159,int16,0.0,2974.0,512x512
160,int16,0.0,4958.0,512x512
161,int16,0.0,4436.0,512x512
162,int16,0.0,4544.0,512x512
163,int16,0.0,3255.0,512x512
164,int16,0.0,3654.0,512x512
165,int16,0.0,3703.0,512x512
166,int16,0.0,3628.0,512x512
167,int16,0.0,3874.0,512x512
168,int16,0.0,3464.0,512x512
169,int16,0.0,4062.0,512x512
170,int16,0.0,4196.0,512x512
171,int16,0.0,4139.0,512x512
172,int16,0.0,3765.0,512x512
173,int16,0.0,3470.0,512x512
174,int16,0.0,3155.0,512x512
175,int16,0.0,2722.0,512x512
176,int16,0.0,2649.0,512x512
177,int16,0.0,2484.0,512x512
178,int16,0.0,2166.0,512x512
179,int16,0.0,2005.0,512x512
180,int16,0.0,2554.0,512x512
181,int16,0.0,2369.0,512x512
182,int16,0.0,2134.0,512x512
183,int16,0.0,1844.0,512x512
184,int16,0.0,3597.0,512x512
185,int16,0.0,3933.0,512x512
186,int16,0.0,3669.0,512x512
187,int16,0.0,3110.0,512x512
188,int16,0.0,3443.0,512x512
189,int16,0.0,3516.0,512x512
190,int16,0.0,3638.0,512x512
191,int16,0.0,4123.0,512x512
192,int16,0.0,3266.0,512x512
193,int16,0.0,3709.0,512x512
194,int16,0.0,2593.0,512x512
195,int16,0.0,2382.0,512x512
196,int16,0.0,2039.0,512x512
197,int16,0.0,1768.0,512x512
198,int16,0.0,2358.0,512x512
199,int16,0.0,3007.0,512x512
200,int16,0.0,2150.0,512x512
201,int16,0.0,1724.0,512x512
202,int16,0.0,1588.0,512x512
203,int16,0.0,3212.0,512x512
204,int16,0.0,3743.0,512x512
205,int16,0.0,3694.0,512x512
206,int16,0.0,3588.0,512x512
207,int16,0.0,2957.0,512x512
208,int16,0.0,2646.0,512x512
209,int16,0.0,4284.0,512x512
210,int16,0.0,4482.0,512x512
211,int16,0.0,2454.0,512x512
212,int16,0.0,2346.0,512x512
213,int16,0.0,2407.0,512x512
214,int16,0.0,2517.0,512x512
215,int16,0.0,2562.0,512x512
216,int16,0.0,2780.0,512x512
217,int16,0.0,3000.0,512x512
218,int16,0.0,2766.0,512x512
219,int16,0.0,3018.0,512x512
220,int16,0.0,2677.0,512x512
221,int16,0.0,1933.0,512x512
222,int16,0.0,2284.0,512x512
223,int16,0.0,2386.0,512x512
224,int16,0.0,2373.0,512x512
225,int16,0.0,2157.0,512x512
226,int16,0.0,2319.0,512x512
227,int16,0.0,1685.0,512x512
228,int16,0.0,1861.0,512x512
229,int16,0.0,1543.0,512x512
230,int16,0.0,1642.0,512x512
231,int16,0.0,2803.0,512x512
232,int16,0.0,2879.0,512x512
233,int16,0.0,3316.0,512x512
234,int16,0.0,3081.0,512x512
235,int16,0.0,3076.0,512x512
236,int16,0.0,3790.0,512x512
237,int16,0.0,3506.0,512x512
238,int16,0.0,3675.0,512x512
239,int16,0.0,3230.0,512x512
240,int16,0.0,2659.0,512x512
241,int16,0.0,2448.0,512x512
242,int16,0.0,2945.0,512x512
243,int16,0.0,2936.0,512x512
244,int16,0.0,3022.0,512x512
245,int16,0.0,2806.0,512x512
246,int16,0.0,2586.0,512x512
247,int16,0.0,2528.0,512x512
248,int16,0.0,2785.0,512x512
249,int16,0.0,2946.0,512x512
250,int16,0.0,3183.0,512x512
251,int16,0.0,4107.0,512x512
252,int16,0.0,2513.0,512x512
253,int16,0.0,3035.0,512x512
254,int16,0.0,788.0,512x512
255,int16,0.0,743.0,512x512
256,int16,0.0,798.0,512x512
257,int16,0.0,855.0,512x512
258,int16,0.0,801.0,512x512
259,int16,0.0,760.0,512x512
260,int16,0.0,800.0,512x512
261,int16,0.0,1476.0,512x512
262,int16,0.0,1583.0,512x512
263,int16,0.0,1456.0,512x512
264,int16,0.0,1656.0,512x512
265,int16,0.0,1527.0,512x512
266,int16,0.0,1531.0,512x512
267,int16,0.0,1569.0,512x512
268,int16,0.0,1711.0,512x512
269,int16,0.0,3151.0,512x512
270,int16,0.0,3498.0,512x512
271,int16,0.0,3787.0,512x512
272,int16,0.0,3552.0,512x512
273,int16,0.0,3536.0,512x512
274,int16,0.0,4570.0,512x512
275,int16,0.0,3210.0,512x512
276,int16,0.0,2943.0,512x512
277,int16,0.0,3247.0,512x512
278,int16,0.0,2900.0,512x512
279,int16,0.0,3048.0,512x512
280,int16,0.0,3185.0,512x512
281,int16,0.0,3624.0,512x512
282,int16,0.0,3757.0,512x512
283,int16,0.0,3413.0,512x512
284,int16,0.0,3882.0,512x512
285,int16,0.0,3623.0,512x512
286,int16,0.0,2848.0,512x512
287,int16,0.0,2893.0,512x512
288,int16,0.0,3667.0,512x512
289,int16,0.0,3099.0,512x512
290,int16,0.0,1610.0,512x512
291,int16,0.0,1578.0,512x512
292,int16,0.0,1598.0,512x512
293,int16,0.0,1695.0,512x512
294,int16,0.0,3732.0,512x512
295,int16,0.0,4004.0,512x512
296,int16,0.0,3953.0,512x512
297,int16,0.0,3286.0,512x512
298,int16,0.0,3270.0,512x512
299,int16,0.0,2015.0,512x512
300,int16,0.0,2101.0,512x512
301,int16,0.0,2172.0,512x512
302,int16,0.0,2316.0,512x512
303,int16,0.0,2950.0,512x512
304,int16,0.0,3083.0,512x512
305,int16,0.0,2924.0,512x512
306,int16,0.0,3022.0,512x512
307,int16,0.0,3327.0,512x512
308,int16,0.0,3263.0,512x512
309,int16,0.0,3183.0,512x512
310,int16,0.0,3218.0,512x512
311,int16,0.0,4306.0,512x512
312,int16,0.0,4501.0,512x512
313,int16,0.0,4696.0,512x512
314,int16,0.0,4673.0,512x512
315,int16,0.0,1645.0,512x512
316,int16,0.0,1813.0,512x512
317,int16,0.0,2041.0,512x512
318,int16,0.0,1896.0,512x512
319,int16,0.0,1901.0,512x512
320,int16,0.0,3095.0,512x512
321,int16,0.0,2978.0,512x512
322,int16,0.0,3482.0,512x512
323,int16,0.0,3088.0,512x512
324,int16,0.0,3141.0,512x512
325,int16,0.0,2913.0,512x512
326,int16,0.0,2769.0,512x512
327,int16,0.0,2800.0,512x512
328,int16,0.0,2779.0,512x512
329,int16,0.0,2758.0,512x512
330,int16,0.0,2839.0,512x512
331,int16,0.0,3027.0,512x512
332,int16,0.0,2640.0,512x512
333,int16,0.0,2801.0,512x512
334,int16,0.0,2532.0,512x512
335,int16,0.0,2482.0,512x512
336,int16,0.0,2231.0,512x512
337,int16,0.0,2131.0,512x512
338,int16,0.0,2532.0,512x512
339,int16,0.0,2321.0,512x512
340,int16,0.0,2684.0,512x512
341,int16,0.0,2996.0,512x512
342,int16,0.0,2720.0,512x512
343,int16,0.0,2685.0,512x512
344,int16,0.0,2905.0,512x512
345,int16,0.0,2125.0,512x512
346,int16,0.0,2227.0,512x512
347,int16,0.0,2550.0,512x512
348,int16,0.0,2469.0,512x512
349,int16,0.0,2560.0,512x512
350,int16,0.0,2847.0,512x512
351,int16,0.0,2646.0,512x512
352,int16,0.0,2723.0,512x512
353,int16,0.0,2378.0,512x512
354,int16,0.0,2376.0,512x512
355,int16,0.0,2576.0,512x512
356,int16,0.0,2756.0,512x512
357,int16,0.0,2194.0,512x512
358,int16,0.0,2223.0,512x512
359,int16,0.0,2387.0,512x512
360,int16,0.0,2443.0,512x512
361,int16,0.0,2673.0,512x512
362,int16,0.0,3242.0,512x512
363,int16,0.0,3027.0,512x512
364,int16,0.0,2950.0,512x512
365,int16,0.0,2656.0,512x512
366,int16,0.0,1942.0,512x512
367,int16,0.0,2037.0,512x512
368,int16,0.0,2230.0,512x512
369,int16,0.0,2359.0,512x512
370,int16,0.0,2454.0,512x512
371,int16,0.0,2907.0,512x512
372,int16,0.0,2580.0,512x512
373,int16,0.0,2464.0,512x512
374,int16,0.0,2628.0,512x512
375,int16,0.0,2674.0,512x512
376,int16,0.0,2955.0,512x512
377,int16,0.0,3320.0,512x512
378,int16,0.0,3039.0,512x512
379,int16,0.0,3568.0,512x512
380,int16,0.0,3044.0,512x512
381,int16,0.0,3349.0,512x512
382,int16,0.0,2513.0,512x512
383,int16,0.0,2623.0,512x512
384,int16,0.0,2836.0,512x512
385,int16,0.0,2842.0,512x512
386,int16,0.0,3103.0,512x512
387,int16,0.0,3080.0,512x512
388,int16,0.0,3144.0,512x512
389,int16,0.0,3200.0,512x512
390,int16,0.0,3437.0,512x512
391,int16,0.0,3264.0,512x512
392,int16,0.0,3610.0,512x512
393,int16,0.0,2821.0,512x512
394,int16,0.0,2475.0,512x512
395,int16,0.0,1560.0,512x512
396,int16,0.0,1583.0,512x512
397,int16,0.0,1549.0,512x512
398,int16,0.0,1853.0,512x512
399,int16,0.0,2155.0,512x512
400,int16,0.0,2088.0,512x512
401,int16,0.0,1867.0,512x512
402,int16,0.0,1911.0,512x512
403,int16,0.0,2088.0,512x512
404,int16,0.0,2254.0,512x512
405,int16,0.0,2753.0,512x512
406,int16,0.0,2986.0,512x512
407,int16,0.0,3004.0,512x512
408,int16,0.0,2640.0,512x512
409,int16,0.0,2922.0,512x512
410,int16,0.0,2827.0,512x512
411,int16,0.0,3234.0,512x512
412,int16,0.0,2984.0,512x512
413,int16,0.0,3031.0,512x512
414,int16,0.0,2518.0,512x512
415,int16,0.0,2642.0,512x512
416,int16,0.0,2662.0,512x512
417,int16,0.0,2746.0,512x512
418,int16,0.0,3021.0,512x512
419,int16,0.0,3217.0,512x512
420,int16,0.0,3118.0,512x512
421,int16,0.0,2895.0,512x512
422,int16,0.0,2943.0,512x512
423,int16,0.0,2547.0,512x512
424,int16,0.0,2603.0,512x512
425,int16,0.0,2508.0,512x512
426,int16,0.0,2535.0,512x512
427,int16,0.0,2551.0,512x512
428,int16,0.0,2881.0,512x512
429,int16,0.0,2688.0,512x512
430,int16,0.0,2228.0,512x512
431,int16,0.0,2362.0,512x512
432,int16,0.0,2239.0,512x512
433,int16,0.0,2371.0,512x512
434,int16,0.0,2390.0,512x512
435,int16,0.0,2251.0,512x512
436,int16,0.0,2263.0,512x512
437,int16,0.0,3351.0,512x512
438,int16,0.0,3049.0,512x512
439,int16,0.0,3141.0,512x512
440,int16,0.0,3338.0,512x512
441,int16,0.0,3772.0,512x512
442,int16,0.0,2370.0,512x512
443,int16,0.0,2272.0,512x512
444,int16,0.0,2276.0,512x512
445,int16,0.0,2481.0,512x512
446,int16,0.0,2368.0,512x512
447,int16,0.0,2347.0,512x512
448,int16,0.0,2496.0,512x512
449,int16,0.0,2509.0,512x512
450,int16,0.0,892.0,512x512
451,int16,0.0,869.0,512x512
452,int16,0.0,861.0,512x512
453,int16,0.0,950.0,512x512
454,int16,0.0,993.0,512x512
455,int16,0.0,2192.0,512x512
456,int16,0.0,2276.0,512x512
457,int16,0.0,2247.0,512x512
458,int16,0.0,1950.0,512x512
459,int16,0.0,1012.0,512x512
460,int16,0.0,997.0,512x512
461,int16,0.0,1658.0,512x512
462,int16,0.0,1664.0,512x512
463,int16,0.0,1684.0,512x512
464,int16,0.0,1741.0,512x512
465,int16,0.0,2416.0,512x512
466,int16,0.0,2338.0,512x512
467,int16,0.0,2578.0,512x512
468,int16,0.0,2605.0,512x512
469,int16,0.0,2521.0,512x512
470,int16,0.0,2469.0,512x512
471,int16,0.0,820.0,512x512
472,int16,0.0,920.0,512x512
473,int16,0.0,942.0,512x512
474,int16,0.0,3255.0,512x512
475,int16,0.0,2942.0,512x512
476,int16,0.0,2394.0,512x512
477,int16,0.0,2569.0,512x512
478,int16,0.0,1827.0,512x512
479,int16,0.0,2003.0,512x512
480,int16,0.0,2120.0,512x512
481,int16,0.0,2377.0,512x512
482,int16,0.0,2525.0,512x512
483,int16,0.0,2923.0,512x512
484,int16,0.0,2927.0,512x512
485,int16,0.0,765.0,512x512
486,int16,0.0,883.0,512x512
487,int16,0.0,870.0,512x512
488,int16,0.0,919.0,512x512
489,int16,0.0,2088.0,512x512
490,int16,0.0,633.0,512x512
491,int16,0.0,725.0,512x512
492,int16,0.0,812.0,512x512
493,int16,0.0,845.0,512x512
494,int16,0.0,874.0,512x512
495,int16,0.0,4160.0,512x512
496,int16,0.0,1167.0,512x512
497,int16,0.0,1208.0,512x512
498,int16,0.0,1329.0,512x512
499,int16,0.0,1123.0,512x512
500,int16,0.0,1181.0,512x512
501,int16,0.0,1588.0,512x512
502,int16,0.0,1590.0,512x512
503,int16,0.0,1523.0,512x512
504,int16,0.0,1463.0,512x512
505,int16,0.0,3182.0,512x512
506,int16,0.0,3075.0,512x512
507,int16,0.0,3177.0,512x512
508,int16,0.0,3249.0,512x512
509,int16,0.0,2960.0,512x512
510,int16,0.0,2260.0,512x512
511,int16,0.0,2137.0,512x512
512,int16,0.0,2395.0,512x512
513,int16,0.0,2198.0,512x512
514,int16,0.0,580.0,512x512
515,int16,0.0,599.0,512x512
516,int16,0.0,594.0,512x512
517,int16,0.0,2647.0,512x512
518,int16,0.0,2919.0,512x512
519,int16,0.0,2889.0,512x512
520,int16,0.0,2713.0,512x512
521,int16,0.0,2784.0,512x512
522,int16,0.0,2909.0,512x512
523,int16,0.0,1840.0,512x512
524,int16,0.0,1737.0,512x512
525,int16,0.0,1669.0,512x512
526,int16,0.0,1713.0,512x512
527,int16,0.0,2719.0,512x512
528,int16,0.0,2942.0,512x512
529,int16,0.0,2798.0,512x512
530,int16,0.0,2404.0,512x512
531,int16,0.0,2210.0,512x512
532,int16,0.0,684.0,512x512
533,int16,0.0,2186.0,512x512
534,int16,0.0,1926.0,512x512
535,int16,0.0,2146.0,512x512
536,int16,0.0,2498.0,512x512
537,int16,0.0,2569.0,512x512
538,int16,0.0,2329.0,512x512
539,int16,0.0,2346.0,512x512
540,int16,0.0,2674.0,512x512
541,int16,0.0,2379.0,512x512
542,int16,0.0,2242.0,512x512
543,int16,0.0,3033.0,512x512
544,int16,0.0,3311.0,512x512
545,int16,0.0,3104.0,512x512
546,int16,0.0,3124.0,512x512
547,int16,0.0,3150.0,512x512
548,int16,0.0,3055.0,512x512
549,int16,0.0,2940.0,512x512
550,int16,0.0,1771.0,512x512
551,int16,0.0,1312.0,512x512
552,int16,0.0,1454.0,512x512
553,int16,0.0,1565.0,512x512
554,int16,0.0,1613.0,512x512
555,int16,0.0,1500.0,512x512
556,int16,0.0,2744.0,512x512
557,int16,0.0,3088.0,512x512
558,int16,0.0,3188.0,512x512
559,int16,0.0,3519.0,512x512
560,int16,0.0,905.0,512x512
561,int16,0.0,780.0,512x512
562,int16,0.0,868.0,512x512
563,int16,0.0,856.0,512x512
564,int16,0.0,2454.0,512x512
565,int16,0.0,2174.0,512x512
566,int16,0.0,2293.0,512x512
567,int16,0.0,2027.0,512x512
568,int16,0.0,1901.0,512x512
569,int16,0.0,2702.0,512x512
570,int16,0.0,2490.0,512x512
571,int16,0.0,2666.0,512x512
572,int16,0.0,2636.0,512x512
573,int16,0.0,1779.0,512x512
574,int16,0.0,2552.0,512x512
575,int16,0.0,1930.0,512x512
576,int16,0.0,2108.0,512x512
577,int16,0.0,843.0,512x512
578,int16,0.0,819.0,512x512
579,int16,0.0,2510.0,512x512
580,int16,0.0,1753.0,512x512
581,int16,0.0,2031.0,512x512
582,int16,0.0,2038.0,512x512
583,int16,0.0,2103.0,512x512
584,int16,0.0,1023.0,512x512
585,int16,0.0,1051.0,512x512
586,int16,0.0,2649.0,512x512
587,int16,0.0,2607.0,512x512
588,int16,0.0,2803.0,512x512
589,int16,0.0,2894.0,512x512
590,int16,0.0,2754.0,512x512
591,int16,0.0,2644.0,512x512
592,int16,0.0,2482.0,512x512
593,int16,0.0,2120.0,512x512
594,int16,0.0,2267.0,512x512
595,int16,0.0,2415.0,512x512
596,int16,0.0,988.0,512x512
597,int16,0.0,865.0,512x512
598,int16,0.0,900.0,512x512
599,int16,0.0,2246.0,512x512
600,int16,0.0,2592.0,512x512
601,int16,0.0,2750.0,512x512
602,int16,0.0,2963.0,512x512
603,int16,0.0,1359.0,512x512
604,int16,0.0,1546.0,512x512
605,int16,0.0,1617.0,512x512
606,int16,0.0,2330.0,512x512
607,int16,0.0,2339.0,512x512
608,int16,0.0,2539.0,512x512
609,int16,0.0,2735.0,512x512
610,int16,0.0,2548.0,512x512
611,int16,0.0,2356.0,512x512
612,int16,0.0,2322.0,512x512
613,int16,0.0,2251.0,512x512
614,int16,0.0,2365.0,512x512
615,int16,0.0,2322.0,512x512
616,int16,0.0,2250.0,512x512
617,int16,0.0,2547.0,512x512
618,int16,0.0,2459.0,512x512
619,int16,0.0,748.0,512x512
620,int16,0.0,715.0,512x512
621,int16,0.0,873.0,512x512
622,int16,0.0,886.0,512x512
623,int16,0.0,814.0,512x512
624,int16,0.0,789.0,512x512
625,int16,0.0,2155.0,512x512
626,int16,0.0,2459.0,512x512
627,int16,0.0,2741.0,512x512
628,int16,0.0,2920.0,512x512
629,int16,0.0,2920.0,512x512
630,int16,0.0,2867.0,512x512
631,int16,0.0,2807.0,512x512
632,int16,0.0,3236.0,512x512
633,int16,0.0,3097.0,512x512
634,int16,0.0,2705.0,512x512
635,int16,0.0,929.0,512x512
636,int16,0.0,835.0,512x512
637,int16,0.0,888.0,512x512
638,int16,0.0,860.0,512x512
639,int16,0.0,2511.0,512x512
640,int16,0.0,802.0,512x512
641,int16,0.0,851.0,512x512
642,int16,0.0,1456.0,512x512
643,int16,0.0,1400.0,512x512
644,int16,0.0,1377.0,512x512
645,int16,0.0,1484.0,512x512
646,int16,0.0,1509.0,512x512
647,int16,0.0,1564.0,512x512
648,int16,0.0,1683.0,512x512
649,int16,0.0,1771.0,512x512
650,int16,0.0,1932.0,512x512
651,int16,0.0,2060.0,512x512
652,int16,0.0,2128.0,512x512
653,int16,0.0,2287.0,512x512
654,int16,0.0,2188.0,512x512
655,int16,0.0,691.0,512x512
656,int16,0.0,715.0,512x512
657,int16,0.0,724.0,512x512
658,int16,0.0,729.0,512x512
659,int16,0.0,981.0,512x512
660,int16,0.0,973.0,512x512
661,int16,0.0,929.0,512x512
662,int16,0.0,981.0,512x512
663,int16,0.0,868.0,512x512
664,int16,0.0,1966.0,512x512
665,int16,0.0,2071.0,512x512
666,int16,0.0,1914.0,512x512
667,int16,0.0,1980.0,512x512
668,int16,0.0,2073.0,512x512
669,int16,0.0,2325.0,512x512
670,int16,0.0,2254.0,512x512
671,int16,0.0,2098.0,512x512
672,int16,0.0,2254.0,512x512
673,int16,0.0,947.0,512x512
674,int16,0.0,2978.0,512x512
675,int16,0.0,2110.0,512x512
676,int16,0.0,2254.0,512x512
677,int16,0.0,2009.0,512x512
678,int16,0.0,2574.0,512x512
679,int16,0.0,2530.0,512x512
680,int16,0.0,1821.0,512x512
681,int16,0.0,1825.0,512x512
682,int16,0.0,1924.0,512x512
683,int16,0.0,2100.0,512x512
684,int16,0.0,2205.0,512x512
685,int16,0.0,2327.0,512x512
686,int16,0.0,1848.0,512x512
687,int16,0.0,1836.0,512x512
688,int16,0.0,1988.0,512x512
689,int16,0.0,1950.0,512x512
690,int16,0.0,1939.0,512x512
691,int16,0.0,1934.0,512x512
692,int16,0.0,1891.0,512x512
693,int16,0.0,1005.0,512x512
694,int16,0.0,938.0,512x512
695,int16,0.0,965.0,512x512
696,int16,0.0,2690.0,512x512
697,int16,0.0,2894.0,512x512
698,int16,0.0,2959.0,512x512
699,int16,0.0,2826.0,512x512
700,int16,0.0,2825.0,512x512
701,int16,0.0,2698.0,512x512
702,int16,0.0,2513.0,512x512
703,int16,0.0,768.0,512x512
704,int16,0.0,792.0,512x512
705,int16,0.0,789.0,512x512
706,int16,0.0,801.0,512x512
707,int16,0.0,876.0,512x512
708,int16,0.0,964.0,512x512
709,int16,0.0,962.0,512x512
710,int16,0.0,1021.0,512x512
711,int16,0.0,964.0,512x512
712,int16,0.0,879.0,512x512
713,int16,0.0,906.0,512x512
714,int16,0.0,954.0,512x512
715,int16,0.0,4232.0,512x512
716,int16,0.0,3958.0,512x512
717,int16,0.0,3762.0,512x512
718,int16,0.0,2404.0,512x512
719,int16,0.0,2410.0,512x512
720,int16,0.0,2646.0,512x512
721,int16,0.0,2468.0,512x512
722,int16,0.0,3688.0,512x512
723,int16,0.0,3832.0,512x512
724,int16,0.0,3988.0,512x512
725,int16,0.0,3355.0,512x512
726,int16,0.0,3481.0,512x512
727,int16,0.0,3497.0,512x512
728,int16,0.0,3867.0,512x512
729,int16,0.0,4131.0,512x512
730,int16,0.0,4412.0,512x512
731,int16,0.0,4385.0,512x512
732,int16,0.0,4076.0,512x512
733,int16,0.0,4672.0,512x512
734,int16,0.0,3794.0,512x512
735,int16,0.0,3705.0,512x512
736,int16,0.0,3824.0,512x512
737,int16,0.0,3296.0,512x512
738,int16,0.0,3295.0,512x512
739,int16,0.0,3136.0,512x512
740,int16,0.0,4985.0,512x512
741,int16,0.0,3032.0,512x512
742,int16,0.0,3081.0,512x512
743,int16,0.0,3376.0,512x512
744,int16,0.0,3620.0,512x512
745,int16,0.0,4713.0,512x512
746,int16,0.0,4411.0,512x512
747,int16,0.0,2501.0,512x512
748,int16,0.0,2450.0,512x512
749,int16,0.0,2704.0,512x512
750,int16,0.0,2925.0,512x512
751,int16,0.0,2643.0,512x512
752,int16,0.0,2483.0,512x512
753,int16,0.0,2010.0,512x512
754,int16,0.0,2006.0,512x512
755,int16,0.0,2128.0,512x512
756,int16,0.0,2006.0,512x512
757,int16,0.0,2091.0,512x512
758,int16,0.0,2295.0,512x512
759,int16,0.0,2350.0,512x512
760,int16,0.0,2312.0,512x512
761,int16,0.0,3504.0,512x512
762,int16,0.0,3250.0,512x512
763,int16,0.0,3099.0,512x512
764,int16,0.0,2361.0,512x512
765,int16,0.0,2592.0,512x512
766,int16,0.0,2633.0,512x512
767,int16,0.0,3135.0,512x512
768,int16,0.0,2557.0,512x512
769,int16,0.0,2900.0,512x512
770,int16,0.0,3224.0,512x512
771,int16,0.0,2801.0,512x512
772,int16,0.0,2926.0,512x512
773,int16,0.0,3337.0,512x512
774,int16,0.0,3454.0,512x512
775,int16,0.0,3556.0,512x512
776,int16,0.0,3971.0,512x512
777,int16,0.0,3873.0,512x512
778,int16,0.0,3791.0,512x512
779,int16,0.0,772.0,512x512
780,int16,0.0,836.0,512x512
781,int16,0.0,2580.0,512x512
782,int16,0.0,2544.0,512x512
783,int16,0.0,2789.0,512x512
784,int16,0.0,2398.0,512x512
785,int16,0.0,2365.0,512x512
786,int16,0.0,2262.0,512x512
787,int16,0.0,2360.0,512x512
788,int16,0.0,2367.0,512x512
789,int16,0.0,2621.0,512x512
790,int16,0.0,2779.0,512x512
791,int16,0.0,2280.0,512x512
792,int16,0.0,2228.0,512x512
793,int16,0.0,1888.0,512x512
794,int16,0.0,2006.0,512x512
795,int16,0.0,2105.0,512x512
796,int16,0.0,2221.0,512x512
797,int16,0.0,2311.0,512x512
798,int16,0.0,2568.0,512x512
799,int16,0.0,2859.0,512x512
800,int16,0.0,3051.0,512x512
801,int16,0.0,3497.0,512x512
802,int16,0.0,2721.0,512x512
803,int16,0.0,2633.0,512x512
804,int16,0.0,2606.0,512x512
805,int16,0.0,2909.0,512x512
806,int16,0.0,2854.0,512x512
807,int16,0.0,2814.0,512x512
808,int16,0.0,2840.0,512x512
809,int16,0.0,2774.0,512x512
810,int16,0.0,3043.0,512x512
811,int16,0.0,2971.0,512x512
812,int16,0.0,2323.0,512x512
813,int16,0.0,2018.0,512x512
814,int16,0.0,2179.0,512x512
815,int16,0.0,2034.0,512x512
816,int16,0.0,2159.0,512x512
817,int16,0.0,2323.0,512x512
818,int16,0.0,944.0,512x512
819,int16,0.0,856.0,512x512
820,int16,0.0,1109.0,512x512
821,int16,0.0,1273.0,512x512
822,int16,0.0,2168.0,512x512
823,int16,0.0,2294.0,512x512
824,int16,0.0,2179.0,512x512
825,int16,0.0,2332.0,512x512
826,int16,0.0,2571.0,512x512
827,int16,0.0,2768.0,512x512
828,int16,0.0,1889.0,512x512
829,int16,0.0,2110.0,512x512
830,int16,0.0,1790.0,512x512
831,int16,0.0,1817.0,512x512
832,int16,0.0,1816.0,512x512
833,int16,0.0,1760.0,512x512
834,int16,0.0,1016.0,512x512
835,int16,0.0,1037.0,512x512
836,int16,0.0,1038.0,512x512
837,int16,0.0,2363.0,512x512
838,int16,0.0,2160.0,512x512
839,int16,0.0,2155.0,512x512
840,int16,0.0,2081.0,512x512
841,int16,0.0,2172.0,512x512
842,int16,0.0,2206.0,512x512
843,int16,0.0,2061.0,512x512
844,int16,0.0,891.0,512x512
845,int16,0.0,891.0,512x512
846,int16,0.0,2742.0,512x512
847,int16,0.0,2384.0,512x512
848,int16,0.0,2591.0,512x512
849,int16,0.0,2266.0,512x512
850,int16,0.0,2132.0,512x512
851,int16,0.0,2293.0,512x512
852,int16,0.0,2662.0,512x512
853,int16,0.0,2931.0,512x512
854,int16,0.0,2841.0,512x512
855,int16,0.0,3043.0,512x512
856,int16,0.0,2892.0,512x512
857,int16,0.0,778.0,512x512
858,int16,0.0,803.0,512x512
859,int16,0.0,2031.0,512x512
860,int16,0.0,2230.0,512x512
861,int16,0.0,2112.0,512x512
862,int16,0.0,2072.0,512x512
863,int16,0.0,3585.0,512x512
864,int16,0.0,4037.0,512x512
865,int16,0.0,1755.0,512x512
866,int16,0.0,1628.0,512x512
867,int16,0.0,1629.0,512x512
868,int16,0.0,1926.0,512x512
869,int16,0.0,1629.0,512x512
870,int16,0.0,2133.0,512x512
871,int16,0.0,2098.0,512x512
872,int16,0.0,2239.0,512x512
873,int16,0.0,2246.0,512x512
874,int16,0.0,2608.0,512x512
875,int16,0.0,3146.0,512x512
876,int16,0.0,2988.0,512x512
877,int16,0.0,2939.0,512x512
878,int16,0.0,2686.0,512x512
879,int16,0.0,2691.0,512x512
880,int16,0.0,2406.0,512x512
881,int16,0.0,4353.0,512x512
882,int16,0.0,5614.0,512x512
883,int16,0.0,910.0,512x512
884,int16,0.0,933.0,512x512
885,int16,0.0,957.0,512x512
886,int16,0.0,900.0,512x512
887,int16,0.0,908.0,512x512
888,int16,0.0,2364.0,512x512
889,int16,0.0,2313.0,512x512
890,int16,0.0,2938.0,512x512
891,int16,0.0,2256.0,512x512
892,int16,0.0,912.0,512x512
893,int16,0.0,798.0,512x512
894,int16,0.0,753.0,512x512
895,int16,0.0,1233.0,512x512
896,int16,0.0,1269.0,512x512
897,int16,0.0,1084.0,512x512
898,int16,0.0,978.0,512x512
899,int16,0.0,1004.0,512x512
900,int16,0.0,982.0,512x512
901,int16,0.0,1014.0,512x512
902,int16,0.0,1066.0,512x512
903,int16,0.0,990.0,512x512
904,int16,0.0,759.0,512x512
905,int16,0.0,819.0,512x512
906,int16,0.0,892.0,512x512
907,int16,0.0,845.0,512x512
908,int16,0.0,1915.0,512x512
909,int16,0.0,2001.0,512x512
910,int16,0.0,2146.0,512x512
911,int16,0.0,2185.0,512x512
912,int16,0.0,1167.0,512x512
913,int16,0.0,1123.0,512x512
914,int16,0.0,904.0,512x512
915,int16,0.0,801.0,512x512
916,int16,0.0,817.0,512x512
917,int16,0.0,839.0,512x512
918,int16,0.0,903.0,512x512
919,int16,0.0,784.0,512x512
920,int16,0.0,746.0,512x512
921,int16,0.0,783.0,512x512
922,int16,0.0,948.0,512x512
923,int16,0.0,1090.0,512x512
924,int16,0.0,1161.0,512x512
925,int16,0.0,1045.0,512x512
926,int16,0.0,950.0,512x512
927,int16,0.0,841.0,512x512
928,int16,0.0,913.0,512x512
929,int16,0.0,868.0,512x512
930,int16,0.0,865.0,512x512
931,int16,0.0,869.0,512x512
932,int16,0.0,823.0,512x512
933,int16,0.0,3447.0,512x512
934,int16,0.0,3552.0,512x512
935,int16,0.0,3780.0,512x512
936,int16,0.0,3832.0,512x512
937,int16,0.0,4601.0,512x512
938,int16,0.0,4080.0,512x512
939,int16,0.0,850.0,512x512
940,int16,0.0,906.0,512x512
941,int16,0.0,947.0,512x512
942,int16,0.0,1038.0,512x512
943,int16,0.0,1128.0,512x512
944,int16,0.0,1088.0,512x512
945,int16,0.0,1031.0,512x512
946,int16,0.0,931.0,512x512
947,int16,0.0,913.0,512x512
948,int16,0.0,911.0,512x512
949,int16,0.0,850.0,512x512
950,int16,0.0,949.0,512x512
951,int16,0.0,1130.0,512x512
952,int16,0.0,1032.0,512x512
953,int16,0.0,1091.0,512x512
954,int16,0.0,1157.0,512x512
955,int16,0.0,264.0,256x256
956,int16,0.0,259.0,256x256
957,int16,0.0,284.0,256x256
958,int16,0.0,4002.0,512x512
959,int16,0.0,4162.0,512x512
960,int16,0.0,4266.0,512x512
961,int16,0.0,4007.0,512x512
962,int16,0.0,1020.0,512x512
963,int16,0.0,903.0,512x512
964,int16,0.0,1002.0,512x512
965,int16,0.0,902.0,512x512
966,int16,0.0,731.0,512x512
967,int16,0.0,795.0,512x512
968,int16,0.0,849.0,512x512
969,int16,0.0,981.0,512x512
970,int16,0.0,923.0,512x512
971,int16,0.0,966.0,512x512
972,int16,0.0,3175.0,512x512
973,int16,0.0,3439.0,512x512
974,int16,0.0,3642.0,512x512
975,int16,0.0,3349.0,512x512
976,int16,0.0,3213.0,512x512
977,int16,0.0,3411.0,512x512
978,int16,0.0,3388.0,512x512
979,int16,0.0,3183.0,512x512
980,int16,0.0,725.0,512x512
981,int16,0.0,808.0,512x512
982,int16,0.0,896.0,512x512
983,int16,0.0,906.0,512x512
984,int16,0.0,916.0,512x512
985,int16,0.0,910.0,512x512
986,int16,0.0,845.0,512x512
987,int16,0.0,876.0,512x512
988,int16,0.0,944.0,512x512
989,int16,0.0,952.0,512x512
990,int16,0.0,1094.0,512x512
991,int16,0.0,999.0,512x512
992,int16,0.0,1020.0,512x512
993,int16,0.0,1021.0,512x512
994,int16,0.0,1154.0,512x512
995,int16,0.0,1244.0,512x512
996,int16,0.0,1362.0,512x512
997,int16,0.0,1349.0,512x512
998,int16,0.0,917.0,512x512
999,int16,0.0,885.0,512x512
1000,int16,0.0,951.0,512x512
1001,int16,0.0,902.0,512x512
1002,int16,0.0,890.0,512x512
1003,int16,0.0,4737.0,512x512
1004,int16,0.0,4928.0,512x512
1005,int16,0.0,4873.0,512x512
1006,int16,0.0,5480.0,512x512
1007,int16,0.0,5323.0,512x512
1008,int16,0.0,5368.0,512x512
1009,int16,0.0,5334.0,512x512
1010,int16,0.0,4926.0,512x512
1011,int16,0.0,4430.0,512x512
1012,int16,0.0,4762.0,512x512
1013,int16,0.0,842.0,512x512
1014,int16,0.0,821.0,512x512
1015,int16,0.0,1046.0,512x512
1016,int16,0.0,960.0,512x512
1017,int16,0.0,1048.0,512x512
1018,int16,0.0,4872.0,512x512
1019,int16,0.0,5405.0,512x512
1020,int16,0.0,5180.0,512x512
1021,int16,0.0,3533.0,512x512
1022,int16,0.0,3986.0,512x512
1023,int16,0.0,3835.0,512x512
1024,int16,0.0,3887.0,512x512
1025,int16,0.0,1168.0,512x512
1026,int16,0.0,1204.0,512x512
1027,int16,0.0,1182.0,512x512
1028,int16,0.0,1284.0,512x512
1029,int16,0.0,1250.0,512x512
1030,int16,0.0,2390.0,512x512
1031,int16,0.0,2458.0,512x512
1032,int16,0.0,2537.0,512x512
1033,int16,0.0,2802.0,512x512
1034,int16,0.0,826.0,512x512
1035,int16,0.0,675.0,512x512
1036,int16,0.0,680.0,512x512
1037,int16,0.0,762.0,512x512
1038,int16,0.0,658.0,512x512
1039,int16,0.0,665.0,512x512
1040,int16,0.0,681.0,512x512
1041,int16,0.0,705.0,512x512
1042,int16,0.0,567.0,512x512
1043,int16,0.0,728.0,512x512
1044,int16,0.0,530.0,512x512
1045,int16,0.0,522.0,512x512
1046,int16,0.0,578.0,512x512
1047,int16,0.0,2692.0,512x512
1048,int16,0.0,2692.0,512x512
1049,int16,0.0,2810.0,512x512
1050,int16,0.0,2811.0,512x512
1051,int16,0.0,2783.0,512x512
1052,int16,0.0,2905.0,512x512
1053,int16,0.0,2904.0,512x512
1054,int16,0.0,638.0,512x512
1055,int16,0.0,693.0,512x512
1056,int16,0.0,658.0,512x512
1057,int16,0.0,784.0,512x512
1058,int16,0.0,790.0,512x512
1059,int16,0.0,575.0,512x512
1060,int16,0.0,564.0,512x512
1061,int16,0.0,559.0,512x512
1062,int16,0.0,538.0,512x512
1063,int16,0.0,542.0,512x512
1064,int16,0.0,547.0,512x512
1065,int16,0.0,663.0,512x512
1066,int16,0.0,599.0,512x512
1067,int16,0.0,629.0,512x512
1068,int16,0.0,674.0,512x512
1069,int16,0.0,721.0,512x512
1070,int16,0.0,281.0,256x256
1071,int16,0.0,277.0,256x256
1072,int16,0.0,267.0,256x256
1073,int16,0.0,256.0,256x256
1074,int16,0.0,297.0,256x256
1075,int16,0.0,305.0,256x256
1076,int16,0.0,296.0,256x256
1077,int16,0.0,2718.0,512x512
1078,int16,0.0,2388.0,512x512
1079,int16,0.0,2417.0,512x512
1080,int16,0.0,2860.0,512x512
1081,int16,0.0,2682.0,512x512
1082,int16,0.0,2433.0,512x512
1083,int16,0.0,676.0,512x512
1084,int16,0.0,658.0,512x512
1085,int16,0.0,669.0,512x512
1086,int16,0.0,631.0,512x512
1087,int16,0.0,791.0,512x512
1088,int16,0.0,601.0,512x512
1089,int16,0.0,549.0,512x512
1090,int16,0.0,567.0,512x512
1091,int16,0.0,520.0,512x512
1092,int16,0.0,556.0,512x512
1093,int16,0.0,546.0,512x512
1094,int16,0.0,2055.0,512x512
1095,int16,0.0,2154.0,512x512
1096,int16,0.0,2094.0,512x512
1097,int16,0.0,1970.0,512x512
1098,int16,0.0,2069.0,512x512
1099,int16,0.0,2161.0,512x512
1100,int16,0.0,2445.0,512x512
1101,int16,0.0,2237.0,512x512
1102,int16,0.0,2161.0,512x512
1103,int16,0.0,2179.0,512x512
1104,int16,0.0,2340.0,512x512
1105,int16,0.0,2336.0,512x512
1106,int16,0.0,2344.0,512x512
1107,int16,0.0,1892.0,512x512
1108,int16,0.0,2111.0,512x512
1109,int16,0.0,2102.0,512x512
1110,int16,0.0,2127.0,512x512
1111,int16,0.0,2394.0,512x512
1112,int16,0.0,661.0,512x512
1113,int16,0.0,611.0,512x512
1114,int16,0.0,612.0,512x512
1115,int16,0.0,671.0,512x512
1116,int16,0.0,651.0,512x512
1117,int16,0.0,777.0,512x512
1118,int16,0.0,626.0,512x512
1119,int16,0.0,643.0,512x512
1120,int16,0.0,729.0,512x512
1121,int16,0.0,704.0,512x512
1122,int16,0.0,748.0,512x512
1123,int16,0.0,660.0,512x512
1124,int16,0.0,721.0,512x512
1125,int16,0.0,694.0,512x512
1126,int16,0.0,699.0,512x512
1127,int16,0.0,697.0,512x512
1128,int16,0.0,672.0,512x512
1129,int16,0.0,992.0,512x512
1130,int16,0.0,943.0,512x512
1131,int16,0.0,933.0,512x512
1132,int16,0.0,1008.0,512x512
1133,int16,0.0,1036.0,512x512
1134,int16,0.0,608.0,512x512
1135,int16,0.0,661.0,512x512
1136,int16,0.0,670.0,512x512
1137,int16,0.0,733.0,512x512
1138,int16,0.0,682.0,512x512
1139,int16,0.0,689.0,512x512
1140,int16,0.0,2208.0,512x512
1141,int16,0.0,2275.0,512x512
1142,int16,0.0,2316.0,512x512
1143,int16,0.0,2405.0,512x512
1144,int16,0.0,2783.0,512x512
1145,int16,0.0,2613.0,512x512
1146,int16,0.0,2730.0,512x512
1147,int16,0.0,2638.0,512x512
1148,int16,0.0,2500.0,512x512
1149,int16,0.0,2719.0,512x512
1150,int16,0.0,2492.0,512x512
1151,int16,0.0,656.0,512x512
1152,int16,0.0,708.0,512x512
1153,int16,0.0,673.0,512x512
1154,int16,0.0,594.0,512x512
1155,int16,0.0,786.0,512x512
1156,int16,0.0,689.0,512x512
1157,int16,0.0,3070.0,512x512
1158,int16,0.0,2558.0,512x512
1159,int16,0.0,2871.0,512x512
1160,int16,0.0,2827.0,512x512
1161,int16,0.0,1627.0,512x512
1162,int16,0.0,1531.0,512x512
1163,int16,0.0,1558.0,512x512
1164,int16,0.0,1611.0,512x512
1165,int16,0.0,1622.0,512x512
1166,int16,0.0,745.0,512x512
1167,int16,0.0,890.0,512x512
1168,int16,0.0,1012.0,512x512
1169,int16,0.0,866.0,512x512
1170,int16,0.0,854.0,512x512
1171,int16,0.0,859.0,512x512
1172,int16,0.0,782.0,512x512
1173,int16,0.0,813.0,512x512
1174,int16,0.0,835.0,512x512
1175,int16,0.0,803.0,512x512
1176,int16,0.0,748.0,512x512
1177,int16,0.0,746.0,512x512
1178,int16,0.0,843.0,512x512
1179,int16,0.0,850.0,512x512
1180,int16,0.0,828.0,512x512
1181,int16,0.0,1006.0,512x512
1182,int16,0.0,2303.0,512x512
1183,int16,0.0,2246.0,512x512
1184,int16,0.0,2410.0,512x512
1185,int16,0.0,2237.0,512x512
1186,int16,0.0,2306.0,512x512
1187,int16,0.0,2341.0,512x512
1188,int16,0.0,2462.0,512x512
1189,int16,0.0,834.0,512x512
1190,int16,0.0,853.0,512x512
1191,int16,0.0,904.0,512x512
1192,int16,0.0,826.0,512x512
1193,int16,0.0,868.0,512x512
1194,int16,0.0,750.0,512x512
1195,int16,0.0,766.0,512x512
1196,int16,0.0,797.0,512x512
1197,int16,0.0,796.0,512x512
1198,int16,0.0,775.0,512x512
1199,int16,0.0,789.0,512x512
1200,int16,0.0,785.0,512x512
1201,int16,0.0,790.0,512x512
1202,int16,0.0,801.0,512x512
1203,int16,0.0,238.0,256x256
1204,int16,0.0,242.0,256x256
1205,int16,0.0,246.0,256x256
1206,int16,0.0,241.0,256x256
1207,int16,0.0,261.0,256x256
1208,int16,0.0,2336.0,512x512
1209,int16,0.0,2308.0,512x512
1210,int16,0.0,2280.0,512x512
1211,int16,0.0,2419.0,512x512
1212,int16,0.0,2354.0,512x512
1213,int16,0.0,2263.0,512x512
1214,int16,0.0,811.0,512x512
1215,int16,0.0,843.0,512x512
1216,int16,0.0,843.0,512x512
1217,int16,0.0,792.0,512x512
1218,int16,0.0,853.0,512x512
1219,int16,0.0,844.0,512x512
1220,int16,0.0,872.0,512x512
1221,int16,0.0,817.0,512x512
1222,int16,0.0,2105.0,512x512
1223,int16,0.0,2098.0,512x512
1224,int16,0.0,2089.0,512x512
1225,int16,0.0,2370.0,512x512
1226,int16,0.0,2042.0,512x512
1227,int16,0.0,2240.0,512x512
1228,int16,0.0,2053.0,512x512
1229,int16,0.0,2270.0,512x512
1230,int16,0.0,2227.0,512x512
1231,int16,0.0,2205.0,512x512
1232,int16,0.0,2189.0,512x512
1233,int16,0.0,816.0,512x512
1234,int16,0.0,808.0,512x512
1235,int16,0.0,827.0,512x512
1236,int16,0.0,848.0,512x512
1237,int16,0.0,896.0,512x512
1238,int16,0.0,779.0,512x512
1239,int16,0.0,802.0,512x512
1240,int16,0.0,777.0,512x512
1241,int16,0.0,772.0,512x512
1242,int16,0.0,807.0,512x512
1243,int16,0.0,1016.0,512x512
1244,int16,0.0,1086.0,512x512
1245,int16,0.0,845.0,512x512
1246,int16,0.0,1078.0,512x512
1247,int16,0.0,1151.0,512x512
1248,int16,0.0,1154.0,512x512
1249,int16,0.0,1160.0,512x512
1250,int16,0.0,1137.0,512x512
1251,int16,0.0,753.0,512x512
1252,int16,0.0,796.0,512x512
1253,int16,0.0,877.0,512x512
1254,int16,0.0,804.0,512x512
1255,int16,0.0,752.0,512x512
1256,int16,0.0,2403.0,512x512
1257,int16,0.0,2274.0,512x512
1258,int16,0.0,2310.0,512x512
1259,int16,0.0,2331.0,512x512
1260,int16,0.0,2810.0,512x512
1261,int16,0.0,2703.0,512x512
1262,int16,0.0,2792.0,512x512
1263,int16,0.0,2996.0,512x512
1264,int16,0.0,2961.0,512x512
1265,int16,0.0,3047.0,512x512
1266,int16,0.0,2641.0,512x512
1267,int16,0.0,3176.0,512x512
1268,int16,0.0,3168.0,512x512
1269,int16,0.0,2976.0,512x512
1270,int16,0.0,747.0,512x512
1271,int16,0.0,741.0,512x512
1272,int16,0.0,808.0,512x512
1273,int16,0.0,807.0,512x512
1274,int16,0.0,843.0,512x512
1275,int16,0.0,764.0,512x512
1276,int16,0.0,3082.0,512x512
1277,int16,0.0,2948.0,512x512
1278,int16,0.0,2964.0,512x512
1279,int16,0.0,1580.0,512x512
1280,int16,0.0,1619.0,512x512
1281,int16,0.0,1679.0,512x512
1282,int16,0.0,1662.0,512x512
1283,int16,0.0,3475.0,512x512
1284,int16,0.0,2683.0,512x512
1285,int16,0.0,4566.0,512x512
1286,int16,0.0,4426.0,512x512
1287,int16,0.0,4509.0,512x512
1288,int16,0.0,4461.0,512x512
1289,int16,0.0,926.0,512x512
1290,int16,0.0,1033.0,512x512
1291,int16,0.0,939.0,512x512
1292,int16,0.0,1121.0,512x512
1293,int16,0.0,897.0,512x512
1294,int16,0.0,924.0,512x512
1295,int16,0.0,6886.0,512x512
1296,int16,0.0,5840.0,512x512
1297,int16,0.0,6554.0,512x512
1298,int16,0.0,7315.0,512x512
1299,int16,0.0,5414.0,512x512
1300,int16,0.0,5740.0,512x512
1301,int16,0.0,865.0,512x512
1302,int16,0.0,902.0,512x512
1303,int16,0.0,1024.0,512x512
1304,int16,0.0,1004.0,512x512
1305,int16,0.0,962.0,512x512
1306,int16,0.0,989.0,512x512
1307,int16,0.0,1021.0,512x512
1308,int16,0.0,954.0,512x512
1309,int16,0.0,1297.0,512x512
1310,int16,0.0,3683.0,512x512
1311,int16,0.0,3886.0,512x512
1312,int16,0.0,4049.0,512x512
1313,int16,0.0,3760.0,512x512
1314,int16,0.0,4892.0,512x512
1315,int16,0.0,4463.0,512x512
1316,int16,0.0,4931.0,512x512
1317,int16,0.0,3501.0,512x512
1318,int16,0.0,3696.0,512x512
1319,int16,0.0,3610.0,512x512
1320,int16,0.0,3958.0,512x512
1321,int16,0.0,3470.0,512x512
1322,int16,0.0,4231.0,512x512
1323,int16,0.0,1016.0,512x512
1324,int16,0.0,956.0,512x512
1325,int16,0.0,1026.0,512x512
1326,int16,0.0,3493.0,512x512
1327,int16,0.0,3665.0,512x512
1328,int16,0.0,3135.0,512x512
1329,int16,0.0,3458.0,512x512
1330,int16,0.0,802.0,512x512
1331,int16,0.0,859.0,512x512
1332,int16,0.0,879.0,512x512
1333,int16,0.0,1025.0,512x512
1334,int16,0.0,990.0,512x512
1335,int16,0.0,1020.0,512x512
1336,int16,0.0,986.0,512x512
1337,int16,0.0,1022.0,512x512
1338,int16,0.0,1027.0,512x512
1339,int16,0.0,1099.0,512x512
1340,int16,0.0,799.0,512x512
1341,int16,0.0,781.0,512x512
1342,int16,0.0,771.0,512x512
1343,int16,0.0,774.0,512x512
1344,int16,0.0,814.0,512x512
1345,int16,0.0,803.0,512x512
1346,int16,0.0,823.0,512x512
1347,int16,0.0,825.0,512x512
1348,int16,0.0,3529.0,512x512
1349,int16,0.0,3486.0,512x512
1350,int16,0.0,3255.0,512x512
1351,int16,0.0,3219.0,512x512
1352,int16,0.0,5978.0,512x512
1353,int16,0.0,5398.0,512x512
1354,int16,0.0,5027.0,512x512
1355,int16,0.0,5907.0,512x512
1356,int16,0.0,4908.0,512x512
1357,int16,0.0,4577.0,512x512
1358,int16,0.0,4558.0,512x512
1359,int16,0.0,4715.0,512x512
1360,int16,0.0,856.0,512x512
1361,int16,0.0,889.0,512x512
1362,int16,0.0,950.0,512x512
1363,int16,0.0,917.0,512x512
1364,int16,0.0,1000.0,512x512
1365,int16,0.0,966.0,512x512
1366,int16,0.0,944.0,512x512
1367,int16,0.0,1010.0,512x512
1368,int16,0.0,1088.0,512x512
1369,int16,0.0,746.0,512x512
1370,int16,0.0,760.0,512x512
1371,int16,0.0,844.0,512x512
1372,int16,0.0,891.0,512x512
1373,int16,0.0,1019.0,512x512
1374,int16,0.0,5337.0,512x512
1375,int16,0.0,5224.0,512x512
1376,int16,0.0,5233.0,512x512
1377,int16,0.0,5567.0,512x512
1378,int16,0.0,3850.0,512x512
1379,int16,0.0,3586.0,512x512
1380,int16,0.0,3315.0,512x512
1381,int16,0.0,3474.0,512x512
1382,int16,0.0,3319.0,512x512
1383,int16,0.0,844.0,512x512
1384,int16,0.0,910.0,512x512
1385,int16,0.0,866.0,512x512
1386,int16,0.0,3634.0,512x512
1387,int16,0.0,3923.0,512x512
1388,int16,0.0,3378.0,512x512
1389,int16,0.0,3310.0,512x512
1390,int16,0.0,3373.0,512x512
1391,int16,0.0,3752.0,512x512
1392,int16,0.0,3347.0,512x512
1393,int16,0.0,3091.0,512x512
1394,int16,0.0,3177.0,512x512
1395,int16,0.0,3214.0,512x512
1396,int16,0.0,3071.0,512x512
1397,int16,0.0,3700.0,512x512
1398,int16,0.0,4073.0,512x512
1399,int16,0.0,4392.0,512x512
1400,int16,0.0,3775.0,512x512
1401,int16,0.0,3358.0,512x512
1402,int16,0.0,3332.0,512x512
1403,int16,0.0,3641.0,512x512
1404,int16,0.0,3130.0,512x512
1405,int16,0.0,3273.0,512x512
1406,int16,0.0,3424.0,512x512
1407,int16,0.0,3263.0,512x512
1408,int16,0.0,3074.0,512x512
1409,int16,0.0,3232.0,512x512
1410,int16,0.0,3827.0,512x512
1411,int16,0.0,3946.0,512x512
1412,int16,0.0,3190.0,512x512
1413,int16,0.0,3312.0,512x512
1414,int16,0.0,1094.0,512x512
1415,int16,0.0,1174.0,512x512
1416,int16,0.0,1187.0,512x512
1417,int16,0.0,1153.0,512x512
1418,int16,0.0,1176.0,512x512
1419,int16,0.0,1122.0,512x512
1420,int16,0.0,1151.0,512x512
1421,int16,0.0,993.0,512x512
1422,int16,0.0,1069.0,512x512
1423,int16,0.0,970.0,512x512
1424,int16,0.0,4954.0,512x512
1425,int16,0.0,5130.0,512x512
1426,int16,0.0,4299.0,512x512
1427,int16,0.0,4752.0,512x512
1428,int16,0.0,4272.0,512x512
1429,int16,0.0,4343.0,512x512
1430,int16,0.0,4526.0,512x512
1431,int16,0.0,4649.0,512x512
1432,int16,0.0,4521.0,512x512
1433,int16,0.0,4521.0,512x512
1434,int16,0.0,4629.0,512x512
1435,int16,0.0,3917.0,512x512
1436,int16,0.0,3752.0,512x512
1437,int16,0.0,3751.0,512x512
1438,int16,0.0,3845.0,512x512
1439,int16,0.0,4066.0,512x512
1440,int16,0.0,4039.0,512x512
1441,int16,0.0,4163.0,512x512
1442,int16,0.0,993.0,512x512
1443,int16,0.0,1062.0,512x512
1444,int16,0.0,1056.0,512x512
1445,int16,0.0,1088.0,512x512
1446,int16,0.0,1151.0,512x512
1447,int16,0.0,3673.0,512x512
1448,int16,0.0,4827.0,512x512
1449,int16,0.0,3686.0,512x512
1450,int16,0.0,4174.0,512x512
1451,int16,0.0,3683.0,512x512
1452,int16,0.0,4184.0,512x512
1453,int16,0.0,4448.0,512x512
1454,int16,0.0,3542.0,512x512
1455,int16,0.0,3448.0,512x512
1456,int16,0.0,1168.0,512x512
1457,int16,0.0,1138.0,512x512
1458,int16,0.0,1045.0,512x512
1459,int16,0.0,1005.0,512x512
1460,int16,0.0,947.0,512x512
1461,int16,0.0,1138.0,512x512
1462,int16,0.0,1129.0,512x512
1463,int16,0.0,1097.0,512x512
1464,int16,0.0,1189.0,512x512
1465,int16,0.0,980.0,512x512
1466,int16,0.0,1411.0,512x512
1467,int16,0.0,1320.0,512x512
1468,int16,0.0,3020.0,512x512
1469,int16,0.0,2789.0,512x512
1470,int16,0.0,2764.0,512x512
1471,int16,0.0,2579.0,512x512
1472,int16,0.0,801.0,512x512
1473,int16,0.0,1050.0,512x512
1474,int16,0.0,743.0,512x512
1475,int16,0.0,760.0,512x512
1476,int16,0.0,758.0,512x512
1477,int16,0.0,812.0,512x512
1478,int16,0.0,600.0,512x512
1479,int16,0.0,594.0,512x512
1480,int16,0.0,617.0,512x512
1481,int16,0.0,608.0,512x512
1482,int16,0.0,659.0,512x512
1483,int16,0.0,4399.0,512x512
1484,int16,0.0,4646.0,512x512
1485,int16,0.0,4875.0,512x512
1486,int16,0.0,4886.0,512x512
1487,int16,0.0,1672.0,512x512
1488,int16,0.0,1795.0,512x512
1489,int16,0.0,621.0,512x512
1490,int16,0.0,586.0,512x512
1491,int16,0.0,600.0,512x512
1492,int16,0.0,590.0,512x512
1493,int16,0.0,722.0,512x512
1494,int16,0.0,703.0,512x512
1495,int16,0.0,650.0,512x512
1496,int16,0.0,649.0,512x512
1497,int16,0.0,635.0,512x512
1498,int16,0.0,2427.0,512x512
1499,int16,0.0,2372.0,512x512
1500,int16,0.0,2388.0,512x512
1501,int16,0.0,2559.0,512x512
1502,int16,0.0,2430.0,512x512
1503,int16,0.0,2603.0,512x512
1504,int16,0.0,2606.0,512x512
1505,int16,0.0,2795.0,512x512
1506,int16,0.0,2428.0,512x512
1507,int16,0.0,2379.0,512x512
1508,int16,0.0,2468.0,512x512
1509,int16,0.0,2365.0,512x512
1510,int16,0.0,2407.0,512x512
1511,int16,0.0,688.0,512x512
1512,int16,0.0,745.0,512x512
1513,int16,0.0,783.0,512x512
1514,int16,0.0,768.0,512x512
1515,int16,0.0,2586.0,512x512
1516,int16,0.0,2519.0,512x512
1517,int16,0.0,2551.0,512x512
1518,int16,0.0,2374.0,512x512
1519,int16,0.0,2515.0,512x512
1520,int16,0.0,2422.0,512x512
1521,int16,0.0,643.0,512x512
1522,int16,0.0,616.0,512x512
1523,int16,0.0,658.0,512x512
1524,int16,0.0,655.0,512x512
1525,int16,0.0,700.0,512x512
1526,int16,0.0,762.0,512x512
1527,int16,0.0,706.0,512x512
1528,int16,0.0,687.0,512x512
1529,int16,0.0,594.0,512x512
1530,int16,0.0,587.0,512x512
1531,int16,0.0,600.0,512x512
1532,int16,0.0,585.0,512x512
1533,int16,0.0,2662.0,512x512
1534,int16,0.0,2583.0,512x512
1535,int16,0.0,2685.0,512x512
1536,int16,0.0,2938.0,512x512
1537,int16,0.0,2934.0,512x512
1538,int16,0.0,2555.0,512x512
1539,int16,0.0,2505.0,512x512
1540,int16,0.0,2487.0,512x512
1541,int16,0.0,2466.0,512x512
1542,int16,0.0,2896.0,512x512
1543,int16,0.0,2901.0,512x512
1544,int16,0.0,3250.0,512x512
1545,int16,0.0,566.0,512x512
1546,int16,0.0,599.0,512x512
1547,int16,0.0,575.0,512x512
1548,int16,0.0,606.0,512x512
1549,int16,0.0,610.0,512x512
1550,int16,0.0,620.0,512x512
1551,int16,0.0,558.0,512x512
1552,int16,0.0,793.0,512x512
1553,int16,0.0,615.0,512x512
1554,int16,0.0,622.0,512x512
1555,int16,0.0,583.0,512x512
1556,int16,0.0,637.0,512x512
1557,int16,0.0,3334.0,512x512
1558,int16,0.0,3747.0,512x512
1559,int16,0.0,3285.0,512x512
1560,int16,0.0,2880.0,512x512
1561,int16,0.0,2989.0,512x512
1562,int16,0.0,2902.0,512x512
1563,int16,0.0,2683.0,512x512
1564,int16,0.0,3217.0,512x512
1565,int16,0.0,2756.0,512x512
1566,int16,0.0,2369.0,512x512
1567,int16,0.0,2434.0,512x512
1568,int16,0.0,578.0,512x512
1569,int16,0.0,575.0,512x512
1570,int16,0.0,573.0,512x512
1571,int16,0.0,538.0,512x512
1572,int16,0.0,552.0,512x512
1573,int16,0.0,2372.0,512x512
1574,int16,0.0,2131.0,512x512
1575,int16,0.0,2245.0,512x512
1576,int16,0.0,2522.0,512x512
1577,int16,0.0,2231.0,512x512
1578,int16,0.0,2150.0,512x512
1579,int16,0.0,2332.0,512x512
1580,int16,0.0,2060.0,512x512
1581,int16,0.0,2348.0,512x512
1582,int16,0.0,2346.0,512x512
1583,int16,0.0,2717.0,512x512
1584,int16,0.0,2262.0,512x512
1585,int16,0.0,2687.0,512x512
1586,int16,0.0,2698.0,512x512
1587,int16,0.0,2733.0,512x512
1588,int16,0.0,2722.0,512x512
1589,int16,0.0,2229.0,512x512
1590,int16,0.0,2134.0,512x512
1591,int16,0.0,2530.0,512x512
1592,int16,0.0,2560.0,512x512
1593,int16,0.0,2323.0,512x512
1594,int16,0.0,2400.0,512x512
1595,int16,0.0,2174.0,512x512
1596,int16,0.0,2178.0,512x512
1597,int16,0.0,2276.0,512x512
1598,int16,0.0,2194.0,512x512
1599,int16,0.0,2401.0,512x512
1600,int16,0.0,834.0,512x512
1601,int16,0.0,815.0,512x512
1602,int16,0.0,848.0,512x512
1603,int16,0.0,797.0,512x512
1604,int16,0.0,871.0,512x512
1605,int16,0.0,726.0,512x512
1606,int16,0.0,797.0,512x512
1607,int16,0.0,783.0,512x512
1608,int16,0.0,759.0,512x512
1609,int16,0.0,2477.0,512x512
1610,int16,0.0,2791.0,512x512
1611,int16,0.0,2889.0,512x512
1612,int16,0.0,3219.0,512x512
1613,int16,0.0,2836.0,512x512
1614,int16,0.0,2865.0,512x512
1615,int16,0.0,2779.0,512x512
1616,int16,0.0,3161.0,512x512
1617,int16,0.0,2541.0,512x512
1618,int16,0.0,2532.0,512x512
1619,int16,0.0,2928.0,512x512
1620,int16,0.0,2594.0,512x512
1621,int16,0.0,2950.0,512x512
1622,int16,0.0,2836.0,512x512
1623,int16,0.0,2672.0,512x512
1624,int16,0.0,2696.0,512x512
1625,int16,0.0,2603.0,512x512
1626,int16,0.0,2747.0,512x512
1627,int16,0.0,2915.0,512x512
1628,int16,0.0,1013.0,512x512
1629,int16,0.0,1079.0,512x512
1630,int16,0.0,994.0,512x512
1631,int16,0.0,986.0,512x512
1632,int16,0.0,1014.0,512x512
1633,int16,0.0,995.0,512x512
1634,int16,0.0,2797.0,512x512
1635,int16,0.0,2866.0,512x512
1636,int16,0.0,2669.0,512x512
1637,int16,0.0,2587.0,512x512
1638,int16,0.0,2591.0,512x512
1639,int16,0.0,2568.0,512x512
1640,int16,0.0,969.0,512x512
1641,int16,0.0,999.0,512x512
1642,int16,0.0,1001.0,512x512
1643,int16,0.0,1026.0,512x512
1644,int16,0.0,1557.0,512x512
1645,int16,0.0,1695.0,512x512
1646,int16,0.0,1696.0,512x512
1647,int16,0.0,1693.0,512x512
1648,int16,0.0,1711.0,512x512
1649,int16,0.0,1772.0,512x512
1650,int16,0.0,1769.0,512x512
1651,int16,0.0,2284.0,512x512
1652,int16,0.0,2101.0,512x512
1653,int16,0.0,2300.0,512x512
1654,int16,0.0,2143.0,512x512
1655,int16,0.0,872.0,512x512
1656,int16,0.0,844.0,512x512
1657,int16,0.0,822.0,512x512
1658,int16,0.0,814.0,512x512
1659,int16,0.0,745.0,512x512
1660,int16,0.0,734.0,512x512
1661,int16,0.0,744.0,512x512
1662,int16,0.0,944.0,512x512
1663,int16,0.0,778.0,512x512
1664,int16,0.0,764.0,512x512
1665,int16,0.0,4323.0,512x512
1666,int16,0.0,3621.0,512x512
1667,int16,0.0,3757.0,512x512
1668,int16,0.0,3800.0,512x512
1669,int16,0.0,3750.0,512x512
1670,int16,0.0,3640.0,512x512
1671,int16,0.0,4206.0,512x512
1672,int16,0.0,1444.0,512x512
1673,int16,0.0,801.0,512x512
1674,int16,0.0,831.0,512x512
1675,int16,0.0,845.0,512x512
1676,int16,0.0,862.0,512x512
1677,int16,0.0,701.0,512x512
1678,int16,0.0,701.0,512x512
1679,int16,0.0,734.0,512x512
1680,int16,0.0,758.0,512x512
1681,int16,0.0,746.0,512x512
1682,int16,0.0,734.0,512x512
1683,int16,0.0,772.0,512x512
1684,int16,0.0,3003.0,512x512
1685,int16,0.0,2849.0,512x512
1686,int16,0.0,3116.0,512x512
1687,int16,0.0,3132.0,512x512
1688,int16,0.0,2643.0,512x512
1689,int16,0.0,2576.0,512x512
1690,int16,0.0,2516.0,512x512
1691,int16,0.0,2410.0,512x512
1692,int16,0.0,2431.0,512x512
1693,int16,0.0,2489.0,512x512
1694,int16,0.0,2637.0,512x512
1695,int16,0.0,2919.0,512x512
1696,int16,0.0,2896.0,512x512
1697,int16,0.0,2701.0,512x512
1698,int16,0.0,2667.0,512x512
1699,int16,0.0,2366.0,512x512
1700,int16,0.0,908.0,512x512
1701,int16,0.0,916.0,512x512
1702,int16,0.0,865.0,512x512
1703,int16,0.0,890.0,512x512
1704,int16,0.0,2188.0,512x512
1705,int16,0.0,2204.0,512x512
1706,int16,0.0,2278.0,512x512
1707,int16,0.0,2256.0,512x512
1708,int16,0.0,2141.0,512x512
1709,int16,0.0,795.0,512x512
1710,int16,0.0,843.0,512x512
1711,int16,0.0,832.0,512x512
1712,int16,0.0,842.0,512x512
1713,int16,0.0,735.0,512x512
1714,int16,0.0,635.0,512x512
1715,int16,0.0,617.0,512x512
1716,int16,0.0,652.0,512x512
1717,int16,0.0,631.0,512x512
1718,int16,0.0,593.0,512x512
1719,int16,0.0,559.0,512x512
1720,int16,0.0,565.0,512x512
1721,int16,0.0,2407.0,512x512
1722,int16,0.0,2402.0,512x512
1723,int16,0.0,2419.0,512x512
1724,int16,0.0,2544.0,512x512
1725,int16,0.0,3256.0,512x512
1726,int16,0.0,3051.0,512x512
1727,int16,0.0,3082.0,512x512
1728,int16,0.0,3090.0,512x512
1729,int16,0.0,2916.0,512x512
1730,int16,0.0,2901.0,512x512
1731,int16,0.0,2774.0,512x512
1732,int16,0.0,2697.0,512x512
1733,int16,0.0,2693.0,512x512
1734,int16,0.0,803.0,512x512
1735,int16,0.0,817.0,512x512
1736,int16,0.0,782.0,512x512
1737,int16,0.0,771.0,512x512
1738,int16,0.0,820.0,512x512
1739,int16,0.0,829.0,512x512
1740,int16,0.0,817.0,512x512
1741,int16,0.0,694.0,512x512
1742,int16,0.0,698.0,512x512
1743,int16,0.0,730.0,512x512
1744,int16,0.0,714.0,512x512
1745,int16,0.0,722.0,512x512
1746,int16,0.0,731.0,512x512
1747,int16,0.0,741.0,512x512
1748,int16,0.0,3557.0,512x512
1749,int16,0.0,3520.0,512x512
1750,int16,0.0,3450.0,512x512
1751,int16,0.0,3366.0,512x512
1752,int16,0.0,3640.0,512x512
1753,int16,0.0,3275.0,512x512
1754,int16,0.0,2474.0,512x512
1755,int16,0.0,2697.0,512x512
1756,int16,0.0,2547.0,512x512
1757,int16,0.0,2475.0,512x512
1758,int16,0.0,2408.0,512x512
1759,int16,0.0,2421.0,512x512
1760,int16,0.0,2514.0,512x512
1761,int16,0.0,672.0,512x512
1762,int16,0.0,753.0,512x512
1763,int16,0.0,644.0,512x512
1764,int16,0.0,724.0,512x512
1765,int16,0.0,663.0,512x512
1766,int16,0.0,2326.0,512x512
1767,int16,0.0,2259.0,512x512
1768,int16,0.0,2148.0,512x512
1769,int16,0.0,2130.0,512x512
1770,int16,0.0,1904.0,512x512
1771,int16,0.0,1981.0,512x512
1772,int16,0.0,1852.0,512x512
1773,int16,0.0,1806.0,512x512
1774,int16,0.0,1857.0,512x512
1775,int16,0.0,1856.0,512x512
1776,int16,0.0,1800.0,512x512
1777,int16,0.0,1993.0,512x512
1778,int16,0.0,1871.0,512x512
1779,int16,0.0,1840.0,512x512
1780,int16,0.0,1899.0,512x512
1781,int16,0.0,2110.0,512x512
1782,int16,0.0,1983.0,512x512
1783,int16,0.0,1988.0,512x512
1784,int16,0.0,2079.0,512x512
1785,int16,0.0,1996.0,512x512
1786,int16,0.0,1977.0,512x512
1787,int16,0.0,1984.0,512x512
1788,int16,0.0,1926.0,512x512
1789,int16,0.0,1849.0,512x512
1790,int16,0.0,1796.0,512x512
1791,int16,0.0,1844.0,512x512
1792,int16,0.0,1938.0,512x512
1793,int16,0.0,2088.0,512x512
1794,int16,0.0,2011.0,512x512
1795,int16,0.0,819.0,512x512
1796,int16,0.0,825.0,512x512
1797,int16,0.0,1136.0,512x512
1798,int16,0.0,1030.0,512x512
1799,int16,0.0,1090.0,512x512
1800,int16,0.0,853.0,512x512
1801,int16,0.0,798.0,512x512
1802,int16,0.0,757.0,512x512
1803,int16,0.0,818.0,512x512
1804,int16,0.0,831.0,512x512
1805,int16,0.0,819.0,512x512
1806,int16,0.0,2619.0,512x512
1807,int16,0.0,2540.0,512x512
1808,int16,0.0,2506.0,512x512
1809,int16,0.0,2518.0,512x512
1810,int16,0.0,2535.0,512x512
1811,int16,0.0,2618.0,512x512
1812,int16,0.0,2659.0,512x512
1813,int16,0.0,2516.0,512x512
1814,int16,0.0,2692.0,512x512
1815,int16,0.0,2546.0,512x512
1816,int16,0.0,2563.0,512x512
1817,int16,0.0,2512.0,512x512
1818,int16,0.0,2523.0,512x512
1819,int16,0.0,2400.0,512x512
1820,int16,0.0,2355.0,512x512
1821,int16,0.0,2488.0,512x512
1822,int16,0.0,2735.0,512x512
1823,int16,0.0,2316.0,512x512
1824,int16,0.0,2313.0,512x512
1825,int16,0.0,2392.0,512x512
1826,int16,0.0,2397.0,512x512
1827,int16,0.0,2546.0,512x512
1828,int16,0.0,2512.0,512x512
1829,int16,0.0,2402.0,512x512
1830,int16,0.0,928.0,512x512
1831,int16,0.0,916.0,512x512
1832,int16,0.0,934.0,512x512
1833,int16,0.0,997.0,512x512
1834,int16,0.0,952.0,512x512
1835,int16,0.0,2101.0,512x512
1836,int16,0.0,2176.0,512x512
1837,int16,0.0,2229.0,512x512
1838,int16,0.0,2563.0,512x512
1839,int16,0.0,2508.0,512x512
1840,int16,0.0,2408.0,512x512
1841,int16,0.0,7147.0,512x512
1842,int16,0.0,5912.0,512x512
1843,int16,0.0,6408.0,512x512
1844,int16,0.0,7179.0,512x512
1845,int16,0.0,6939.0,512x512
1846,int16,0.0,6879.0,512x512
1847,int16,0.0,7239.0,512x512
1848,int16,0.0,6488.0,512x512
1849,int16,0.0,9178.0,512x512
1850,int16,0.0,8474.0,512x512
1851,int16,0.0,8101.0,512x512
1852,int16,0.0,7073.0,512x512
1853,int16,0.0,6547.0,512x512
1854,int16,0.0,4931.0,512x512
1855,int16,0.0,4990.0,512x512
1856,int16,0.0,4902.0,512x512
1857,int16,0.0,5436.0,512x512
1858,int16,0.0,5355.0,512x512
1859,int16,0.0,5158.0,512x512
1860,int16,0.0,5196.0,512x512
1861,int16,0.0,4978.0,512x512
1862,int16,0.0,5377.0,512x512
1863,int16,0.0,5637.0,512x512
1864,int16,0.0,5214.0,512x512
1865,int16,0.0,5073.0,512x512
1866,int16,0.0,4732.0,512x512
1867,int16,0.0,4970.0,512x512
1868,int16,0.0,4652.0,512x512
1869,int16,0.0,4119.0,512x512
1870,int16,0.0,5857.0,512x512
1871,int16,0.0,5572.0,512x512
1872,int16,0.0,4961.0,512x512
1873,int16,0.0,4964.0,512x512
1874,int16,0.0,4447.0,512x512
1875,int16,0.0,4045.0,512x512
1876,int16,0.0,4724.0,512x512
1877,int16,0.0,3671.0,512x512
1878,int16,0.0,3723.0,512x512
1879,int16,0.0,5067.0,512x512
1880,int16,0.0,5205.0,512x512
1881,int16,0.0,3837.0,512x512
1882,int16,0.0,3838.0,512x512
1883,int16,0.0,4018.0,512x512
1884,int16,0.0,3604.0,512x512
1885,int16,0.0,6447.0,512x512
1886,int16,0.0,5997.0,512x512
1887,int16,0.0,5842.0,512x512
1888,int16,0.0,5357.0,512x512
1889,int16,0.0,5192.0,512x512
1890,int16,0.0,5214.0,512x512
1891,int16,0.0,6168.0,512x512
1892,int16,0.0,5408.0,512x512
1893,int16,0.0,5916.0,512x512
1894,int16,0.0,6673.0,512x512
1895,int16,0.0,5882.0,512x512
1896,int16,0.0,6174.0,512x512
1897,int16,0.0,5628.0,512x512
1898,int16,0.0,5595.0,512x512
1899,int16,0.0,5717.0,512x512
1900,int16,0.0,6022.0,512x512
1901,int16,0.0,6830.0,512x512
1902,int16,0.0,7157.0,512x512
1903,int16,0.0,7147.0,512x512
1904,int16,0.0,6998.0,512x512
1905,int16,0.0,6139.0,512x512
1906,int16,0.0,6558.0,512x512
1907,int16,0.0,7093.0,512x512
1908,int16,0.0,5966.0,512x512
1909,int16,0.0,7374.0,512x512
1910,int16,0.0,6733.0,512x512
1911,int16,0.0,6142.0,512x512
1912,int16,0.0,6788.0,512x512
1913,int16,0.0,7772.0,512x512
1914,int16,0.0,9130.0,512x512
1915,int16,0.0,9176.0,512x512
1916,int16,0.0,8781.0,512x512
1917,int16,0.0,8603.0,512x512
1918,int16,0.0,8912.0,512x512
1919,int16,0.0,7776.0,512x512
1920,int16,0.0,8383.0,512x512
1921,int16,0.0,4096.0,512x512
1922,int16,0.0,4751.0,512x512
1923,int16,0.0,9820.0,512x512
1924,int16,0.0,7193.0,512x512
1925,int16,0.0,5904.0,512x512
1926,int16,0.0,6029.0,512x512
1927,int16,0.0,6617.0,512x512
1928,int16,0.0,4832.0,512x512
1929,int16,0.0,6392.0,512x512
1930,int16,0.0,6690.0,512x512
1931,int16,0.0,8335.0,512x512
1932,int16,0.0,7101.0,512x512
1933,int16,0.0,7405.0,512x512
1934,int16,0.0,7583.0,512x512
1935,int16,0.0,6546.0,512x512
1936,int16,0.0,8412.0,512x512
1937,int16,0.0,9199.0,512x512
1938,int16,0.0,8713.0,512x512
1939,int16,0.0,8668.0,512x512
1940,int16,0.0,7608.0,512x512
1941,int16,0.0,7005.0,512x512
1942,int16,0.0,6660.0,512x512
1943,int16,0.0,6707.0,512x512
1944,int16,0.0,6216.0,512x512
1945,int16,0.0,6893.0,512x512
1946,int16,0.0,6536.0,512x512
1947,int16,0.0,6894.0,512x512
1948,int16,0.0,4750.0,512x512
1949,int16,0.0,4525.0,512x512
1950,int16,0.0,6402.0,512x512
1951,int16,0.0,6377.0,512x512
1952,int16,0.0,6421.0,512x512
1953,int16,0.0,6051.0,512x512
1954,int16,0.0,5472.0,512x512
1955,int16,0.0,5505.0,512x512
1956,int16,0.0,6760.0,512x512
1957,int16,0.0,6777.0,512x512
1958,int16,0.0,7352.0,512x512
1959,int16,0.0,7602.0,512x512
1960,int16,0.0,9090.0,512x512
1961,int16,0.0,7719.0,512x512
1962,int16,0.0,7608.0,512x512
1963,int16,0.0,7228.0,512x512
1964,int16,0.0,6039.0,512x512
1965,int16,0.0,6216.0,512x512
1966,int16,0.0,6470.0,512x512
1967,int16,0.0,6874.0,512x512
1968,int16,0.0,7155.0,512x512
1969,int16,0.0,6753.0,512x512
1970,int16,0.0,6074.0,512x512
1971,int16,0.0,5636.0,512x512
1972,int16,0.0,5344.0,512x512
1973,int16,0.0,5538.0,512x512
1974,int16,0.0,4063.0,512x512
1975,int16,0.0,4692.0,512x512
1976,int16,0.0,4474.0,512x512
1977,int16,0.0,5006.0,512x512
1978,int16,0.0,4590.0,512x512
1979,int16,0.0,4538.0,512x512
1980,int16,0.0,4046.0,512x512
1981,int16,0.0,4285.0,512x512
1982,int16,0.0,4131.0,512x512
1983,int16,0.0,3706.0,512x512
1984,int16,0.0,5176.0,512x512
1985,int16,0.0,4829.0,512x512
1986,int16,0.0,4950.0,512x512
1987,int16,0.0,4879.0,512x512
1988,int16,0.0,4475.0,512x512
1989,int16,0.0,4372.0,512x512
1990,int16,0.0,4283.0,512x512
1991,int16,0.0,4091.0,512x512
1992,int16,0.0,4257.0,512x512
1993,int16,0.0,4106.0,512x512
1994,int16,0.0,5150.0,512x512
1995,int16,0.0,5062.0,512x512
1996,int16,0.0,4565.0,512x512
1997,int16,0.0,4539.0,512x512
1998,int16,0.0,7003.0,512x512
1999,int16,0.0,7890.0,512x512
2000,int16,0.0,7267.0,512x512
2001,int16,0.0,8084.0,512x512
2002,int16,0.0,7638.0,512x512
2003,int16,0.0,5780.0,512x512
2004,int16,0.0,5084.0,512x512
2005,int16,0.0,9052.0,512x512
2006,int16,0.0,9700.0,512x512
2007,int16,0.0,10144.0,512x512
2008,int16,0.0,9092.0,512x512
2009,int16,0.0,9420.0,512x512
2010,int16,0.0,8641.0,512x512
2011,int16,0.0,7342.0,512x512
2012,int16,0.0,6982.0,512x512
2013,int16,0.0,6362.0,512x512
2014,int16,0.0,6352.0,512x512
2015,int16,0.0,5413.0,512x512
2016,int16,0.0,4750.0,512x512
2017,int16,0.0,4402.0,512x512
2018,int16,0.0,4279.0,512x512
2019,int16,0.0,4991.0,512x512
2020,int16,0.0,4234.0,512x512
2021,int16,0.0,4168.0,512x512
2022,int16,0.0,3941.0,512x512
2023,int16,0.0,3326.0,512x512
2024,int16,0.0,4491.0,512x512
2025,int16,0.0,5399.0,512x512
2026,int16,0.0,4355.0,512x512
2027,int16,0.0,5477.0,512x512
2028,int16,0.0,5795.0,512x512
2029,int16,0.0,5606.0,512x512
2030,int16,0.0,4749.0,512x512
2031,int16,0.0,4983.0,512x512
2032,int16,0.0,5311.0,512x512
2033,int16,0.0,4691.0,512x512
2034,int16,0.0,5115.0,512x512
2035,int16,0.0,4524.0,512x512
2036,int16,0.0,3885.0,512x512
2037,int16,0.0,3622.0,512x512
2038,int16,0.0,6889.0,512x512
2039,int16,0.0,7305.0,512x512
2040,int16,0.0,6222.0,512x512
2041,int16,0.0,5951.0,512x512
2042,int16,0.0,4866.0,512x512
2043,int16,0.0,5603.0,512x512
2044,int16,0.0,4534.0,512x512
2045,int16,0.0,4906.0,512x512
2046,int16,0.0,4907.0,512x512
2047,int16,0.0,4947.0,512x512
2048,int16,0.0,4649.0,512x512
2049,int16,0.0,4791.0,512x512
2050,int16,0.0,4024.0,512x512
2051,int16,0.0,7260.0,512x512
2052,int16,0.0,7185.0,512x512
2053,int16,0.0,8607.0,512x512
2054,int16,0.0,6938.0,512x512
2055,int16,0.0,7676.0,512x512
2056,int16,0.0,5731.0,512x512
2057,int16,0.0,6346.0,512x512
2058,int16,0.0,6694.0,512x512
2059,int16,0.0,6061.0,512x512
2060,int16,0.0,7000.0,512x512
2061,int16,0.0,6041.0,512x512
2062,int16,0.0,8437.0,512x512
2063,int16,0.0,6482.0,512x512
2064,int16,0.0,7070.0,512x512
2065,int16,0.0,6063.0,512x512
2066,int16,0.0,7495.0,512x512
2067,int16,0.0,6240.0,512x512
2068,int16,0.0,7084.0,512x512
2069,int16,0.0,5956.0,512x512
2070,int16,0.0,5932.0,512x512
2071,int16,0.0,6368.0,512x512
2072,int16,0.0,6781.0,512x512
2073,int16,0.0,6164.0,512x512
2074,int16,0.0,8148.0,512x512
2075,int16,0.0,7847.0,512x512
2076,int16,0.0,7907.0,512x512
2077,int16,0.0,7423.0,512x512
2078,int16,0.0,7478.0,512x512
2079,int16,0.0,7490.0,512x512
2080,int16,0.0,7450.0,512x512
2081,int16,0.0,7589.0,512x512
2082,int16,0.0,8814.0,512x512
2083,int16,0.0,8466.0,512x512
2084,int16,0.0,8715.0,512x512
2085,int16,0.0,8830.0,512x512
2086,int16,0.0,10939.0,512x512
2087,int16,0.0,8561.0,512x512
2088,int16,0.0,10597.0,512x512
2089,int16,0.0,12185.0,512x512
2090,int16,0.0,10372.0,512x512
2091,int16,0.0,9730.0,512x512
2092,int16,0.0,8883.0,512x512
2093,int16,0.0,2789.0,512x512
2094,int16,0.0,3009.0,512x512
2095,int16,0.0,2922.0,512x512
2096,int16,0.0,2321.0,512x512
2097,int16,0.0,6971.0,512x512
2098,int16,0.0,8260.0,512x512
2099,int16,0.0,8481.0,512x512
2100,int16,0.0,7401.0,512x512
2101,int16,0.0,6183.0,512x512
2102,int16,0.0,7146.0,512x512
2103,int16,0.0,7409.0,512x512
2104,int16,0.0,7488.0,512x512
2105,int16,0.0,7737.0,512x512
2106,int16,0.0,8679.0,512x512
2107,int16,0.0,8533.0,512x512
2108,int16,0.0,8672.0,512x512
2109,int16,0.0,6069.0,512x512
2110,int16,0.0,5775.0,512x512
2111,int16,0.0,5751.0,512x512
2112,int16,0.0,2815.0,512x512
2113,int16,0.0,2789.0,512x512
2114,int16,0.0,3058.0,512x512
2115,int16,0.0,3385.0,512x512
2116,int16,0.0,3642.0,512x512
2117,int16,0.0,3455.0,512x512
2118,int16,0.0,3713.0,512x512
2119,int16,0.0,3747.0,512x512
2120,int16,0.0,3486.0,512x512
2121,int16,0.0,3718.0,512x512
2122,int16,0.0,3611.0,512x512
2123,int16,0.0,3409.0,512x512
2124,int16,0.0,3213.0,512x512
2125,int16,0.0,3748.0,512x512
2126,int16,0.0,3530.0,512x512
2127,int16,0.0,2779.0,512x512
2128,int16,0.0,9263.0,512x512
2129,int16,0.0,8860.0,512x512
2130,int16,0.0,8293.0,512x512
2131,int16,0.0,10422.0,512x512
2132,int16,0.0,8921.0,512x512
2133,int16,0.0,7866.0,512x512
2134,int16,0.0,7072.0,512x512
2135,int16,0.0,7685.0,512x512
2136,int16,0.0,6697.0,512x512
2137,int16,0.0,7020.0,512x512
2138,int16,0.0,6078.0,512x512
2139,int16,0.0,5767.0,512x512
2140,int16,0.0,6404.0,512x512
2141,int16,0.0,2668.0,512x512
2142,int16,0.0,2398.0,512x512
2143,int16,0.0,2662.0,512x512
2144,int16,0.0,3938.0,512x512
2145,int16,0.0,3295.0,512x512
2146,int16,0.0,3340.0,512x512
2147,int16,0.0,3282.0,512x512
2148,int16,0.0,3401.0,512x512
2149,int16,0.0,3308.0,512x512
2150,int16,0.0,3454.0,512x512
2151,int16,0.0,4043.0,512x512
2152,int16,0.0,4347.0,512x512
2153,int16,0.0,5140.0,512x512
2154,int16,0.0,5729.0,512x512
2155,int16,0.0,7261.0,512x512
2156,int16,0.0,6167.0,512x512
2157,int16,0.0,6125.0,512x512
2158,int16,0.0,5613.0,512x512
2159,int16,0.0,5986.0,512x512
2160,int16,0.0,6626.0,512x512
2161,int16,0.0,6562.0,512x512
2162,int16,0.0,7593.0,512x512
2163,int16,0.0,7611.0,512x512
2164,int16,0.0,7313.0,512x512
2165,int16,0.0,6523.0,512x512
2166,int16,0.0,6317.0,512x512
2167,int16,0.0,6572.0,512x512
2168,int16,0.0,5921.0,512x512
2169,int16,0.0,6818.0,512x512
2170,int16,0.0,6594.0,512x512
2171,int16,0.0,6714.0,512x512
2172,int16,0.0,5735.0,512x512
2173,int16,0.0,6012.0,512x512
2174,int16,0.0,11700.0,512x512
2175,int16,0.0,12728.0,512x512
2176,int16,0.0,11873.0,512x512
2177,int16,0.0,12230.0,512x512
2178,int16,0.0,12014.0,512x512
2179,int16,0.0,8343.0,512x512
2180,int16,0.0,8330.0,512x512
2181,int16,0.0,9483.0,512x512
2182,int16,0.0,8839.0,512x512
2183,int16,0.0,8696.0,512x512
2184,int16,0.0,8231.0,512x512
2185,int16,0.0,9896.0,512x512
2186,int16,0.0,8930.0,512x512
2187,int16,0.0,10315.0,512x512
2188,int16,0.0,8948.0,512x512
2189,int16,0.0,9501.0,512x512
2190,int16,0.0,9786.0,512x512
2191,int16,0.0,10036.0,512x512
2192,int16,0.0,8576.0,512x512
2193,int16,0.0,8828.0,512x512
2194,int16,0.0,7890.0,512x512
2195,int16,0.0,9883.0,512x512
2196,int16,0.0,6972.0,512x512
2197,int16,0.0,7795.0,512x512
2198,int16,0.0,7552.0,512x512
2199,int16,0.0,8892.0,512x512
2200,int16,0.0,8648.0,512x512
2201,int16,0.0,9739.0,512x512
2202,int16,0.0,9149.0,512x512
2203,int16,0.0,8292.0,512x512
2204,int16,0.0,7168.0,512x512
2205,int16,0.0,7380.0,512x512
2206,int16,0.0,7967.0,512x512
2207,int16,0.0,9177.0,512x512
2208,int16,0.0,9717.0,512x512
2209,int16,0.0,10494.0,512x512
2210,int16,0.0,10778.0,512x512
2211,int16,0.0,10076.0,512x512
2212,int16,0.0,10008.0,512x512
2213,int16,0.0,10950.0,512x512
2214,int16,0.0,9247.0,512x512
2215,int16,0.0,9858.0,512x512
2216,int16,0.0,9598.0,512x512
2217,int16,0.0,9439.0,512x512
2218,int16,0.0,9380.0,512x512
2219,int16,0.0,9909.0,512x512
2220,int16,0.0,9443.0,512x512
2221,int16,0.0,7608.0,512x512
2222,int16,0.0,7708.0,512x512
2223,int16,0.0,6446.0,512x512
2224,int16,0.0,8777.0,512x512
2225,int16,0.0,6860.0,512x512
2226,int16,0.0,8301.0,512x512
2227,int16,0.0,6176.0,512x512
2228,int16,0.0,6793.0,512x512
2229,int16,0.0,5834.0,512x512
2230,int16,0.0,4839.0,512x512
2231,int16,0.0,5076.0,512x512
2232,int16,0.0,5295.0,512x512
2233,int16,0.0,5396.0,512x512
2234,int16,0.0,5715.0,512x512
2235,int16,0.0,4832.0,512x512
2236,int16,0.0,5070.0,512x512
2237,int16,0.0,4993.0,512x512
2238,int16,0.0,5234.0,512x512
2239,int16,0.0,4711.0,512x512
2240,int16,0.0,4061.0,512x512
2241,int16,0.0,3371.0,512x512
2242,int16,0.0,3806.0,512x512
2243,int16,0.0,4304.0,512x512
2244,int16,0.0,5167.0,512x512
2245,int16,0.0,4129.0,512x512
2246,int16,0.0,3839.0,512x512
2247,int16,0.0,2623.0,512x512
2248,int16,0.0,2806.0,512x512
2249,int16,0.0,2797.0,512x512
2250,int16,0.0,4178.0,512x512
2251,int16,0.0,4166.0,512x512
2252,int16,0.0,4208.0,512x512
2253,int16,0.0,4234.0,512x512
2254,int16,0.0,3556.0,512x512
2255,int16,0.0,4049.0,512x512
2256,int16,0.0,3833.0,512x512
2257,int16,0.0,4139.0,512x512
2258,int16,0.0,3895.0,512x512
2259,int16,0.0,4086.0,512x512
2260,int16,0.0,4263.0,512x512
2261,int16,0.0,4205.0,512x512
2262,int16,0.0,4388.0,512x512
2263,int16,0.0,3776.0,512x512
2264,int16,0.0,4157.0,512x512
2265,int16,0.0,3868.0,512x512
2266,int16,0.0,3717.0,512x512
2267,int16,0.0,4540.0,512x512
2268,int16,0.0,4101.0,512x512
2269,int16,0.0,3754.0,512x512
2270,int16,0.0,5870.0,512x512
2271,int16,0.0,6264.0,512x512
2272,int16,0.0,6090.0,512x512
2273,int16,0.0,6490.0,512x512
2274,int16,0.0,5208.0,512x512
2275,int16,0.0,5320.0,512x512
2276,int16,0.0,5617.0,512x512
2277,int16,0.0,4896.0,512x512
2278,int16,0.0,6181.0,512x512
2279,int16,0.0,6144.0,512x512
2280,int16,0.0,4999.0,512x512
2281,int16,0.0,4856.0,512x512
2282,int16,0.0,4847.0,512x512
2283,int16,0.0,4578.0,512x512
2284,int16,0.0,4487.0,512x512
2285,int16,0.0,4551.0,512x512
2286,int16,0.0,6409.0,512x512
2287,int16,0.0,5165.0,512x512
2288,int16,0.0,5583.0,512x512
2289,int16,0.0,6372.0,512x512
2290,int16,0.0,5374.0,512x512
2291,int16,0.0,5806.0,512x512
2292,int16,0.0,5100.0,512x512
2293,int16,0.0,4877.0,512x512
2294,int16,0.0,5331.0,512x512
2295,int16,0.0,4991.0,512x512
2296,int16,0.0,4716.0,512x512
2297,int16,0.0,4487.0,512x512
2298,int16,0.0,5068.0,512x512
2299,int16,0.0,5697.0,512x512
2300,int16,0.0,3986.0,512x512
2301,int16,0.0,4298.0,512x512
2302,int16,0.0,4716.0,512x512
2303,int16,0.0,4492.0,512x512
2304,int16,0.0,4690.0,512x512
2305,int16,0.0,4633.0,512x512
2306,int16,0.0,4166.0,512x512
2307,int16,0.0,4198.0,512x512
2308,int16,0.0,4424.0,512x512
2309,int16,0.0,4656.0,512x512
2310,int16,0.0,4113.0,512x512
2311,int16,0.0,4195.0,512x512
2312,int16,0.0,4023.0,512x512
2313,int16,0.0,3845.0,512x512
2314,int16,0.0,3760.0,512x512
2315,int16,0.0,4119.0,512x512
2316,int16,0.0,4973.0,512x512
2317,int16,0.0,3153.0,512x512
2318,int16,0.0,2875.0,512x512
2319,int16,0.0,3034.0,512x512
2320,int16,0.0,3324.0,512x512
2321,int16,0.0,5179.0,512x512
2322,int16,0.0,4932.0,512x512
2323,int16,0.0,4687.0,512x512
2324,int16,0.0,5202.0,512x512
2325,int16,0.0,6120.0,512x512
2326,int16,0.0,3583.0,512x512
2327,int16,0.0,3599.0,512x512
2328,int16,0.0,3843.0,512x512
2329,int16,0.0,3642.0,512x512
2330,int16,0.0,3538.0,512x512
2331,int16,0.0,2990.0,512x512
2332,int16,0.0,3390.0,512x512
2333,int16,0.0,4769.0,512x512
2334,int16,0.0,4410.0,512x512
2335,int16,0.0,4883.0,512x512
2336,int16,0.0,3978.0,512x512
2337,int16,0.0,4250.0,512x512
2338,int16,0.0,4072.0,512x512
2339,int16,0.0,3937.0,512x512
2340,int16,0.0,4249.0,512x512
2341,int16,0.0,4195.0,512x512
2342,int16,0.0,4099.0,512x512
2343,int16,0.0,3677.0,512x512
2344,int16,0.0,3277.0,512x512
2345,int16,0.0,3157.0,512x512
2346,int16,0.0,2954.0,512x512
2347,int16,0.0,3496.0,512x512
2348,int16,0.0,3219.0,512x512
2349,int16,0.0,8933.0,512x512
2350,int16,0.0,9595.0,512x512
2351,int16,0.0,8793.0,512x512
2352,int16,0.0,7352.0,512x512
2353,int16,0.0,5833.0,512x512
2354,int16,0.0,7377.0,512x512
2355,int16,0.0,7831.0,512x512
2356,int16,0.0,8278.0,512x512
2357,int16,0.0,9814.0,512x512
2358,int16,0.0,10710.0,512x512
2359,int16,0.0,10022.0,512x512
2360,int16,0.0,8675.0,512x512
2361,int16,0.0,7982.0,512x512
2362,int16,0.0,10646.0,512x512
2363,int16,0.0,9146.0,512x512
2364,int16,0.0,8162.0,512x512
2365,int16,0.0,10221.0,512x512
2366,int16,0.0,10321.0,512x512
2367,int16,0.0,10584.0,512x512
2368,int16,0.0,11475.0,512x512
2369,int16,0.0,11671.0,512x512
2370,int16,0.0,11192.0,512x512
2371,int16,0.0,11157.0,512x512
2372,int16,0.0,9886.0,512x512
2373,int16,0.0,6563.0,512x512
2374,int16,0.0,6721.0,512x512
2375,int16,0.0,7673.0,512x512
2376,int16,0.0,7335.0,512x512
2377,int16,0.0,8020.0,512x512
2378,int16,0.0,7590.0,512x512
2379,int16,0.0,8384.0,512x512
2380,int16,0.0,8346.0,512x512
2381,int16,0.0,8592.0,512x512
2382,int16,0.0,7495.0,512x512
2383,int16,0.0,7101.0,512x512
2384,int16,0.0,6377.0,512x512
2385,int16,0.0,7146.0,512x512
2386,int16,0.0,8676.0,512x512
2387,int16,0.0,8169.0,512x512
2388,int16,0.0,8100.0,512x512
2389,int16,0.0,7801.0,512x512
2390,int16,0.0,7984.0,512x512
2391,int16,0.0,7489.0,512x512
2392,int16,0.0,6588.0,512x512
2393,int16,0.0,5774.0,512x512
2394,int16,0.0,8826.0,512x512
2395,int16,0.0,10639.0,512x512
2396,int16,0.0,10514.0,512x512
2397,int16,0.0,8597.0,512x512
2398,int16,0.0,8407.0,512x512
2399,int16,0.0,8910.0,512x512
2400,int16,0.0,7020.0,512x512
2401,int16,0.0,6128.0,512x512
2402,int16,0.0,5470.0,512x512
2403,int16,0.0,4863.0,512x512
2404,int16,0.0,4628.0,512x512
2405,int16,0.0,4470.0,512x512
2406,int16,0.0,4992.0,512x512
2407,int16,0.0,4349.0,512x512
2408,int16,0.0,4556.0,512x512
2409,int16,0.0,4833.0,512x512
2410,int16,0.0,3914.0,512x512
2411,int16,0.0,4302.0,512x512
2412,int16,0.0,4127.0,512x512
2413,int16,0.0,4001.0,512x512
2414,int16,0.0,3360.0,512x512
2415,int16,0.0,4172.0,512x512
2416,int16,0.0,3834.0,512x512
2417,int16,0.0,4270.0,512x512
2418,int16,0.0,4441.0,512x512
2419,int16,0.0,6056.0,512x512
2420,int16,0.0,4518.0,512x512
2421,int16,0.0,4104.0,512x512
2422,int16,0.0,4401.0,512x512
2423,int16,0.0,4355.0,512x512
2424,int16,0.0,4407.0,512x512
2425,int16,0.0,5492.0,512x512
2426,int16,0.0,4379.0,512x512
2427,int16,0.0,5154.0,512x512
2428,int16,0.0,6051.0,512x512
2429,int16,0.0,5258.0,512x512
2430,int16,0.0,4367.0,512x512
2431,int16,0.0,4961.0,512x512
2432,int16,0.0,4579.0,512x512
2433,int16,0.0,5280.0,512x512
2434,int16,0.0,5675.0,512x512
2435,int16,0.0,3850.0,512x512
2436,int16,0.0,3526.0,512x512
2437,int16,0.0,4151.0,512x512
2438,int16,0.0,3599.0,512x512
2439,int16,0.0,3676.0,512x512
2440,int16,0.0,3357.0,512x512
2441,int16,0.0,3787.0,512x512
2442,int16,0.0,8432.0,512x512
2443,int16,0.0,4801.0,512x512
2444,int16,0.0,3976.0,512x512
2445,int16,0.0,4848.0,512x512
2446,int16,0.0,4194.0,512x512
2447,int16,0.0,5045.0,512x512
2448,int16,0.0,4885.0,512x512
2449,int16,0.0,5420.0,512x512
2450,int16,0.0,4324.0,512x512
2451,int16,0.0,4156.0,512x512
2452,int16,0.0,6106.0,512x512
2453,int16,0.0,5687.0,512x512
2454,int16,0.0,5935.0,512x512
2455,int16,0.0,5797.0,512x512
2456,int16,0.0,6175.0,512x512
2457,int16,0.0,5744.0,512x512
2458,int16,0.0,5647.0,512x512
2459,int16,0.0,5345.0,512x512
2460,int16,0.0,6109.0,512x512
2461,int16,0.0,5734.0,512x512
2462,int16,0.0,6033.0,512x512
2463,int16,0.0,5895.0,512x512
2464,int16,0.0,5921.0,512x512
2465,int16,0.0,6079.0,512x512
2466,int16,0.0,7480.0,512x512
2467,int16,0.0,6303.0,512x512
2468,int16,0.0,6162.0,512x512
2469,int16,0.0,6640.0,512x512
2470,int16,0.0,6058.0,512x512
2471,int16,0.0,5868.0,512x512
2472,int16,0.0,6291.0,512x512
2473,int16,0.0,6129.0,512x512
2474,int16,0.0,6266.0,512x512
2475,int16,0.0,6232.0,512x512
2476,int16,0.0,3061.0,512x512
2477,int16,0.0,2729.0,512x512
2478,int16,0.0,2995.0,512x512
2479,int16,0.0,3199.0,512x512
2480,int16,0.0,3287.0,512x512
2481,int16,0.0,3236.0,512x512
2482,int16,0.0,3741.0,512x512
2483,int16,0.0,3559.0,512x512
2484,int16,0.0,3164.0,512x512
2485,int16,0.0,3289.0,512x512
2486,int16,0.0,3124.0,512x512
2487,int16,0.0,2621.0,512x512
2488,int16,0.0,3406.0,512x512
2489,int16,0.0,2264.0,512x512
2490,int16,0.0,2300.0,512x512
2491,int16,0.0,2434.0,512x512
2492,int16,0.0,2468.0,512x512
2493,int16,0.0,2311.0,512x512
2494,int16,0.0,2703.0,512x512
2495,int16,0.0,2356.0,512x512
2496,int16,0.0,5905.0,512x512
2497,int16,0.0,5378.0,512x512
2498,int16,0.0,5762.0,512x512
2499,int16,0.0,5286.0,512x512
2500,int16,0.0,6168.0,512x512
2501,int16,0.0,6093.0,512x512
2502,int16,0.0,7068.0,512x512
2503,int16,0.0,6192.0,512x512
2504,int16,0.0,6075.0,512x512
2505,int16,0.0,5890.0,512x512
2506,int16,0.0,5372.0,512x512
2507,int16,0.0,4486.0,512x512
2508,int16,0.0,5762.0,512x512
2509,int16,0.0,6449.0,512x512
2510,int16,0.0,6444.0,512x512
2511,int16,0.0,6018.0,512x512
2512,int16,0.0,6634.0,512x512
2513,int16,0.0,7704.0,512x512
2514,int16,0.0,8350.0,512x512
2515,int16,0.0,9109.0,512x512
2516,int16,0.0,6504.0,512x512
2517,int16,0.0,6798.0,512x512
2518,int16,0.0,6690.0,512x512
2519,int16,0.0,7675.0,512x512
2520,int16,0.0,7252.0,512x512
2521,int16,0.0,7333.0,512x512
2522,int16,0.0,7356.0,512x512
2523,int16,0.0,7581.0,512x512
2524,int16,0.0,5308.0,512x512
2525,int16,0.0,4375.0,512x512
2526,int16,0.0,4760.0,512x512
2527,int16,0.0,4931.0,512x512
2528,int16,0.0,4765.0,512x512
2529,int16,0.0,5245.0,512x512
2530,int16,0.0,5640.0,512x512
2531,int16,0.0,5576.0,512x512
2532,int16,0.0,6347.0,512x512
2533,int16,0.0,5255.0,512x512
2534,int16,0.0,4576.0,512x512
2535,int16,0.0,4809.0,512x512
2536,int16,0.0,4943.0,512x512
2537,int16,0.0,4100.0,512x512
2538,int16,0.0,4319.0,512x512
2539,int16,0.0,4907.0,512x512
2540,int16,0.0,3694.0,512x512
2541,int16,0.0,4498.0,512x512
2542,int16,0.0,3873.0,512x512
2543,int16,0.0,4047.0,512x512
2544,int16,0.0,3647.0,512x512
2545,int16,0.0,3736.0,512x512
2546,int16,0.0,4091.0,512x512
2547,int16,0.0,3982.0,512x512
2548,int16,0.0,4312.0,512x512
2549,int16,0.0,4642.0,512x512
2550,int16,0.0,3758.0,512x512
2551,int16,0.0,4011.0,512x512
2552,int16,0.0,3828.0,512x512
2553,int16,0.0,4243.0,512x512
2554,int16,0.0,5097.0,512x512
2555,int16,0.0,4826.0,512x512
2556,int16,0.0,4309.0,512x512
2557,int16,0.0,5158.0,512x512
2558,int16,0.0,4604.0,512x512
2559,int16,0.0,4217.0,512x512
2560,int16,0.0,3780.0,512x512
2561,int16,0.0,4017.0,512x512
2562,int16,0.0,4106.0,512x512
2563,int16,0.0,4553.0,512x512
2564,int16,0.0,5582.0,512x512
2565,int16,0.0,4093.0,512x512
2566,int16,0.0,4866.0,512x512
2567,int16,0.0,5132.0,512x512
2568,int16,0.0,4763.0,512x512
2569,int16,0.0,4683.0,512x512
2570,int16,0.0,5323.0,512x512
2571,int16,0.0,4225.0,512x512
2572,int16,0.0,4318.0,512x512
2573,int16,0.0,4796.0,512x512
2574,int16,0.0,4476.0,512x512
2575,int16,0.0,6287.0,512x512
2576,int16,0.0,3756.0,512x512
2577,int16,0.0,5421.0,512x512
2578,int16,0.0,4472.0,512x512
2579,int16,0.0,2779.0,512x512
2580,int16,0.0,3102.0,512x512
2581,int16,0.0,2814.0,512x512
2582,int16,0.0,2855.0,512x512
2583,int16,0.0,3009.0,512x512
2584,int16,0.0,2991.0,512x512
2585,int16,0.0,3217.0,512x512
2586,int16,0.0,4526.0,512x512
2587,int16,0.0,4559.0,512x512
2588,int16,0.0,4379.0,512x512
2589,int16,0.0,5913.0,512x512
2590,int16,0.0,6929.0,512x512
2591,int16,0.0,7090.0,512x512
2592,int16,0.0,6236.0,512x512
2593,int16,0.0,7130.0,512x512
2594,int16,0.0,5507.0,512x512
2595,int16,0.0,6201.0,512x512
2596,int16,0.0,4918.0,512x512
2597,int16,0.0,4239.0,512x512
2598,int16,0.0,4580.0,512x512
2599,int16,0.0,4509.0,512x512
2600,int16,0.0,4769.0,512x512
2601,int16,0.0,4977.0,512x512
2602,int16,0.0,4638.0,512x512
2603,int16,0.0,4429.0,512x512
2604,int16,0.0,4460.0,512x512
2605,int16,0.0,4685.0,512x512
2606,int16,0.0,4297.0,512x512
2607,int16,0.0,4628.0,512x512
2608,int16,0.0,5287.0,512x512
2609,int16,0.0,5232.0,512x512
2610,int16,0.0,5324.0,512x512
2611,int16,0.0,7639.0,512x512
2612,int16,0.0,6453.0,512x512
2613,int16,0.0,6510.0,512x512
2614,int16,0.0,5904.0,512x512
2615,int16,0.0,6235.0,512x512
2616,int16,0.0,6052.0,512x512
2617,int16,0.0,5063.0,512x512
2618,int16,0.0,5199.0,512x512
2619,int16,0.0,5496.0,512x512
2620,int16,0.0,5774.0,512x512
2621,int16,0.0,5690.0,512x512
2622,int16,0.0,5945.0,512x512
2623,int16,0.0,6164.0,512x512
2624,int16,0.0,2301.0,512x512
2625,int16,0.0,2042.0,512x512
2626,int16,0.0,2141.0,512x512
2627,int16,0.0,1731.0,512x512
2628,int16,0.0,1771.0,512x512
2629,int16,0.0,1647.0,512x512
2630,int16,0.0,2118.0,512x512
2631,int16,0.0,6672.0,512x512
2632,int16,0.0,6753.0,512x512
2633,int16,0.0,6657.0,512x512
2634,int16,0.0,5492.0,512x512
2635,int16,0.0,5664.0,512x512
2636,int16,0.0,4700.0,512x512
2637,int16,0.0,7512.0,512x512
2638,int16,0.0,6548.0,512x512
2639,int16,0.0,5584.0,512x512
2640,int16,0.0,5685.0,512x512
2641,int16,0.0,8525.0,512x512
2642,int16,0.0,7727.0,512x512
2643,int16,0.0,7558.0,512x512
2644,int16,0.0,7715.0,512x512
2645,int16,0.0,6462.0,512x512
2646,int16,0.0,5518.0,512x512
2647,int16,0.0,5617.0,512x512
2648,int16,0.0,5280.0,512x512
2649,int16,0.0,5360.0,512x512
2650,int16,0.0,2172.0,512x512
2651,int16,0.0,2331.0,512x512
2652,int16,0.0,2030.0,512x512
2653,int16,0.0,2099.0,512x512
2654,int16,0.0,1714.0,512x512
2655,int16,0.0,2253.0,512x512
2656,int16,0.0,2042.0,512x512
2657,int16,0.0,2371.0,512x512
2658,int16,0.0,2485.0,512x512
2659,int16,0.0,2219.0,512x512
2660,int16,0.0,2702.0,512x512
2661,int16,0.0,2289.0,512x512
2662,int16,0.0,2323.0,512x512
2663,int16,0.0,2879.0,512x512
2664,int16,0.0,6052.0,512x512
2665,int16,0.0,6618.0,512x512
2666,int16,0.0,6651.0,512x512
2667,int16,0.0,5782.0,512x512
2668,int16,0.0,5439.0,512x512
2669,int16,0.0,5306.0,512x512
2670,int16,0.0,5937.0,512x512
2671,int16,0.0,6844.0,512x512
2672,int16,0.0,7684.0,512x512
2673,int16,0.0,7051.0,512x512
2674,int16,0.0,5616.0,512x512
2675,int16,0.0,3919.0,512x512
2676,int16,0.0,3388.0,512x512
2677,int16,0.0,3893.0,512x512
2678,int16,0.0,2275.0,512x512
2679,int16,0.0,2676.0,512x512
2680,int16,0.0,2416.0,512x512
2681,int16,0.0,2260.0,512x512
2682,int16,0.0,2907.0,512x512
2683,int16,0.0,3090.0,512x512
2684,int16,0.0,3078.0,512x512
2685,int16,0.0,2700.0,512x512
2686,int16,0.0,2628.0,512x512
2687,int16,0.0,2518.0,512x512
2688,int16,0.0,5782.0,512x512
2689,int16,0.0,5598.0,512x512
2690,int16,0.0,9728.0,512x512
2691,int16,0.0,6578.0,512x512
2692,int16,0.0,5950.0,512x512
2693,int16,0.0,4698.0,512x512
2694,int16,0.0,5576.0,512x512
2695,int16,0.0,5482.0,512x512
2696,int16,0.0,6378.0,512x512
2697,int16,0.0,5517.0,512x512
2698,int16,0.0,5566.0,512x512
2699,int16,0.0,5892.0,512x512
2700,int16,0.0,5915.0,512x512
2701,int16,0.0,5429.0,512x512
2702,int16,0.0,4580.0,512x512
2703,int16,0.0,4736.0,512x512
2704,int16,0.0,4616.0,512x512
2705,int16,0.0,4663.0,512x512
2706,int16,0.0,5040.0,512x512
2707,int16,0.0,5199.0,512x512
2708,int16,0.0,5298.0,512x512
2709,int16,0.0,5520.0,512x512
2710,int16,0.0,6837.0,512x512
2711,int16,0.0,7267.0,512x512
2712,int16,0.0,7521.0,512x512
2713,int16,0.0,7218.0,512x512
2714,int16,0.0,5281.0,512x512
2715,int16,0.0,5109.0,512x512
2716,int16,0.0,5002.0,512x512
2717,int16,0.0,5307.0,512x512
2718,int16,0.0,4704.0,512x512
2719,int16,0.0,5049.0,512x512
2720,int16,0.0,4024.0,512x512
2721,int16,0.0,4335.0,512x512
2722,int16,0.0,4222.0,512x512
2723,int16,0.0,5746.0,512x512
2724,int16,0.0,6780.0,512x512
2725,int16,0.0,5573.0,512x512
2726,int16,0.0,5804.0,512x512
2727,int16,0.0,5504.0,512x512
2728,int16,0.0,6079.0,512x512
2729,int16,0.0,7098.0,512x512
2730,int16,0.0,6677.0,512x512
2731,int16,0.0,1702.0,512x512
2732,int16,0.0,1788.0,512x512
2733,int16,0.0,1585.0,512x512
2734,int16,0.0,1529.0,512x512
2735,int16,0.0,1617.0,512x512
2736,int16,0.0,1574.0,512x512
2737,int16,0.0,1952.0,512x512
2738,int16,0.0,4968.0,512x512
2739,int16,0.0,4328.0,512x512
2740,int16,0.0,4402.0,512x512
2741,int16,0.0,4185.0,512x512
2742,int16,0.0,5569.0,512x512
2743,int16,0.0,2725.0,512x512
2744,int16,0.0,2950.0,512x512
2745,int16,0.0,2619.0,512x512
2746,int16,0.0,3083.0,512x512
2747,int16,0.0,3208.0,512x512
2748,int16,0.0,2285.0,512x512
2749,int16,0.0,2588.0,512x512
2750,int16,0.0,1678.0,512x512
2751,int16,0.0,1731.0,512x512
2752,int16,0.0,1643.0,512x512
2753,int16,0.0,2137.0,512x512
2754,int16,0.0,2250.0,512x512
2755,int16,0.0,2076.0,512x512
2756,int16,0.0,2225.0,512x512
2757,int16,0.0,1930.0,512x512
2758,int16,0.0,3460.0,512x512
2759,int16,0.0,3669.0,512x512
2760,int16,0.0,5183.0,512x512
2761,int16,0.0,3582.0,512x512
2762,int16,0.0,3899.0,512x512
2763,int16,0.0,5216.0,512x512
2764,int16,0.0,4133.0,512x512
2765,int16,0.0,4211.0,512x512
2766,int16,0.0,4361.0,512x512
2767,int16,0.0,4446.0,512x512
2768,int16,0.0,4166.0,512x512
2769,int16,0.0,3894.0,512x512
2770,int16,0.0,3801.0,512x512
2771,int16,0.0,4263.0,512x512
2772,int16,0.0,3583.0,512x512
2773,int16,0.0,3531.0,512x512
2774,int16,0.0,4366.0,512x512
2775,int16,0.0,4610.0,512x512
2776,int16,0.0,5377.0,512x512
2777,int16,0.0,4488.0,512x512
2778,int16,0.0,5848.0,512x512
2779,int16,0.0,4617.0,512x512
2780,int16,0.0,5362.0,512x512
2781,int16,0.0,4738.0,512x512
2782,int16,0.0,3327.0,512x512
2783,int16,0.0,3022.0,512x512
2784,int16,0.0,3618.0,512x512
2785,int16,0.0,3363.0,512x512
2786,int16,0.0,2893.0,512x512
2787,int16,0.0,2862.0,512x512
2788,int16,0.0,4236.0,512x512
2789,int16,0.0,3377.0,512x512
2790,int16,0.0,3160.0,512x512
2791,int16,0.0,3207.0,512x512
2792,int16,0.0,3000.0,512x512
2793,int16,0.0,2883.0,512x512
2794,int16,0.0,2847.0,512x512
2795,int16,0.0,4666.0,512x512
2796,int16,0.0,4419.0,512x512
2797,int16,0.0,4202.0,512x512
2798,int16,0.0,3889.0,512x512
2799,int16,0.0,4524.0,512x512
2800,int16,0.0,4249.0,512x512
2801,int16,0.0,4269.0,512x512
2802,int16,0.0,4163.0,512x512
2803,int16,0.0,4835.0,512x512
2804,int16,0.0,6392.0,512x512
2805,int16,0.0,4726.0,512x512
2806,int16,0.0,4672.0,512x512
2807,int16,0.0,4796.0,512x512
2808,int16,0.0,4632.0,512x512
2809,int16,0.0,2161.0,512x512
2810,int16,0.0,2258.0,512x512
2811,int16,0.0,2157.0,512x512
2812,int16,0.0,2248.0,512x512
2813,int16,0.0,2179.0,512x512
2814,int16,0.0,2489.0,512x512
2815,int16,0.0,2500.0,512x512
2816,int16,0.0,2463.0,512x512
2817,int16,0.0,2479.0,512x512
2818,int16,0.0,2515.0,512x512
2819,int16,0.0,2454.0,512x512
2820,int16,0.0,2675.0,512x512
2821,int16,0.0,1884.0,512x512
2822,int16,0.0,3761.0,512x512
2823,int16,0.0,3381.0,512x512
2824,int16,0.0,4227.0,512x512
2825,int16,0.0,3090.0,512x512
2826,int16,0.0,3272.0,512x512
2827,int16,0.0,2946.0,512x512
2828,int16,0.0,2844.0,512x512
2829,int16,0.0,2911.0,512x512
2830,int16,0.0,3243.0,512x512
2831,int16,0.0,3205.0,512x512
2832,int16,0.0,3793.0,512x512
2833,int16,0.0,2764.0,512x512
2834,int16,0.0,2771.0,512x512
2835,int16,0.0,3110.0,512x512
2836,int16,0.0,2992.0,512x512
2837,int16,0.0,3765.0,512x512
2838,int16,0.0,3625.0,512x512
2839,int16,0.0,3852.0,512x512
2840,int16,0.0,3585.0,512x512
2841,int16,0.0,3824.0,512x512
2842,int16,0.0,4136.0,512x512
2843,int16,0.0,4478.0,512x512
2844,int16,0.0,4639.0,512x512
2845,int16,0.0,4016.0,512x512
2846,int16,0.0,4254.0,512x512
2847,int16,0.0,4459.0,512x512
2848,int16,0.0,3619.0,512x512
2849,int16,0.0,3304.0,512x512
2850,int16,0.0,3249.0,512x512
2851,int16,0.0,2805.0,512x512
2852,int16,0.0,2556.0,512x512
2853,int16,0.0,2715.0,512x512
2854,int16,0.0,2581.0,512x512
2855,int16,0.0,2545.0,512x512
2856,int16,0.0,2622.0,512x512
2857,int16,0.0,3126.0,512x512
2858,int16,0.0,2120.0,512x512
2859,int16,0.0,2150.0,512x512
2860,int16,0.0,2303.0,512x512
2861,int16,0.0,3975.0,512x512
2862,int16,0.0,3527.0,512x512
2863,int16,0.0,3295.0,512x512
2864,int16,0.0,3391.0,512x512
2865,int16,0.0,3146.0,512x512
2866,int16,0.0,3154.0,512x512
2867,int16,0.0,2818.0,512x512
2868,int16,0.0,3276.0,512x512
2869,int16,0.0,2810.0,512x512
2870,int16,0.0,3066.0,512x512
2871,int16,0.0,2680.0,512x512
2872,int16,0.0,3081.0,512x512
2873,int16,0.0,3480.0,512x512
2874,int16,0.0,3028.0,512x512
2875,int16,0.0,2997.0,512x512
2876,int16,0.0,5215.0,512x512
2877,int16,0.0,4762.0,512x512
2878,int16,0.0,4180.0,512x512
2879,int16,0.0,4143.0,512x512
2880,int16,0.0,3791.0,512x512
2881,int16,0.0,3381.0,512x512
2882,int16,0.0,3286.0,512x512
2883,int16,0.0,3486.0,512x512
2884,int16,0.0,3784.0,512x512
2885,int16,0.0,3073.0,512x512
2886,int16,0.0,3576.0,512x512
2887,int16,0.0,3271.0,512x512
2888,int16,0.0,3196.0,512x512
2889,int16,0.0,3334.0,512x512
2890,int16,0.0,3970.0,512x512
2891,int16,0.0,3244.0,512x512
2892,int16,0.0,3091.0,512x512
2893,int16,0.0,3455.0,512x512
2894,int16,0.0,3150.0,512x512
2895,int16,0.0,3462.0,512x512
2896,int16,0.0,3520.0,512x512
2897,int16,0.0,3186.0,512x512
2898,int16,0.0,3282.0,512x512
2899,int16,0.0,3554.0,512x512
2900,int16,0.0,4071.0,512x512
2901,int16,0.0,5392.0,512x512
2902,int16,0.0,5420.0,512x512
2903,int16,0.0,4659.0,512x512
2904,int16,0.0,4744.0,512x512
2905,int16,0.0,5059.0,512x512
2906,int16,0.0,2584.0,512x512
2907,int16,0.0,2385.0,512x512
2908,int16,0.0,2619.0,512x512
2909,int16,0.0,3177.0,512x512
2910,int16,0.0,2910.0,512x512
2911,int16,0.0,2580.0,512x512
2912,int16,0.0,2721.0,512x512
2913,int16,0.0,3153.0,512x512
2914,int16,0.0,4109.0,512x512
2915,int16,0.0,4317.0,512x512
2916,int16,0.0,3988.0,512x512
2917,int16,0.0,4038.0,512x512
2918,int16,0.0,3310.0,512x512
2919,int16,0.0,2997.0,512x512
2920,int16,0.0,3059.0,512x512
2921,int16,0.0,2911.0,512x512
2922,int16,0.0,2961.0,512x512
2923,int16,0.0,2743.0,512x512
2924,int16,0.0,2771.0,512x512
2925,int16,0.0,3184.0,512x512
2926,int16,0.0,2528.0,512x512
2927,int16,0.0,2969.0,512x512
2928,int16,0.0,2553.0,512x512
2929,int16,0.0,3169.0,512x512
2930,int16,0.0,2770.0,512x512
2931,int16,0.0,2946.0,512x512
2932,int16,0.0,3189.0,512x512
2933,int16,0.0,2984.0,512x512
2934,int16,0.0,3424.0,512x512
2935,int16,0.0,3420.0,512x512
2936,int16,0.0,3427.0,512x512
2937,int16,0.0,3787.0,512x512
2938,int16,0.0,3472.0,512x512
2939,int16,0.0,3311.0,512x512
2940,int16,0.0,2915.0,512x512
2941,int16,0.0,2884.0,512x512
2942,int16,0.0,2977.0,512x512
2943,int16,0.0,2814.0,512x512
2944,int16,0.0,4108.0,512x512
2945,int16,0.0,4278.0,512x512
2946,int16,0.0,4075.0,512x512
2947,int16,0.0,3550.0,512x512
2948,int16,0.0,3448.0,512x512
2949,int16,0.0,3306.0,512x512
2950,int16,0.0,3420.0,512x512
2951,int16,0.0,3248.0,512x512
2952,int16,0.0,3026.0,512x512
2953,int16,0.0,2835.0,512x512
2954,int16,0.0,2689.0,512x512
2955,int16,0.0,2722.0,512x512
2956,int16,0.0,2784.0,512x512
2957,int16,0.0,2712.0,512x512
2958,int16,0.0,2815.0,512x512
2959,int16,0.0,2845.0,512x512
2960,int16,0.0,2376.0,512x512
2961,int16,0.0,2886.0,512x512
2962,int16,0.0,3338.0,512x512
2963,int16,0.0,3170.0,512x512
2964,int16,0.0,5165.0,512x512
2965,int16,0.0,4290.0,512x512
2966,int16,0.0,3698.0,512x512
2967,int16,0.0,3086.0,512x512
2968,int16,0.0,3228.0,512x512
2969,int16,0.0,2774.0,512x512
2970,int16,0.0,3450.0,512x512
2971,int16,0.0,3064.0,512x512
2972,int16,0.0,3155.0,512x512
2973,int16,0.0,3175.0,512x512
2974,int16,0.0,2766.0,512x512
2975,int16,0.0,3734.0,512x512
2976,int16,0.0,3760.0,512x512
2977,int16,0.0,4594.0,512x512
2978,int16,0.0,5186.0,512x512
2979,int16,0.0,5274.0,512x512
2980,int16,0.0,5404.0,512x512
2981,int16,0.0,3942.0,512x512
2982,int16,0.0,5619.0,512x512
2983,int16,0.0,3740.0,512x512
2984,int16,0.0,3480.0,512x512
2985,int16,0.0,2699.0,512x512
2986,int16,0.0,3104.0,512x512
2987,int16,0.0,2875.0,512x512
2988,int16,0.0,3344.0,512x512
2989,int16,0.0,3390.0,512x512
2990,int16,0.0,3367.0,512x512
2991,int16,0.0,3209.0,512x512
2992,int16,0.0,4443.0,512x512
2993,int16,0.0,4054.0,512x512
2994,int16,0.0,3646.0,512x512
2995,int16,0.0,3928.0,512x512
2996,int16,0.0,3963.0,512x512
2997,int16,0.0,3418.0,512x512
2998,int16,0.0,4070.0,512x512
2999,int16,0.0,4565.0,512x512
3000,int16,0.0,4178.0,512x512
3001,int16,0.0,4448.0,512x512
3002,int16,0.0,4237.0,512x512
3003,int16,0.0,4809.0,512x512
3004,int16,0.0,5363.0,512x512
3005,int16,0.0,1912.0,512x512
3006,int16,0.0,1609.0,512x512
3007,int16,0.0,1668.0,512x512
3008,int16,0.0,1702.0,512x512
3009,int16,0.0,3103.0,512x512
3010,int16,0.0,3021.0,512x512
3011,int16,0.0,3083.0,512x512
3012,int16,0.0,3360.0,512x512
3013,int16,0.0,3000.0,512x512
3014,int16,0.0,5601.0,512x512
3015,int16,0.0,4455.0,512x512
3016,int16,0.0,3479.0,512x512
3017,int16,0.0,3829.0,512x512
3018,int16,0.0,3881.0,512x512
3019,int16,0.0,4249.0,512x512
3020,int16,0.0,2653.0,512x512
3021,int16,0.0,2644.0,512x512
3022,int16,0.0,1530.0,512x512
3023,int16,0.0,1742.0,512x512
3024,int16,0.0,1630.0,512x512
3025,int16,0.0,1554.0,512x512
3026,int16,0.0,1679.0,512x512
3027,int16,0.0,1886.0,512x512
3028,int16,0.0,1822.0,512x512
3029,int16,0.0,1688.0,512x512
3030,int16,0.0,648.0,512x512
3031,int16,0.0,1607.0,512x512
3032,int16,0.0,1995.0,512x512
3033,int16,0.0,1719.0,512x512
3034,int16,0.0,1776.0,512x512
3035,int16,0.0,1759.0,512x512
3036,int16,0.0,1780.0,512x512
3037,int16,0.0,2266.0,512x512
3038,int16,0.0,1676.0,512x512
3039,int16,0.0,4478.0,512x512
3040,int16,0.0,4216.0,512x512
3041,int16,0.0,4252.0,512x512
3042,int16,0.0,5807.0,512x512
3043,int16,0.0,5676.0,512x512
3044,int16,0.0,6289.0,512x512
3045,int16,0.0,6095.0,512x512
3046,int16,0.0,5955.0,512x512
3047,int16,0.0,4268.0,512x512
3048,int16,0.0,3563.0,512x512
3049,int16,0.0,3724.0,512x512
3050,int16,0.0,3656.0,512x512
3051,int16,0.0,3749.0,512x512
3052,int16,0.0,4606.0,512x512
3053,int16,0.0,3843.0,512x512
3054,int16,0.0,4102.0,512x512
3055,int16,0.0,4043.0,512x512
3056,int16,0.0,3843.0,512x512
3057,int16,0.0,3444.0,512x512
3058,int16,0.0,3698.0,512x512
3059,int16,0.0,3246.0,512x512
3060,int16,0.0,3686.0,512x512
3061,int16,0.0,3844.0,512x512
3062,int16,0.0,3963.0,512x512
3063,int16,0.0,1448.0,512x512
3064,int16,0.0,2446.0,512x512
