arm,bin,lo,hi,n,mean_conf,accuracy
A_patient_disjoint,0,0.0,0.06666666666666667,0,,
A_patient_disjoint,1,0.06666666666666667,0.13333333333333333,0,,
A_patient_disjoint,2,0.13333333333333333,0.2,0,,
A_patient_disjoint,3,0.2,0.26666666666666666,0,,
A_patient_disjoint,4,0.26666666666666666,0.3333333333333333,0,,
A_patient_disjoint,5,0.3333333333333333,0.4,0,,
A_patient_disjoint,6,0.4,0.4666666666666667,3,0.4561610751027838,0.3333333333333333
A_patient_disjoint,7,0.4666666666666667,0.5333333333333333,11,0.5082330296472998,0.5454545454545454
A_patient_disjoint,8,0.5333333333333333,0.6,25,0.5684629161422261,0.48
A_patient_disjoint,9,0.6,0.6666666666666666,27,0.6427079135876819,0.5925925925925926
A_patient_disjoint,10,0.6666666666666666,0.7333333333333333,24,0.6928583903536826,0.5
A_patient_disjoint,11,0.7333333333333333,0.8,35,0.766510321516539,0.6571428571428571
A_patient_disjoint,12,0.8,0.8666666666666667,32,0.8412814514064766,0.65625
A_patient_disjoint,13,0.8666666666666667,0.9333333333333333,95,0.9028259138646337,0.7263157894736842
A_patient_disjoint,14,0.9333333333333333,1.0,2812,0.9967110403071078,0.9743954480796586
B_imagelevel_seed11,0,0.0,0.06666666666666667,0,,
B_imagelevel_seed11,1,0.06666666666666667,0.13333333333333333,0,,
B_imagelevel_seed11,2,0.13333333333333333,0.2,0,,
B_imagelevel_seed11,3,0.2,0.26666666666666666,0,,
B_imagelevel_seed11,4,0.26666666666666666,0.3333333333333333,0,,
B_imagelevel_seed11,5,0.3333333333333333,0.4,0,,
B_imagelevel_seed11,6,0.4,0.4666666666666667,0,,
B_imagelevel_seed11,7,0.4666666666666667,0.5333333333333333,6,0.5072388329761043,0.3333333333333333
B_imagelevel_seed11,8,0.5333333333333333,0.6,13,0.56133971552265,0.46153846153846156
B_imagelevel_seed11,9,0.6,0.6666666666666666,7,0.625493112901304,0.7142857142857143
B_imagelevel_seed11,10,0.6666666666666666,0.7333333333333333,18,0.7069559134798359,0.6666666666666666
B_imagelevel_seed11,11,0.7333333333333333,0.8,13,0.7722039909394327,0.7692307692307693
B_imagelevel_seed11,12,0.8,0.8666666666666667,30,0.8344383467097128,0.8
B_imagelevel_seed11,13,0.8666666666666667,0.9333333333333333,48,0.9060129997751605,0.8958333333333334
B_imagelevel_seed11,14,0.9333333333333333,1.0,2929,0.9976659424867339,0.9959030385797201
