image_a,image_b,patient_a,patient_b,label_a,label_b,fold_a,fold_b,same_class,same_fold,category,ncc_full,ssim_full,mad_norm,thumb_ncc,phash_hamming
1878,2229,MR048994,MR036496B,glioma,glioma,2,3,True,False,cross-patient/cross-fold,0.9323508055501322,0.8550089676126225,0.02530440787235923,0.9775204062461853,12
178,739,97607,107747,meningioma,glioma,1,5,False,False,cross-patient/cross-fold,0.9315351845037395,0.8131790365366783,0.04298139226679899,0.9650154709815979,18
142,739,112252,107747,meningioma,glioma,1,5,False,False,cross-patient/cross-fold,0.9217782565726114,0.804603099415711,0.034537471070581555,0.9618661403656006,18
1877,2228,MR048994,MR036496B,glioma,glioma,2,3,True,False,cross-patient/cross-fold,0.9190399258015934,0.847805400597239,0.02822706665326583,0.9757497906684875,10
110,197,108514,98241,meningioma,meningioma,5,2,True,False,cross-patient/cross-fold,0.9190352353629132,0.7817347656518563,0.03833875863352584,0.9588812589645386,14
110,739,108514,107747,meningioma,glioma,5,5,False,True,cross-patient/within-fold,0.9175266531112087,0.7931752485539949,0.04110438239817717,0.9593202471733093,10
72,139,106534,112062,meningioma,meningioma,4,4,True,True,cross-patient/within-fold,0.9115990373749665,0.7530066330831595,0.06188887998339967,0.9600821137428284,16
48,2195,104167,MR037458C,meningioma,glioma,3,4,False,False,cross-patient/cross-fold,0.9113438922746268,0.80328801723333,0.0305571385775092,0.9744444489479065,20
182,2004,97737,MR051461,meningioma,glioma,1,2,False,False,cross-patient/cross-fold,0.9087482767449794,0.7890434868848428,0.0406529436329047,0.9651148915290833,10
174,200,114359,99089,meningioma,meningioma,2,5,True,False,cross-patient/cross-fold,0.9085544424500825,0.7971603149009174,0.05922246168230302,0.9742690324783325,10
48,2127,104167,MR029209E,meningioma,glioma,3,5,False,False,cross-patient/cross-fold,0.9084459417115026,0.706707450082743,0.06902729582415847,0.9681456685066223,20
150,207,112552,99308,meningioma,meningioma,2,2,True,True,cross-patient/within-fold,0.9076532796360026,0.7612121211760736,0.04357148998255748,0.9604198336601257,16
143,179,112252,97607,meningioma,meningioma,1,1,True,True,cross-patient/within-fold,0.9049544900139644,0.822476319771753,0.03771416039860239,0.9450313448905945,14
109,196,108514,98241,meningioma,meningioma,5,2,True,False,cross-patient/cross-fold,0.9041707919821,0.7712530000606853,0.04013187566727434,0.9579435586929321,14
61,110,105937,108514,meningioma,meningioma,1,5,True,False,cross-patient/cross-fold,0.9028505307403404,0.7450572331595441,0.05592036247253418,0.951179027557373,20
134,183,111532,97737,meningioma,meningioma,1,1,True,True,cross-patient/within-fold,0.9011306596390438,0.7950467114580402,0.03612873144371746,0.9426549673080444,6
1877,2004,MR048994,MR051461,glioma,glioma,2,2,True,True,cross-patient/within-fold,0.9010216883150626,0.8128454241853729,0.02485034036223669,0.9630631804466248,24
142,208,112252,99308,meningioma,meningioma,1,2,True,False,cross-patient/cross-fold,0.9008419653896979,0.7784092240106109,0.039192873905792694,0.9504039883613586,16
109,738,108514,107747,meningioma,glioma,5,5,False,True,cross-patient/within-fold,0.9004062903035914,0.7748501376634401,0.04059114123331397,0.9560089111328125,16
