image_a,image_b,patient_a,patient_b,thumb_ncc_identity,thumb_ncc_best_transform,transform_of_b,ncc_full_after_transform,ssim_full_after_transform,mad_norm_after_transform
9,154,101016,113435,0.86449236,0.9709216,fliplr,0.8642775421017475,0.776894390367682,0.06603107336988634
9,155,101016,113435,0.85802317,0.9553076,fliplr,0.789914391273745,0.7705190691224795,0.06657456933231569
27,736,102675,107747,0.93163764,0.9586126,fliplr,0.8654249751601568,0.7603140722739612,0.05000859124889932
34,172,102935,114359,0.9391348,0.9601272,fliplr,0.8518205100019262,0.7544792597262345,0.0544040350641704
34,2012,102935,MR051461B,0.9393338,0.95051795,fliplr,0.8082032773940794,0.7603674191638943,0.04246707469335909
35,190,102985,97943,0.9282372,0.9508521,fliplr,0.7634340872408715,0.7218242140398871,0.04591178796580085
45,2125,104167,MR029209E,0.9475539,0.950278,fliplr,0.8305012239539161,0.6512024873571213,0.0733641090540352
46,2126,104167,MR029209E,0.9494919,0.9508979,fliplr,0.8383198590944334,0.6704325393368837,0.07375031332550425
47,2224,104167,MR036496B,0.9476915,0.9554324,fliplr,0.8345713465148604,0.7873285708588131,0.033932599687788174
60,207,105937,99308,0.92609954,0.9524898,fliplr,0.8922067428141682,0.7163374890018014,0.0509767516501602
61,150,105937,112552,0.92895,0.9558147,fliplr,0.9144353251371727,0.7637602433214309,0.04055330554396842
67,169,106442,114359,0.9400065,0.9509702,fliplr,0.7481275292193156,0.7545801571142474,0.037256964110237434
69,137,106442,112002,0.89420563,0.95007586,fliplr,0.8221729844344577,0.7438585310382617,0.04476071677405651
69,1984,106442,MR049019C,0.9275794,0.95037645,fliplr,0.7955797490198442,0.72939697438671,0.04680427112019228
70,137,106442,112002,0.9094686,0.96595466,fliplr,0.8585513272088423,0.7531023287470163,0.04056059287628339
70,1984,106442,MR049019C,0.9374517,0.9595501,fliplr,0.8247477741063844,0.746850851212026,0.044980640942014906
70,2221,106442,MR029209G,0.8713538,0.9551716,fliplr,0.8264450751397633,0.7357356325475353,0.06142572348802248
72,118,106534,108945,0.9460192,0.95887345,fliplr,0.903571724626258,0.7752422227124592,0.04732403014906542
104,1989,108514,MR026175C,0.93899745,0.95328647,fliplr,0.7989235240674266,0.7414000922650121,0.03694222896118723
104,2150,108514,MR038469,0.90415317,0.9577867,flipud,0.7847770300929777,0.6667037056041717,0.05128415717183338
104,2151,108514,MR038469,0.9161854,0.9547941,flipud,0.78873735549791,0.6902917471865131,0.04512003734210267
104,2152,108514,MR038469,0.92317694,0.95394254,flipud,0.7872742614691118,0.7118558596175767,0.04088815777280398
104,2205,108514,MR040240,0.9030469,0.95174354,fliplr,0.8126041021470906,0.7409766210298779,0.05486664500662951
104,2361,108514,MR026175E,0.93342924,0.9514739,fliplr,0.7568695775490937,0.7520963984228209,0.03817347099057596
104,2398,108514,MR029209I,0.8851071,0.9539663,rot180,0.7981860352136403,0.749210769707336,0.05179608652335619
104,2399,108514,MR029209I,0.8955097,0.9507262,rot180,0.8231737255787422,0.7771423604146016,0.04088819484518032
105,1989,108514,MR026175C,0.9403929,0.9517142,fliplr,0.8106367573900799,0.7436383584000453,0.035431738850837
105,2150,108514,MR038469,0.9013386,0.9579312,flipud,0.8010591609817449,0.6814673573541112,0.04714263192278594
106,171,108514,114359,0.9297865,0.95005226,fliplr,0.7885452093051258,0.7521640509085201,0.045414746974107294
106,172,108514,114359,0.9340216,0.95166063,fliplr,0.8061843490551984,0.751384158030136,0.04710808357552861
106,1989,108514,MR026175C,0.9421664,0.9513215,fliplr,0.8149984828771419,0.7517751363699533,0.033740718105138165
107,172,108514,114359,0.94374883,0.9593319,fliplr,0.8380006974242186,0.7690465851320809,0.04360901324714164
108,173,108514,114359,0.949592,0.9618637,fliplr,0.8749362531633414,0.7775938917206574,0.04099288412748221
109,113,108514,108590,0.930862,0.9538299,fliplr,0.8974619095021059,0.7819219654388093,0.035847839565325425
109,200,108514,99089,0.920929,0.9643408,fliplr,0.8950067124993794,0.7782556474656036,0.051014205009074186
109,207,108514,99308,0.92363554,0.9573389,fliplr,0.9061206083379751,0.7703649383713007,0.0354876384406143
110,114,108514,108590,0.9447895,0.9622607,fliplr,0.9109308935327851,0.784124230965611,0.033028460847728446
110,208,108514,99308,0.9176766,0.95054877,fliplr,0.9100048217717993,0.7806995371703094,0.03521515434651508
114,2016,108590,MR051461B,0.9180946,0.9506356,fliplr,0.8913626323173615,0.771156087816907,0.04274142696982936
119,1874,109411,MR048994,0.93285316,0.95082045,fliplr,0.8135698055579613,0.7045046879006799,0.06789560834825883
127,2205,111077,MR040240,0.92173815,0.9552132,fliplr,0.8169237872250291,0.733037702892666,0.06135343122611524
132,1869,111532,MR048944,0.89248884,0.9536031,fliplr,0.8704739965756266,0.7378140184191421,0.04913519655335554
137,2240,112002,MR024780B,0.9051012,0.9518436,fliplr,0.767710322400887,0.7120791198845853,0.04144170254329483
149,175,112552,97607,0.9118414,0.95694894,fliplr,0.843564471240164,0.7547558826024072,0.05578707798135985
149,203,112552,99288,0.92610663,0.95371664,fliplr,0.8343394004648814,0.724700065561426,0.059901277888711614
150,738,112552,107747,0.9009986,0.9528194,fliplr,0.8852256966606148,0.7371204189501264,0.043778459146641455
169,190,114359,97943,0.94064534,0.95570236,fliplr,0.8320095588246772,0.7475845388463355,0.043802991047215425
169,191,114359,97943,0.94825244,0.9621581,fliplr,0.833090059197642,0.7655164792457904,0.040668919628290424
169,1848,114359,MR048294,0.9496784,0.9609025,fliplr,0.8159562488282489,0.7521597682495534,0.04273636979033709
169,1908,114359,MR049358,0.94379884,0.950051,fliplr,0.7563290615113855,0.7251672424336922,0.04170781671701163
169,1997,114359,MR026175C,0.93976957,0.9540621,fliplr,0.7843895605000877,0.7578801567069616,0.04228602508323049
169,2389,114359,MR017260F,0.93810797,0.95073915,fliplr,0.7173608338007877,0.758569340359901,0.03875628460249737
170,191,114359,97943,0.93690646,0.95259446,fliplr,0.8071909824742255,0.7549915975153668,0.043578477901316914
170,1989,114359,MR026175C,0.9405346,0.9503923,fliplr,0.8074231883485591,0.7552063737702578,0.04210196387735072
170,1997,114359,MR026175C,0.9381898,0.9507302,fliplr,0.7732945382888395,0.7516182079916764,0.04417490281573369
170,2033,114359,MR051651,0.9467472,0.9525564,fliplr,0.7988199175237399,0.706539453111691,0.04611294042375443
171,1989,114359,MR026175C,0.9453313,0.9550922,fliplr,0.8150642379337477,0.7605847970053735,0.04095035371492461
171,2009,114359,MR051586,0.9432172,0.95592135,fliplr,0.8097722227844528,0.7984997674906813,0.031231431900315982
171,2022,114359,MR051644,0.9091458,0.9503598,fliplr,0.8549609547777092,0.7223585351239973,0.04168946606492501
172,203,114359,99288,0.9399949,0.95093524,fliplr,0.8171462370724651,0.7503050361692406,0.05395559789649994
172,1873,114359,MR048994,0.91208315,0.9634356,flipud,0.850523563090163,0.7379984765440466,0.04076002337680912
172,1874,114359,MR048994,0.91768163,0.9573339,flipud,0.8698452663217444,0.7432490072164107,0.041191405598061635
172,2009,114359,MR051586,0.9485854,0.96288437,fliplr,0.8405196292332963,0.8128624043612074,0.029864425011248093
172,2023,114359,MR051644,0.9318318,0.956661,fliplr,0.8643587790320497,0.7183513230940223,0.04267605278754773
172,2035,114359,MR051651,0.945468,0.9514987,fliplr,0.8156649698926993,0.7335429121104518,0.04069717366752321
172,2067,114359,MR051644C,0.9477746,0.95148736,fliplr,0.7864548782269914,0.7419536114243815,0.04001808900099534
172,2224,114359,MR036496B,0.90499014,0.96069086,rot180,0.8302705009670844,0.7744395517831396,0.04412600710789408
173,737,114359,107747,0.94147974,0.9593105,fliplr,0.8799189312700515,0.7515116362805644,0.04094603041063468
173,1874,114359,MR048994,0.89800483,0.95085907,flipud,0.8398651308538143,0.7292697828567859,0.04420168983660201
173,2023,114359,MR051644,0.9392828,0.95894986,fliplr,0.8861357537143507,0.7052841282668195,0.045290420927987664
173,2036,114359,MR051651,0.94283384,0.9507232,fliplr,0.8419614827665658,0.726921234218095,0.04125596271058307
173,2173,114359,MR037458B,0.94130975,0.9533226,fliplr,0.8259008550883733,0.723657621338409,0.04686684776605643
174,177,114359,97607,0.94238275,0.95433044,fliplr,0.8651853668054692,0.7783270075892335,0.04566452703460838
175,1889,97607,MR048994B,0.9462602,0.9606163,fliplr,0.8493512063778916,0.7591449799318107,0.048491983457779844
176,200,97607,99089,0.9391008,0.97099257,fliplr,0.8892475702884558,0.7859041258969444,0.04627637909960864
176,1890,97607,MR048994B,0.9336814,0.9521523,fliplr,0.8518937256818967,0.760077262014079,0.04252703673637458
177,201,97607,99089,0.9330061,0.9640899,fliplr,0.8989022113133944,0.7840471824964513,0.04490878462983406
177,1891,97607,MR048994B,0.93234336,0.95322776,fliplr,0.8739074381463082,0.7845554801661503,0.03684353735660301
178,202,97607,99089,0.92878324,0.95878416,fliplr,0.9054347106671302,0.7900221548478976,0.04489618127035632
178,208,97607,99308,0.91745883,0.9615866,fliplr,0.9186861780489386,0.7811442975446944,0.03452626701925888
178,1892,97607,MR048994B,0.9266657,0.9500459,fliplr,0.8903480865560707,0.77939555146675,0.03970541685995971
178,2043,97607,MR051796,0.9282638,0.9570217,fliplr,0.9090402721946822,0.7788711226395832,0.04710137910041217
179,2044,97607,MR051796,0.9351445,0.96523744,fliplr,0.9240922033429455,0.7694029203946088,0.04939615142781881
190,2204,97943,MR040240,0.9106716,0.95249474,fliplr,0.8270746266256032,0.7218115310971394,0.059957053512334824
191,1885,97943,MR048994B,0.94352955,0.9527866,fliplr,0.7706541463499178,0.7316750340697575,0.04570456425385899
191,2204,97943,MR040240,0.9140445,0.95407575,fliplr,0.8192518781751729,0.7272932989604602,0.05949831381440163
192,1848,98241,MR048294,0.9490666,0.9566239,fliplr,0.8030083272762765,0.7463629677950321,0.05367707030252816
193,1997,98241,MR026175C,0.9443174,0.9543432,fliplr,0.8079730164715291,0.7747107019504351,0.03033340279292787
194,1989,98241,MR026175C,0.9465424,0.9504696,fliplr,0.8188082879028611,0.7584293903196722,0.03270630081749137
200,1869,99089,MR048944,0.88790256,0.9542671,fliplr,0.8547974954278837,0.7086251332024919,0.06935895534069916
203,2352,99288,MR026175E,0.9416341,0.9537329,fliplr,0.8162445097857054,0.7314228437667175,0.04838583700285902
203,2353,99288,MR026175E,0.9459764,0.956883,fliplr,0.8296758595878188,0.7225967163830815,0.04836842226119673
203,2364,99288,MR040240C,0.93753886,0.95082635,fliplr,0.8352595664469336,0.6963540853080121,0.07346775986873119
204,735,99308,107747,0.9043328,0.95171964,fliplr,0.8247944338727005,0.7345523693845486,0.050736282841903846
205,736,99308,107747,0.9132601,0.959411,fliplr,0.8616798024561001,0.7389149164217613,0.04238549336229907
206,737,99308,107747,0.9186157,0.96690756,fliplr,0.8953183144359769,0.7418392164494962,0.04013007194833745
206,2173,99308,MR037458B,0.91998875,0.95935446,fliplr,0.8473601048741602,0.715467348535887,0.05090574986603128
207,738,99308,107747,0.93295205,0.9766119,fliplr,0.9310437543181804,0.7729566154207376,0.034478709983536256
208,739,99308,107747,0.9351759,0.97896826,fliplr,0.9415756142430604,0.7967757695231983,0.03354609255888024
383,385,113435,113435,0.9345665,0.9606052,fliplr,0.8465716146374628,0.6729270839379468,0.048094772940198774
403,764,114359,103148,0.87539047,0.9507782,fliplr,0.8272441482499726,0.6668918264511502,0.05553531767906955
404,765,114359,103148,0.88125485,0.95211357,fliplr,0.8299894838462307,0.6693036976432063,0.0544179810418023
716,2064,100820,MR052550,0.9424393,0.95110124,fliplr,0.7633088896073843,0.7105933581651914,0.05218435338733894
716,2144,100820,MR024780D,0.94048154,0.9579838,fliplr,0.7673442510790273,0.6771437371032156,0.05987210536376583
717,1849,100820,MR048297,0.9248509,0.95151156,fliplr,0.7826195159807322,0.7720287038845774,0.0319467649711298
717,2144,100820,MR024780D,0.93919,0.95170486,fliplr,0.7671151759335507,0.6847802549027455,0.05571241073647146
717,2145,100820,MR024780D,0.9415099,0.96117485,fliplr,0.7903999582533394,0.6841140253178061,0.060082995847208207
725,1848,103148,MR048294,0.94058025,0.95103943,fliplr,0.7929922694495605,0.7273676646371674,0.055153660356777955
726,1870,103148,MR048994,0.91722184,0.9515186,flipud,0.7325689322003643,0.7076149596944483,0.05720060588516879
727,1870,103148,MR048994,0.91331136,0.9534058,flipud,0.7196160635047019,0.7127387089608366,0.057388410524274173
727,2156,103148,MR032322C,0.943854,0.953456,fliplr,0.7807793496635763,0.7046122827556889,0.05798218233650694
728,1870,103148,MR048994,0.90773684,0.9508536,flipud,0.714514888465595,0.7135432038940045,0.05743739717707244
728,2156,103148,MR032322C,0.9483157,0.9547603,fliplr,0.7926579534137776,0.7083346960228387,0.057630959874674745
729,1941,106494,MR049453B,0.8134538,0.9509195,fliplr,0.7909705756292257,0.7182246860116703,0.04102366173122714
735,1870,107747,MR048994,0.8304354,0.96040523,rot180,0.8435543133038764,0.7437822590102108,0.04008420840330614
735,1871,107747,MR048994,0.82745135,0.95675474,rot180,0.8448938729088041,0.7354016641282255,0.0428078522035225
735,1886,107747,MR048994B,0.9351981,0.9515693,fliplr,0.8386965480646141,0.7570700278672614,0.03515278515824481
735,2055,107747,MR051644B,0.94581574,0.95114815,fliplr,0.8322762559185372,0.7806242113502287,0.029244914410200013
736,2056,107747,MR051644B,0.9375724,0.95349663,fliplr,0.8403103316595233,0.7471822929681812,0.03382069859448954
736,2177,107747,MR039473,0.73698795,0.9537876,flipud,0.8018670581376246,0.7606226961435478,0.04592142268856919
736,2178,107747,MR039473,0.7300005,0.9637328,flipud,0.8190826956956139,0.7672569960065049,0.044566957331823
739,2043,107747,MR051796,0.9265328,0.9571715,fliplr,0.906615326799239,0.7858042682621115,0.03300600870579412
1351,1403,104019,97461,0.9044506,0.9513453,fliplr,0.815483866457352,0.6627693450544803,0.05168029378646352
1843,2200,MR048294,MR040240,0.9436948,0.9510201,fliplr,0.8308023609495235,0.7507772379998999,0.036602380648462114
1843,2201,MR048294,MR040240,0.93719697,0.9512427,fliplr,0.8166527011956107,0.7636122406140664,0.033251551561427076
1844,2201,MR048294,MR040240,0.94062245,0.9517189,fliplr,0.8113894709756269,0.7746432775998671,0.033784951917908985
1845,2201,MR048294,MR040240,0.94411844,0.9514077,fliplr,0.8010403493036633,0.765466929037728,0.033521580346030415
1846,2201,MR048294,MR040240,0.9465044,0.9519765,fliplr,0.8045104479920918,0.7647896052011245,0.03535579482024792
1849,1870,MR048297,MR048994,0.927865,0.9535833,fliplr,0.7866156986182099,0.8005906078484534,0.024844406736419206
1849,1885,MR048297,MR048994B,0.93852234,0.96063274,rot180,0.7835559285829782,0.7798966214468298,0.02540608495636219
1849,2236,MR048297,MR033420,0.93273973,0.951562,flipud,0.7585077378077965,0.7650626891663149,0.03495027629813225
1850,1870,MR048297,MR048994,0.92415315,0.95017606,fliplr,0.7657697982180666,0.7825978679218648,0.02925056833857378
1850,1885,MR048297,MR048994B,0.9330931,0.95273846,rot180,0.7812228753767935,0.7667289630871588,0.029972757965656897
1851,1885,MR048297,MR048994B,0.9366772,0.95523965,fliplr,0.7599520078201739,0.7751246560998439,0.03001402537184959
1852,1870,MR048297,MR048994,0.92904925,0.95264417,rot180,0.770601483155319,0.7624592137870193,0.033651858092062246
1852,1871,MR048297,MR048994,0.9311914,0.9526395,fliplr,0.7803510188693207,0.7768781109854516,0.03328747656967959
1852,1872,MR048297,MR048994,0.93272614,0.9525405,fliplr,0.7927038622077288,0.7814443231801372,0.03210792503750646
1852,1873,MR048297,MR048994,0.93533194,0.9544669,fliplr,0.8235779617055388,0.797494791209229,0.028922932734166514
1852,1885,MR048297,MR048994B,0.93622035,0.9573829,fliplr,0.7699635193129749,0.7698891528990941,0.032705587729291295
1855,2236,MR048621B,MR033420,0.9420784,0.953395,rot180,0.8298875525316594,0.7048336622085952,0.04311533143534463
1856,2079,MR048621B,MR049942B,0.9133519,0.9507862,flipud,0.7875762537053949,0.6957439386244945,0.04862764916209895
1856,2135,MR048621B,MR049019G,0.9280153,0.9500258,rot180,0.782671439833616,0.7276288433239104,0.03819995649309227
1856,2236,MR048621B,MR033420,0.945799,0.9518671,rot180,0.8138323139380244,0.7051682476714514,0.04500797805936614
1857,2237,MR048621B,MR024780B,0.9055076,0.95041716,flipud,0.778436221596232,0.709152180688271,0.048398288055936406
1858,2184,MR048621B,MR039473B,0.9022976,0.95063686,rot180,0.7772143371346837,0.72115065672161,0.042434001371559546
1859,2185,MR048621B,MR039473B,0.90259755,0.950169,rot180,0.7836242807994375,0.7557982718172375,0.03589671257530959
1861,1885,MR048621B,MR048994B,0.92663896,0.95209754,rot180,0.8116962492485342,0.7596677016457329,0.03535029483947233
1864,1914,MR048944,MR049453,0.84707,0.9511755,fliplr,0.7786615477298404,0.7633409181869548,0.033218676680933604
1865,1914,MR048944,MR049453,0.8420482,0.95058894,fliplr,0.772505879421031,0.7580637294931128,0.03348218326631276
1865,1915,MR048944,MR049453,0.84949386,0.95130026,fliplr,0.7745616872475167,0.7564714386120414,0.03686541230551762
1867,2221,MR048944,MR029209G,0.84117097,0.95197505,fliplr,0.8545195857321113,0.7704033940062547,0.04984365477296206
1868,2222,MR048944,MR029209G,0.8344025,0.9513365,fliplr,0.872978194815176,0.787725484535663,0.04131156394812006
1868,2383,MR048944,MR040240D,0.8528098,0.95119196,fliplr,0.848334752562236,0.7880421128089045,0.03497800463069545
1869,2223,MR048944,MR029209G,0.8437495,0.9545679,fliplr,0.8877229668033062,0.7798610101938726,0.05123849466947011
1870,1885,MR048994,MR048994B,0.9319986,0.9628029,flipud,0.8088840545682024,0.7519568600343052,0.03337937146910627
1870,1886,MR048994,MR048994B,0.92872167,0.96775466,flipud,0.8345953875223694,0.7580341797484117,0.03354716972845961
1870,1887,MR048994,MR048994B,0.92217994,0.9580214,flipud,0.8044398048634613,0.7560523060462845,0.03712483504251223
1870,1989,MR048994,MR026175C,0.9079846,0.9588778,rot180,0.7795788670615388,0.7324543108352792,0.05086956704784339
1870,1997,MR048994,MR026175C,0.90990424,0.9562966,rot180,0.7827631869277022,0.7284350876378941,0.05371751112805224
1870,2008,MR048994,MR051586,0.8778067,0.950987,rot180,0.7415270001005486,0.77989522516908,0.027706178546843423
1870,2009,MR048994,MR051586,0.8785752,0.9508389,rot180,0.7365672623152283,0.7861156360477644,0.027948757341712902
1870,2067,MR048994,MR051644C,0.87148654,0.9504313,rot180,0.7911404724432103,0.7462454781404215,0.037300242521823984
1870,2076,MR048994,MR051644C,0.87447876,0.95744956,rot180,0.819035143479199,0.779163156011099,0.028487419108155256
1870,2156,MR048994,MR032322C,0.88351476,0.95459306,rot180,0.810084226034594,0.7399357680948998,0.0368515956106073
1871,1885,MR048994,MR048994B,0.9328055,0.9581053,flipud,0.8067375582882214,0.7535195793650575,0.034369939535148976
1871,1886,MR048994,MR048994B,0.92966914,0.9655138,flipud,0.836062115999667,0.7580463729280854,0.03451985201279839
1871,1887,MR048994,MR048994B,0.9240906,0.958808,flipud,0.8095604227157585,0.757511114379609,0.03784851667122741
1871,1989,MR048994,MR026175C,0.91010875,0.9591244,rot180,0.7906804441139608,0.7273510410352253,0.053486481041507765
1871,1997,MR048994,MR026175C,0.91269296,0.95134765,rot180,0.7889768291345693,0.7225643994171158,0.05680224643879799
1871,2009,MR048994,MR051586,0.8798805,0.95095986,rot180,0.7481047514628011,0.7895639337761118,0.027798483376796586
1871,2033,MR048994,MR051651,0.9489616,0.95229304,fliplr,0.7650105014655988,0.7524690992576524,0.042210183893273565
1871,2067,MR048994,MR051644C,0.87337476,0.95070416,rot180,0.7992326281416572,0.7487426582322562,0.037334374281076284
1871,2076,MR048994,MR051644C,0.8778071,0.95491916,rot180,0.8194786128877627,0.7824095072553603,0.028465593269746646
1872,1886,MR048994,MR048994B,0.926259,0.9607445,flipud,0.8401746078725485,0.7679860024557729,0.03276550282791135
1872,1887,MR048994,MR048994B,0.9225851,0.9599854,flipud,0.8235111072796921,0.7632477220369484,0.03544138849944703
1872,1989,MR048994,MR026175C,0.9123428,0.9574403,rot180,0.8077722959992004,0.7284670013053682,0.05391740866232197
1872,2009,MR048994,MR051586,0.88135433,0.9535532,rot180,0.7647589403145327,0.7937567849559725,0.02744407734800043
1872,2032,MR048994,MR051651,0.94788677,0.95323426,fliplr,0.7998986734135829,0.7499422980882443,0.04002914615459439
1872,2067,MR048994,MR051644C,0.87698174,0.95148265,flipud,0.7880076672167342,0.7476532726895935,0.03577170861073029
1872,2224,MR048994,MR036496B,0.9490047,0.9518322,fliplr,0.7800204197973806,0.7941893540516048,0.03852379842242932
1873,1886,MR048994,MR048994B,0.9273946,0.9509614,flipud,0.8113155539419402,0.7587604651864526,0.03376798644073013
1873,1887,MR048994,MR048994B,0.92965674,0.9605129,flipud,0.8551382676417902,0.7836043798791308,0.03157712237061968
1873,1888,MR048994,MR048994B,0.92569256,0.95164526,rot180,0.8135695539449446,0.7482206754503268,0.039163851884845835
1873,1989,MR048994,MR026175C,0.92010105,0.9527683,rot180,0.8161036124015439,0.7465586843421786,0.051004521218545006
1873,2010,MR048994,MR051586,0.88670206,0.9505733,rot180,0.7798353598979002,0.8091511251164243,0.02550161763648029
1873,2157,MR048994,MR032322C,0.9024559,0.9515595,rot180,0.8319149329172184,0.7623275398105122,0.035452537692323025
1873,2352,MR048994,MR026175E,0.93903756,0.9510925,flipud,0.8046066594848535,0.7693365879333615,0.030845672702893078
1874,1888,MR048994,MR048994B,0.9339785,0.96197087,rot180,0.8562628232082394,0.7665321078462761,0.03333030103947303
1874,2023,MR048994,MR051644,0.9332439,0.95576334,rot180,0.8705409224427976,0.7691829269336036,0.036937777101256376
1874,2352,MR048994,MR026175E,0.941268,0.9534472,flipud,0.8183856619448364,0.7828869894975298,0.029670844010611482
1875,1889,MR048994,MR048994B,0.9261819,0.950571,rot180,0.8311359314849711,0.7612137782322271,0.036069220497354705
1875,2035,MR048994,MR051651,0.94934547,0.95247304,fliplr,0.8422250550009682,0.7791144186991711,0.03698309620959268
1875,2393,MR048994,MR017260F,0.9416953,0.9500832,fliplr,0.8109308562188373,0.7816250934504022,0.037263795583769244
1876,2036,MR048994,MR051651,0.94736904,0.95056397,fliplr,0.8481640468016453,0.7880531074225439,0.03263835519375587
1880,2071,MR049104,MR051644C,0.861819,0.95658433,flipud,0.7759772251784259,0.6767926765166051,0.039589609932060815
1880,2072,MR049104,MR051644C,0.8671181,0.9595859,flipud,0.7788922047151653,0.6933146885652779,0.038845659128562346
1880,2073,MR049104,MR051644C,0.85888445,0.95790195,flipud,0.7642874928316632,0.68407296531559,0.041398763811333006
1880,2074,MR049104,MR051644C,0.8587517,0.9551151,flipud,0.7713256347193747,0.7311201557110076,0.032788497183214055
1880,2095,MR049104,MR034694,0.9467746,0.95679206,fliplr,0.7907786211910233,0.6507701572293088,0.07702968718339112
1880,2096,MR049104,MR034694,0.94717044,0.9589544,fliplr,0.7937725021718108,0.6419858160466486,0.08272889107036316
1880,2103,MR049104,MR054875,0.9492714,0.9575784,fliplr,0.7773339943034827,0.7306632954436507,0.03370283438072045
1880,2144,MR049104,MR024780D,0.93575144,0.95115393,fliplr,0.7499872890908373,0.6594162526486405,0.0740814238300012
1881,2109,MR049142,MR056144,0.92562675,0.9542717,fliplr,0.78263172113309,0.7347013500477209,0.047443936106439356
1881,2224,MR049142,MR036496B,0.947487,0.9538361,fliplr,0.7736490103863435,0.7647623585063685,0.050400567812624614
1881,2399,MR049142,MR029209I,0.9311551,0.9531809,fliplr,0.8047037051457117,0.7730878517914018,0.04294141604576582
1882,2224,MR049142,MR036496B,0.9473361,0.95577675,fliplr,0.8088260700262512,0.7586884488479219,0.04914380043449632
1883,2226,MR049142,MR036496B,0.94477385,0.95519257,fliplr,0.8283496377882246,0.7870371947842747,0.04367467303288125
1884,2227,MR049142,MR036496B,0.9430693,0.9552999,fliplr,0.8424465732997684,0.7750492640943777,0.04699639088131603
1885,1989,MR048994B,MR026175C,0.94161236,0.96182525,fliplr,0.8232136120504787,0.7611493277419766,0.044481979519225875
1885,1997,MR048994B,MR026175C,0.94559014,0.9654262,fliplr,0.7910607567176285,0.7549856974488155,0.04804823626764841
1885,2032,MR048994B,MR051651,0.9424302,0.95141155,rot180,0.7635987749549749,0.74135664730681,0.03612470796945133
1885,2156,MR048994B,MR032322C,0.9482121,0.95033425,fliplr,0.802676420840482,0.7551828765660756,0.035864961818519336
1885,2239,MR048994B,MR024780B,0.9165461,0.9593294,fliplr,0.8013713935604767,0.7541806011874785,0.04593399637185901
1885,2361,MR048994B,MR026175E,0.93690884,0.9516989,fliplr,0.7682429268662208,0.7644748621624853,0.02984803280296316
1886,1997,MR048994B,MR026175C,0.94385964,0.9603801,fliplr,0.7947966245066614,0.7547421446681244,0.048507438533719985
1886,2239,MR048994B,MR024780B,0.9175626,0.9520525,fliplr,0.781166149016731,0.752820569130891,0.04724319748069836
1886,2240,MR048994B,MR024780B,0.92609686,0.9513234,fliplr,0.805728259033112,0.7521354707646145,0.04516860455577724
1886,2361,MR048994B,MR026175E,0.9426966,0.95666957,fliplr,0.807909803782179,0.7831737122005822,0.027219385707686044
1887,1989,MR048994B,MR026175C,0.9480008,0.96496594,fliplr,0.8300088910971144,0.7720928179747059,0.04460418228415829
1887,2240,MR048994B,MR024780B,0.92616844,0.95762503,fliplr,0.8115183472180698,0.7615129170908589,0.045411671158876454
1887,2352,MR048994B,MR026175E,0.9373748,0.951128,fliplr,0.8052916240949851,0.7732434759524428,0.03109218765524448
1887,2361,MR048994B,MR026175E,0.94000757,0.9542404,fliplr,0.8160550341323988,0.7887676436049277,0.026874591939224094
1888,2035,MR048994B,MR051651,0.948193,0.95012444,fliplr,0.818541317329737,0.7728475453952466,0.03486456344971934
1888,2352,MR048994B,MR026175E,0.9459107,0.9582976,fliplr,0.8446935016058743,0.7851223982530551,0.02913168387262554
1889,2036,MR048994B,MR051651,0.94693875,0.950088,fliplr,0.8401694107110531,0.7773485855888623,0.03529535126061579
1904,2103,MR049358,MR054875,0.9419667,0.95482814,fliplr,0.774761435947225,0.7447167509360568,0.03365732832208531
1905,2103,MR049358,MR054875,0.94505477,0.9592872,fliplr,0.789255515637582,0.7464674705867711,0.03230571038875201
1906,2103,MR049358,MR054875,0.9465789,0.9616973,fliplr,0.7971032265458322,0.7442488294230147,0.03221911588553749
1906,2144,MR049358,MR024780D,0.93375176,0.9547988,fliplr,0.7708951701175585,0.6836558186648346,0.056343402612423814
1907,1996,MR049358,MR026175C,0.9243931,0.9521195,flipud,0.763022860925751,0.735454753718432,0.04574759373220489
1907,1997,MR049358,MR026175C,0.9238356,0.9539125,flipud,0.7701945990896009,0.7302963238756772,0.04717228501030946
1907,2005,MR049358,MR051586,0.9262545,0.9564591,rot180,0.7517473811223021,0.7600368841214395,0.03171789461777266
1907,2006,MR049358,MR051586,0.9259296,0.952939,rot180,0.7323112679489464,0.7730874425820153,0.02778822515428681
1907,2069,MR049358,MR051644C,0.8793985,0.9503957,flipud,0.7767185708045717,0.7144688574871035,0.03550123136470101
1907,2144,MR049358,MR024780D,0.93715847,0.9577034,fliplr,0.7827541819027217,0.6992838259190631,0.05480509518266111
1907,2189,MR049358,MR037458C,0.9325956,0.9524674,fliplr,0.7583273846953892,0.7315345699281474,0.051155915424430036
1908,1996,MR049358,MR026175C,0.93260485,0.9507546,flipud,0.7555481445996111,0.7303220090326014,0.04740358046385573
1908,1997,MR049358,MR026175C,0.9326131,0.95797235,flipud,0.7767432433912265,0.7348717490465565,0.04751385309294171
1908,2005,MR049358,MR051586,0.9335567,0.9549531,rot180,0.7856708105771772,0.7806477754792704,0.03159729632665455
1908,2006,MR049358,MR051586,0.931921,0.95510155,rot180,0.7698407265321581,0.797775484923335,0.025789715875055373
1908,2103,MR049358,MR054875,0.9469215,0.96204495,fliplr,0.78831926891963,0.7537890012465815,0.03276441370464237
1908,2144,MR049358,MR024780D,0.93334997,0.95299244,fliplr,0.7325500640920708,0.6887252566887317,0.05843498416687073
1908,2145,MR049358,MR024780D,0.9309558,0.9554099,fliplr,0.7944213019872122,0.696877739914364,0.05883626013924282
1908,2189,MR049358,MR037458C,0.9388484,0.95924103,fliplr,0.8184510334326399,0.7431430055045123,0.051641494948516935
1908,2190,MR049358,MR037458C,0.94504875,0.95430666,fliplr,0.7903418527715782,0.7213340055610832,0.05390365611500665
1941,2349,MR049453B,MR024780E,0.8430106,0.9562315,fliplr,0.8265320241702651,0.7751794978216947,0.03910451248700176
1942,2239,MR049453B,MR024780B,0.8548973,0.9569293,fliplr,0.8298480671480224,0.7554540615819612,0.04860325088730087
1943,2240,MR049453B,MR024780B,0.87486786,0.96001935,fliplr,0.8558189814729549,0.7653316665073412,0.04176333410224101
1952,1998,MR050135B,MR051461,0.8774046,0.95521605,fliplr,0.801743272563962,0.7908015392070952,0.03252184065890009
1952,2092,MR050135B,MR053110B,0.89030516,0.9576807,fliplr,0.801089945017256,0.7758638622996084,0.03663743429324601
1952,2109,MR050135B,MR056144,0.8909864,0.95378715,fliplr,0.8215974737724419,0.7640885388108,0.0336440466141296
1952,2399,MR050135B,MR029209I,0.8853997,0.95428157,fliplr,0.7935371466303114,0.7975127169493713,0.030563433697461815
1953,2000,MR050135B,MR051461,0.85544163,0.95041347,fliplr,0.8010151161144281,0.8006910097669265,0.031058573273364396
1953,2110,MR050135B,MR056144,0.8805214,0.9538174,fliplr,0.8351933099626612,0.7672692526988892,0.03356060014837262
1954,2002,MR050135B,MR051461,0.87029,0.9555957,fliplr,0.8193369136361208,0.8152590541184735,0.02531830257506669
1954,2111,MR050135B,MR056144,0.87940675,0.9570778,fliplr,0.8539602640130555,0.76345423866654,0.03358123108026899
1954,2400,MR050135B,MR029209I,0.89115804,0.9601706,fliplr,0.8496574105144608,0.7952705510790214,0.03252870662939175
1955,2401,MR050135B,MR029209I,0.8888633,0.9566328,fliplr,0.8583490778081474,0.7863331677590195,0.04137031652286221
1963,2092,MR050135B,MR053110B,0.8821251,0.9504734,fliplr,0.7772150717994503,0.7675472988997464,0.03920297044013033
1968,2006,MR050687,MR051586,0.88969237,0.9502896,rot180,0.7039085205122442,0.7664104012244508,0.029568100762121456
1968,2151,MR050687,MR038469,0.944202,0.95146704,fliplr,0.7246863622555184,0.7085115265595756,0.04866668999736581
1969,2005,MR050687,MR051586,0.8975024,0.9529257,flipud,0.7124640661626442,0.7534595963645364,0.03356770335495393
1969,2006,MR050687,MR051586,0.8937268,0.9526075,rot180,0.7217443217852653,0.775934188371911,0.028029751335222695
1969,2007,MR050687,MR051586,0.89019215,0.9517272,rot180,0.7293156458561494,0.7798457017475297,0.028652205452181938
1969,2151,MR050687,MR038469,0.9478129,0.9542401,fliplr,0.7427765659274577,0.7082103603287637,0.04999966242217001
1970,2005,MR050687,MR051586,0.9031772,0.95576817,flipud,0.7389528282916785,0.7702351114806666,0.03130881722079828
1970,2006,MR050687,MR051586,0.9017345,0.9541386,flipud,0.7447821357601944,0.79239046289985,0.026283480850691647
1970,2007,MR050687,MR051586,0.90016407,0.9561066,flipud,0.7602840357197469,0.7982673340545601,0.026361607978772666
1970,2032,MR050687,MR051651,0.9482073,0.95046264,fliplr,0.6985912349199098,0.7566126179004847,0.03972701662105677
1970,2388,MR050687,MR017260F,0.9496051,0.9531069,fliplr,0.7500800162636716,0.7832465644948088,0.03330875396728516
1971,2150,MR050687,MR038469,0.9498762,0.9528393,fliplr,0.8065617870541918,0.7004979896464654,0.05379703486532586
1973,2126,MR050687,MR029209E,0.9480832,0.95003057,fliplr,0.8560904405545383,0.7192060530420444,0.051986872740883656
1984,1989,MR049019C,MR026175C,0.93399525,0.95078653,fliplr,0.7642917014573086,0.7447858902022128,0.05331272688309966
1984,2192,MR049019C,MR037458C,0.94686496,0.9521147,fliplr,0.8172606351651616,0.71556070844882,0.05228463571463058
1984,2193,MR049019C,MR037458C,0.9429442,0.96026826,fliplr,0.8244546534833431,0.7666559182555108,0.04607304805103988
1984,2224,MR049019C,MR036496B,0.94902617,0.9554339,fliplr,0.7974060107280794,0.7931151943841864,0.038639664908021544
1984,2361,MR049019C,MR026175E,0.9458266,0.95352095,fliplr,0.749973145350459,0.7655224056823333,0.031827298180855654
1984,2364,MR049019C,MR040240C,0.92678577,0.95182025,fliplr,0.8263935277863088,0.7623283881349917,0.05075210462858559
1984,2391,MR049019C,MR017260F,0.94759226,0.96438485,fliplr,0.8593815150174353,0.8240303263118917,0.029050538466345692
1984,2392,MR049019C,MR017260F,0.931191,0.95457435,fliplr,0.7858304540133235,0.7886487560437919,0.033533590811270254
1985,2195,MR049019C,MR037458C,0.9431034,0.9564114,fliplr,0.8347913294822419,0.788808050004032,0.0349490231231532
1985,2393,MR049019C,MR017260F,0.93925357,0.96314985,fliplr,0.862390771465158,0.8096512369349724,0.03225793300056524
1989,1998,MR026175C,MR051461,0.9231293,0.95136565,rot180,0.7713786343126902,0.7601744006520978,0.045555286333933055
1989,2008,MR026175C,MR051586,0.9429524,0.9520212,fliplr,0.7500997438328626,0.7854815049100811,0.036304110112926585
1989,2009,MR026175C,MR051586,0.9494202,0.95369613,fliplr,0.738417154329954,0.7816205804377756,0.03807603184078403
1989,2056,MR026175C,MR051644B,0.93775,0.95266247,fliplr,0.8048545939359082,0.744961349829947,0.04344022421702896
1989,2224,MR026175C,MR036496B,0.93299747,0.9531705,flipud,0.7905553017005565,0.7595276259441405,0.052410257423577335
1992,2134,MR026175C,MR049019G,0.9426331,0.95186055,fliplr,0.7342664152111581,0.7258515346832966,0.04988147716176995
1993,2134,MR026175C,MR049019G,0.9432835,0.9521835,fliplr,0.7390937865831079,0.7301081593768034,0.04700634706074296
1994,2134,MR026175C,MR049019G,0.9430309,0.95558023,fliplr,0.7567887940505724,0.731297311952285,0.048808998651633975
1995,2103,MR026175C,MR054875,0.9446548,0.95609677,rot180,0.7678509583444737,0.6890042913983648,0.04717602847574661
1995,2134,MR026175C,MR049019G,0.9394336,0.95447814,fliplr,0.7867603310057668,0.7472790400179092,0.04525408917422748
1995,2135,MR026175C,MR049019G,0.9402015,0.95043176,fliplr,0.7394901462197402,0.7432373836617714,0.04688716732067339
1996,2103,MR026175C,MR054875,0.9414578,0.96264577,rot180,0.7805305608491566,0.7052878170369999,0.046524621420566944
1996,2236,MR026175C,MR033420,0.9384055,0.95333225,fliplr,0.7687596890543014,0.7742252781533032,0.0315392458462386
1997,2005,MR026175C,MR051586,0.9347329,0.95209265,fliplr,0.7391634220507668,0.7605582664964462,0.045166989106074196
1997,2032,MR026175C,MR051651,0.9485303,0.95666766,flipud,0.7807157458814229,0.7187598610856938,0.05462108217733904
1997,2054,MR026175C,MR051644B,0.93308896,0.95462424,fliplr,0.7735851804448165,0.7436155195269928,0.04424386561930643
1997,2055,MR026175C,MR051644B,0.93558604,0.9519313,fliplr,0.7976897929175355,0.762040476252165,0.041572959923756626
1997,2064,MR026175C,MR052550,0.9235376,0.9505245,rot180,0.7647547170812952,0.7076918804058534,0.05918050655381177
1997,2103,MR026175C,MR054875,0.9450712,0.96286434,rot180,0.785900609195994,0.7081875106584585,0.0474760586119065
1997,2236,MR026175C,MR033420,0.93522394,0.9521727,fliplr,0.824467643346949,0.8026665864064716,0.029092650253626957
1998,2032,MR051461,MR051651,0.9386707,0.9521202,fliplr,0.7381328019097264,0.7713037576789903,0.03418184242537239
1998,2033,MR051461,MR051651,0.9421544,0.95525634,fliplr,0.7536986002207906,0.7790045325034448,0.03349436730397491
1998,2034,MR051461,MR051651,0.9422309,0.95377725,fliplr,0.7501448594536206,0.7921549169192169,0.033521498882070906
1998,2151,MR051461,MR038469,0.944287,0.9521937,fliplr,0.7367340078774245,0.7322779824074335,0.051614805202764666
1998,2152,MR051461,MR038469,0.94901425,0.9551863,fliplr,0.7169601679704708,0.7360237909978958,0.05210282062779456
1998,2224,MR051461,MR036496B,0.9341484,0.95945996,fliplr,0.7583487950184196,0.7930314060222837,0.03716153990941234
1998,2361,MR051461,MR026175E,0.9414938,0.95221424,fliplr,0.771651528391653,0.7818529632180244,0.029461622895288815
1998,2390,MR051461,MR017260F,0.9262011,0.95751554,fliplr,0.7702178873671999,0.794203368174647,0.030438801568591283
1998,2391,MR051461,MR017260F,0.9305798,0.9560351,fliplr,0.7177768239473793,0.7808726480438396,0.03472582694445995
1999,2034,MR051461,MR051651,0.9381448,0.95132077,fliplr,0.7619186917430761,0.8127744022485986,0.026573081554417677
1999,2224,MR051461,MR036496B,0.9352724,0.96310496,fliplr,0.7759222854379366,0.7943728910168356,0.03898246220117877
1999,2391,MR051461,MR017260F,0.92219996,0.95588636,fliplr,0.7640547923739548,0.8020789391425276,0.031308239645528854
2000,2034,MR051461,MR051651,0.93980473,0.9547468,fliplr,0.799415075595306,0.8116215847696502,0.02740733161234406
2000,2224,MR051461,MR036496B,0.93851805,0.96684635,fliplr,0.7836460845807405,0.8064945280331083,0.0360981699028767
2000,2225,MR051461,MR036496B,0.92776024,0.9613333,fliplr,0.7991024661804935,0.7958016162670932,0.03584648290854365
2000,2352,MR051461,MR026175E,0.9398395,0.95159936,fliplr,0.814320377822959,0.7903818197880068,0.029108511869743937
2000,2391,MR051461,MR017260F,0.91642773,0.9546926,fliplr,0.7844783730090876,0.8100447194244565,0.03014133405997416
2001,2035,MR051461,MR051651,0.93407726,0.9543362,fliplr,0.8121592062981199,0.8355715696652176,0.021606550542273655
2001,2224,MR051461,MR036496B,0.9302043,0.95651495,fliplr,0.7477908343146431,0.7912282797777564,0.041248074231990395
2001,2225,MR051461,MR036496B,0.9339815,0.97041404,fliplr,0.8133909544361971,0.8185696330301215,0.03309312874229163
2001,2392,MR051461,MR017260F,0.9119282,0.95573694,fliplr,0.7890904099762018,0.8257185320580629,0.025005871443864087
2002,2225,MR051461,MR036496B,0.92608386,0.95989364,fliplr,0.7598187479878192,0.7937714342180203,0.03765976769226825
2002,2226,MR051461,MR036496B,0.9403221,0.97422236,fliplr,0.8503533895315217,0.8296569817445227,0.03033826437617997
2002,2393,MR051461,MR017260F,0.9161118,0.9595176,fliplr,0.8092279735783966,0.8226387054659475,0.025990141783437358
2003,2226,MR051461,MR036496B,0.934303,0.9607369,fliplr,0.7856397133200124,0.7977306301748632,0.03721943689733941
2003,2227,MR051461,MR036496B,0.94188017,0.978523,fliplr,0.8905684117646571,0.8195318069957432,0.03290747854993751
2004,2228,MR051461,MR036496B,0.946238,0.9723149,fliplr,0.9076013381650078,0.8419796496169569,0.028676670253601478
2005,2103,MR051586,MR054875,0.912691,0.95303935,flipud,0.7133719698217337,0.7229231064021113,0.033497665395159346
2005,2151,MR051586,MR038469,0.9221467,0.95018125,flipud,0.7132545310150084,0.7208484390995527,0.04837674837538061
2005,2152,MR051586,MR038469,0.9272711,0.9567569,flipud,0.7306147847798059,0.7308433933754476,0.04788079053176698
2006,2103,MR051586,MR054875,0.9102354,0.9511336,flipud,0.7100772419795713,0.740963641665524,0.029013699010475395
2006,2151,MR051586,MR038469,0.91908294,0.95513827,flipud,0.7370793701601804,0.7510419888193047,0.03912247176022874
2006,2152,MR051586,MR038469,0.9266934,0.9598676,flipud,0.76069405300621,0.763497648810171,0.0385184997873208
2007,2032,MR051586,MR051651,0.93727475,0.9502348,flipud,0.7185514341707289,0.7898317739173344,0.028706596476798553
2007,2150,MR051586,MR038469,0.90274405,0.95313036,flipud,0.7466691649931498,0.7400773030094799,0.042610262094612
2007,2151,MR051586,MR038469,0.91773915,0.9587525,flipud,0.7923248162497439,0.7524553102559808,0.040952890829333
2007,2152,MR051586,MR038469,0.92597616,0.9615962,flipud,0.8127983954908407,0.7628392502187347,0.04060038707985863
2008,2067,MR051586,MR051644C,0.9476629,0.9500893,fliplr,0.7670336586112357,0.7980932542051397,0.02673998227268392
2008,2150,MR051586,MR038469,0.8942227,0.96093607,flipud,0.8027372557515152,0.7541837534227843,0.03991956874446307
2008,2151,MR051586,MR038469,0.9114097,0.9552205,flipud,0.8039403786220798,0.7587128587566543,0.03911801785873097
2008,2152,MR051586,MR038469,0.92382467,0.9557411,flipud,0.7940376139380275,0.7652658131827167,0.039187255537148045
2008,2344,MR051586,MR033389B,0.86073494,0.9506298,rot180,0.7888292751193522,0.7778469659939558,0.036191185927317626
2009,2150,MR051586,MR038469,0.8894617,0.95574486,flipud,0.7906342706744026,0.757018666798464,0.041116524552590274
2009,2344,MR051586,MR033389B,0.8588982,0.9542132,rot180,0.8167706647477226,0.7801682923373581,0.037158293025508805
2009,2345,MR051586,MR033389B,0.8499613,0.9514187,rot180,0.7978179050677568,0.7620189567613562,0.04253527606875021
2010,2067,MR051586,MR051644C,0.9493674,0.95415246,fliplr,0.7639382501086948,0.7998703030525688,0.026693474569056904
2010,2224,MR051586,MR036496B,0.9093463,0.95455647,flipud,0.7929883492511807,0.797447598181128,0.037193768603309786
2011,2346,MR051586,MR033389B,0.8403709,0.9525555,rot180,0.8367131958565577,0.7888188589892388,0.038824689320081325
2023,2225,MR051644,MR036496B,0.9442993,0.9526834,flipud,0.8244996681509749,0.7918547043283279,0.042525969302341475
2028,2103,MR051644,MR054875,0.9389217,0.95327055,fliplr,0.7861616318464211,0.741596275250378,0.034281693194813216
2028,2357,MR051644,MR026175E,0.94206643,0.9532612,fliplr,0.7338297487513528,0.7418998862345232,0.03728322864234727
2028,2358,MR051644,MR026175E,0.94016343,0.9526997,fliplr,0.7312676395820897,0.7526917479918448,0.030172099408204037
2029,2358,MR051644,MR026175E,0.93850476,0.95080507,fliplr,0.7324520746976296,0.7491980765055812,0.03071264592873282
2032,2045,MR051651,MR051651B,0.9461069,0.95831454,fliplr,0.8025643311152411,0.7628271147272054,0.038833627501487555
2032,2046,MR051651,MR051651B,0.9360831,0.9501026,fliplr,0.779741297648627,0.7400913936018684,0.04211168211971248
2045,2386,MR051651B,MR017260F,0.9066019,0.9527787,fliplr,0.7759226078525125,0.770891723289142,0.03584028642372142
2052,2073,MR051644B,MR051644C,0.9496205,0.9502189,fliplr,0.7887740953416779,0.7469629141573125,0.03381767989698183
2053,2070,MR051644B,MR051644C,0.94219154,0.95125884,fliplr,0.8019227066299636,0.7677053620722943,0.02735142460181847
2053,2074,MR051644B,MR051644C,0.9472742,0.95421886,fliplr,0.8062223804084651,0.7728443280015033,0.028551145783835784
2054,2072,MR051644B,MR051644C,0.94838846,0.95209974,fliplr,0.7755648292256179,0.7324556877729701,0.03911119704632774
2054,2073,MR051644B,MR051644C,0.94785446,0.9513292,fliplr,0.7668491645428374,0.7411534484900667,0.036380810158917316
2054,2074,MR051644B,MR051644C,0.949556,0.9535216,fliplr,0.7908180639317023,0.7642462856330837,0.032028217905575466
2054,2156,MR051644B,MR032322C,0.94817543,0.95119804,fliplr,0.8115690772280426,0.7487033770344841,0.03448105023346431
2055,2240,MR051644B,MR024780B,0.9049303,0.95118487,fliplr,0.794942480572216,0.7585982968083894,0.039478823317408006
2056,2138,MR051644B,MR049019G,0.93983084,0.95061755,fliplr,0.813002876862791,0.7508910032946573,0.036827656029478115
2056,2157,MR051644B,MR032322C,0.94978964,0.95243007,fliplr,0.8402562759651727,0.7493538197023092,0.03852469681720344
2056,2240,MR051644B,MR024780B,0.9164344,0.96464205,fliplr,0.8316015783134153,0.7605140508882854,0.04100388004567232
2067,2344,MR051644C,MR033389B,0.85105205,0.95336205,rot180,0.8337639198652917,0.7294385928829397,0.045370609332353644
2069,2103,MR051644C,MR054875,0.8995609,0.9506036,rot180,0.77309401374435,0.6977285591341967,0.03579240547434523
2070,2096,MR051644C,MR034694,0.8708881,0.95207673,rot180,0.7756615794002746,0.6174709914347334,0.0741052929806854
2070,2103,MR051644C,MR054875,0.909061,0.9610087,rot180,0.805461195201324,0.7069050056619881,0.032186672680772806
2070,2144,MR051644C,MR024780D,0.8745489,0.9529335,rot180,0.771997704948272,0.6447841060843894,0.06557319587095316
2071,2096,MR051644C,MR034694,0.8783211,0.9523429,rot180,0.7633212527429253,0.6314657678836004,0.0667182015414214
2071,2102,MR051644C,MR054875,0.89184695,0.95011353,rot180,0.7660293896316342,0.6658144095756492,0.040890874897369374
2071,2103,MR051644C,MR054875,0.91154474,0.9634556,rot180,0.7990887680068903,0.7046632044041833,0.03274007563746109
2072,2096,MR051644C,MR034694,0.8880245,0.9510387,flipud,0.7541840173600848,0.6329373496284518,0.07013266804893009
2072,2102,MR051644C,MR054875,0.89796686,0.9509276,rot180,0.7627413539094821,0.6723145122291037,0.03973761173379611
2072,2103,MR051644C,MR054875,0.915032,0.9637965,rot180,0.7940910486205497,0.7140447934333208,0.032795522357468535
2073,2096,MR051644C,MR034694,0.88059735,0.9503327,rot180,0.7480557106924989,0.6400015572752408,0.06918204503737047
2073,2103,MR051644C,MR054875,0.90874755,0.9619055,rot180,0.7883147038002061,0.7144960428598025,0.033352994873771816
2074,2103,MR051644C,MR054875,0.9107792,0.96104616,rot180,0.7981163549334533,0.734159394987625,0.030276373899269758
2075,2103,MR051644C,MR054875,0.9021333,0.95073324,flipud,0.7684587730826868,0.7238931206025534,0.03269828357893418
2076,2156,MR051644C,MR032322C,0.94900584,0.9548975,fliplr,0.8063143334506556,0.7834991149654457,0.028788091259839728
2076,2344,MR051644C,MR033389B,0.84781444,0.9509972,rot180,0.8196157466399516,0.7496125879674883,0.04059828303172945
2103,2241,MR054875,MR033389B,0.9405118,0.95347846,fliplr,0.797931966614748,0.7029082983425189,0.05270802017358138
2111,2393,MR056144,MR017260F,0.90348816,0.9538249,fliplr,0.8611636280469872,0.7782117997055147,0.033912277485946905
2118,2346,MR034997,MR033389B,0.8571704,0.95258814,rot180,0.7768504007628273,0.7490874956900784,0.04111363385008122
2123,2189,MR029209E,MR037458C,0.94032073,0.95369464,fliplr,0.7769417615089074,0.6419273633637014,0.07558884383276782
2124,2189,MR029209E,MR037458C,0.941303,0.95296985,fliplr,0.8059373265151527,0.6505821170494352,0.07331765876194261
2124,2190,MR029209E,MR037458C,0.948787,0.9502263,fliplr,0.8118776937904708,0.6262670957737889,0.07337710522640563
2124,2191,MR029209E,MR037458C,0.93914,0.95273995,fliplr,0.8096127664586461,0.6674575760293454,0.06506277679589319
2126,2193,MR029209E,MR037458C,0.948649,0.95844406,fliplr,0.8271220862261159,0.677600640408755,0.06733278240831286
2134,2200,MR049019G,MR040240,0.9338201,0.9529246,fliplr,0.7929648711540997,0.7286195755804606,0.04508533663048334
2134,2201,MR049019G,MR040240,0.9361533,0.9618007,fliplr,0.80585889992752,0.756589588119168,0.038372429529368875
2134,2202,MR049019G,MR040240,0.92561454,0.95618767,fliplr,0.7688158370301708,0.744285766545173,0.04136039291083298
2134,2356,MR049019G,MR026175E,0.9335235,0.95006377,fliplr,0.7500833614200355,0.7324602264636064,0.036273835563060595
2135,2201,MR049019G,MR040240,0.93024534,0.95546854,fliplr,0.8004081798926619,0.770987936737719,0.03637365507068471
2135,2202,MR049019G,MR040240,0.9319895,0.96318084,fliplr,0.8389737416792888,0.7827241639816567,0.035116622846417644
2135,2203,MR049019G,MR040240,0.92885584,0.96210486,fliplr,0.8054263271657452,0.7564605366698971,0.039788364846523525
2136,2203,MR049019G,MR040240,0.9270237,0.953763,fliplr,0.8260276543841031,0.7658916776275959,0.040782087503627364
2136,2204,MR049019G,MR040240,0.9299587,0.95801264,fliplr,0.8325520912654393,0.7670572197693069,0.04303412724818502
2137,2205,MR049019G,MR040240,0.93200403,0.95444345,fliplr,0.8213143877635894,0.7729870730874971,0.04021816667179428
2141,2227,MR031409B,MR036496B,0.92914987,0.9579656,fliplr,0.8296342884773887,0.7025352293412467,0.06387693276677107
2141,2228,MR031409B,MR036496B,0.94301826,0.95749384,fliplr,0.8635080784337283,0.7408004093632901,0.05631602587869061
2142,2228,MR031409B,MR036496B,0.9399953,0.9622596,fliplr,0.841480459694446,0.711057721924382,0.058132783172935375
2189,2398,MR037458C,MR029209I,0.91621727,0.95149404,fliplr,0.7888469932743493,0.739794074038856,0.043448172849224136
2195,2401,MR037458C,MR029209I,0.9278643,0.95390934,fliplr,0.8564404255291476,0.8030842461581863,0.028463572658749953
2223,2347,MR029209G,MR033389B,0.867064,0.9557043,flipud,0.8923238056576935,0.6956232906602599,0.08270064060117678
2224,2345,MR036496B,MR033389B,0.9420232,0.9534703,fliplr,0.8146608359586074,0.7347842909421111,0.0593916523683393
2225,2346,MR036496B,MR033389B,0.93257415,0.9519433,fliplr,0.8207659038235743,0.7507318950401574,0.05623970309777441
2234,2357,MR033420,MR026175E,0.9365294,0.95076555,fliplr,0.7440610519028226,0.737450086562794,0.04220887855232819
2235,2357,MR033420,MR026175E,0.9379275,0.95046186,fliplr,0.7282606312869726,0.7274295984096162,0.04501347865401448
2236,2360,MR033420,MR026175E,0.93375164,0.9501592,fliplr,0.7718993403946702,0.7691779343268378,0.03715280054625585
