metric,threshold,pairs_total,cross_class,within-patient/within-fold,within-patient/cross-fold,cross-patient/within-fold,cross-patient/cross-fold
ncc_full,0.8,3848,563,2365,0,271,1212
ncc_full,0.85,1542,88,1293,0,39,210
ncc_full,0.9,334,7,315,0,7,12
ncc_full,0.95,0,0,0,0,0,0
ncc_full,0.97,0,0,0,0,0,0
ncc_full,0.98,0,0,0,0,0,0
ncc_full,0.99,0,0,0,0,0,0
ncc_full,0.995,0,0,0,0,0,0
ncc_full,0.999,0,0,0,0,0,0
ssim_full,0.8,367,16,186,0,28,153
ssim_full,0.85,15,0,14,0,0,1
ssim_full,0.9,0,0,0,0,0,0
ssim_full,0.95,0,0,0,0,0,0
ssim_full,0.97,0,0,0,0,0,0
ssim_full,0.98,0,0,0,0,0,0
ssim_full,0.99,0,0,0,0,0,0
ssim_full,0.995,0,0,0,0,0,0
ssim_full,0.999,0,0,0,0,0,0
