population,metric,n,min,q05,q25,q50,q75,q90,q95,q99,max
all_candidates,thumb_ncc,33432,0.4263,0.7233,0.8853,0.9101,0.9267,0.9463,0.9599,0.9816,0.9953
all_candidates,ncc_full,33432,0.1888,0.4912,0.6615,0.7135,0.7567,0.8082,0.8464,0.8999,0.9492
all_candidates,ssim_full,33432,0.1902,0.4525,0.6024,0.6951,0.7331,0.7594,0.7741,0.8021,0.873
all_candidates,mad_norm,33432,0.0153,0.033,0.0429,0.0528,0.0687,0.0901,0.1037,0.1439,0.2225
same_patient,thumb_ncc,4852,0.58,0.8528,0.9143,0.9415,0.9642,0.9788,0.9835,0.9903,0.9953
same_patient,ncc_full,4852,0.4155,0.6375,0.7368,0.7969,0.8541,0.8889,0.9064,0.9272,0.9492
same_patient,ssim_full,4852,0.34,0.5232,0.6079,0.6625,0.7224,0.7671,0.7929,0.8312,0.873
same_patient,mad_norm,4852,0.0153,0.027,0.0389,0.0477,0.0573,0.0675,0.0728,0.0859,0.1071
cross_patient,thumb_ncc,28580,0.4263,0.7126,0.8618,0.908,0.9213,0.9356,0.9443,0.9585,0.9898
cross_patient,ncc_full,28580,0.1888,0.4807,0.6512,0.7051,0.7428,0.7779,0.8011,0.8466,0.9324
cross_patient,ssim_full,28580,0.1902,0.4442,0.5996,0.6995,0.7341,0.7586,0.7725,0.7948,0.855
cross_patient,mad_norm,28580,0.0225,0.0343,0.0436,0.0539,0.0715,0.0929,0.107,0.1478,0.2225
cross_patient_cross_fold,thumb_ncc,23398,0.4263,0.7121,0.8623,0.908,0.9213,0.9355,0.9442,0.9584,0.9898
cross_patient_cross_fold,ncc_full,23398,0.1888,0.4794,0.651,0.7053,0.7427,0.7773,0.8011,0.8474,0.9324
cross_patient_cross_fold,ssim_full,23398,0.1902,0.4435,0.5996,0.6997,0.7343,0.7586,0.7719,0.795,0.855
cross_patient_cross_fold,mad_norm,23398,0.0225,0.0343,0.0436,0.0539,0.0712,0.0928,0.1073,0.148,0.2225
nearest_neighbour_all_images,best_same_patient_thumb_ncc,3057,0.5377,0.8767,0.94,0.9621,0.9759,0.9839,0.9875,0.9924,0.9953
nearest_neighbour_all_images,best_other_patient_thumb_ncc,3064,0.5566,0.7578,0.8601,0.8954,0.9224,0.9533,0.9638,0.9742,0.9898
