image_a,image_b,patient_a,patient_b,label_a,label_b,fold_a,fold_b,same_patient,same_class,same_fold,category,thumb_ncc,phash_hamming,is_exact_raw_duplicate,ncc_full,ssim_full,mad_norm,frac_pixels_equal,resized_for_comparison
1857,1858,MR048621B,MR048621B,glioma,glioma,5,5,True,True,True,within-patient/within-fold,0.9944646954536438,2,False,0.9492092343219712,0.8248371324983896,0.020705671499896522,0.3171958923339844,False
1844,1845,MR048294,MR048294,glioma,glioma,1,1,True,True,True,within-patient/within-fold,0.994611382484436,2,False,0.9465769806099863,0.831936300438088,0.019811404151560488,0.3352508544921875,False
1945,1946,MR048294B,MR048294B,glioma,glioma,5,5,True,True,True,within-patient/within-fold,0.9949915409088135,4,False,0.9459165852028335,0.8318647905430336,0.01959021814706864,0.33338165283203125,False
1858,1859,MR048621B,MR048621B,glioma,glioma,5,5,True,True,True,within-patient/within-fold,0.9943363666534424,4,False,0.9452058428124396,0.8288213953831708,0.021441526439677432,0.3172645568847656,False
1904,1905,MR049358,MR049358,glioma,glioma,3,3,True,True,True,within-patient/within-fold,0.9952365159988403,4,False,0.9451871957138946,0.8405923146145067,0.018458025971287557,0.33690643310546875,False
1287,1288,101145,101145,pituitary,pituitary,2,2,True,True,True,within-patient/within-fold,0.9925572872161865,6,False,0.9441301462857445,0.7665910055122694,0.0309386322095934,0.27741241455078125,False
1019,1020,114361,114361,pituitary,pituitary,4,4,True,True,True,within-patient/within-fold,0.991311252117157,4,False,0.9436373540841204,0.8267661426677742,0.02459784339248417,0.28307342529296875,False
1853,1945,MR048294B,MR048294B,glioma,glioma,5,5,True,True,True,within-patient/within-fold,0.9934059977531433,6,False,0.9411345616246442,0.8203764606968048,0.020299506675136914,0.3314628601074219,False
1905,1906,MR049358,MR049358,glioma,glioma,3,3,True,True,True,within-patient/within-fold,0.9951117038726807,4,False,0.9407591225057902,0.8346800615728402,0.020123584418080136,0.3354301452636719,False
1992,1993,MR026175C,MR026175C,glioma,glioma,4,4,True,True,True,within-patient/within-fold,0.9944964051246643,6,False,0.9403174041214211,0.8245848403063644,0.020857322823701677,0.3366241455078125,False
1440,1441,98992,98992,pituitary,pituitary,5,5,True,True,True,within-patient/within-fold,0.9923658967018127,4,False,0.9391293279027304,0.8180601800199638,0.024087706581205525,0.2667083740234375,False
1286,1287,101145,101145,pituitary,pituitary,2,2,True,True,True,within-patient/within-fold,0.9908869862556458,6,False,0.9388460227323888,0.7668212136653016,0.03337103682310942,0.27594757080078125,False
1308,1309,103257,103257,pituitary,pituitary,4,4,True,True,True,within-patient/within-fold,0.985432505607605,6,False,0.9379713844273734,0.779339995058126,0.03523023218582848,0.10308837890625,False
1825,1826,98992,98992,pituitary,pituitary,5,5,True,True,True,within-patient/within-fold,0.9757034778594971,4,False,0.937833919894567,0.737976873421507,0.03717282119770074,0.02942657470703125,False
727,728,103148,103148,glioma,glioma,1,1,True,True,True,within-patient/within-fold,0.9899773597717285,6,False,0.9372069441684209,0.8605166031943783,0.019662832887036442,0.2904930114746094,False
1756,1757,105475,105475,pituitary,pituitary,1,1,True,True,True,within-patient/within-fold,0.9762952327728271,4,False,0.9363562053674881,0.7391184849258393,0.035345502118761044,0.027782440185546875,False
1257,1258,112746,112746,pituitary,pituitary,1,1,True,True,True,within-patient/within-fold,0.977834939956665,6,False,0.9362667581418554,0.7104388960969932,0.04028240550648082,0.022174835205078125,False
2378,2379,MR040240D,MR040240D,glioma,glioma,4,4,True,True,True,within-patient/within-fold,0.9902176260948181,12,False,0.9358445363071306,0.8339947662824825,0.019461800123899038,0.3342132568359375,False
1815,1816,98874,98874,pituitary,pituitary,1,1,True,True,True,within-patient/within-fold,0.9748638868331909,2,False,0.9356109650652387,0.7349730065935689,0.03917740826675588,0.02829742431640625,False
2175,2176,MR039473,MR039473,glioma,glioma,4,4,True,True,True,within-patient/within-fold,0.9898794889450073,6,False,0.9349718455243269,0.8630975348194433,0.01528929105575245,0.3370170593261719,False
1007,1008,112847,112847,pituitary,pituitary,5,5,True,True,True,within-patient/within-fold,0.9899483323097229,6,False,0.9348263444156113,0.7826572627041297,0.03065455972526539,0.27483367919921875,False
1870,1871,MR048994,MR048994,glioma,glioma,2,2,True,True,True,within-patient/within-fold,0.9917011260986328,8,False,0.9342531773498072,0.8461462786348063,0.02153842164649071,0.3196907043457031,False
2377,2378,MR040240D,MR040240D,glioma,glioma,4,4,True,True,True,within-patient/within-fold,0.9870132803916931,8,False,0.9342310408510116,0.8187479206561837,0.02090174325386485,0.33206939697265625,False
2368,2369,MR040240C,MR040240C,glioma,glioma,2,2,True,True,True,within-patient/within-fold,0.9897831082344055,6,False,0.9336877356248703,0.8364454238418166,0.01936034561378179,0.338897705078125,False
1285,1286,101145,101145,pituitary,pituitary,2,2,True,True,True,within-patient/within-fold,0.9888800382614136,4,False,0.9336012006056346,0.7643452962819459,0.03387165445535788,0.27483367919921875,False
1344,1345,103837,103837,pituitary,pituitary,2,2,True,True,True,within-patient/within-fold,0.9826229214668274,6,False,0.9331638536203709,0.7416043790605955,0.03519253648762621,0.10588455200195312,False
1418,1419,98472,98472,pituitary,pituitary,3,3,True,True,True,within-patient/within-fold,0.9861226081848145,4,False,0.9326525328060349,0.7447461924279245,0.03036973914321588,0.1079864501953125,False
1878,2229,MR048994,MR036496B,glioma,glioma,2,3,False,True,False,cross-patient/cross-fold,0.9775204062461853,12,False,0.9323508055501322,0.8550089676126225,0.02530440787235923,0.2704925537109375,False
1307,1308,103257,103257,pituitary,pituitary,4,4,True,True,True,within-patient/within-fold,0.9869710803031921,8,False,0.9322543933535723,0.7499238402536271,0.03148086577741453,0.11092758178710938,False
1958,1959,MR050135B,MR050135B,glioma,glioma,2,2,True,True,True,within-patient/within-fold,0.9904587268829346,4,False,0.9322506746981202,0.8351605204613504,0.019912714206742725,0.3344230651855469,False
178,739,97607,107747,meningioma,glioma,1,5,False,False,False,cross-patient/cross-fold,0.9650154709815979,18,False,0.9315351845037395,0.8131790365366783,0.04298139226679899,0.2584228515625,False
1826,1827,98992,98992,pituitary,pituitary,5,5,True,True,True,within-patient/within-fold,0.9665368795394897,8,False,0.9311479998236132,0.7216561243640578,0.03794543497785282,0.02916717529296875,False
190,191,97943,97943,meningioma,meningioma,3,3,True,True,True,within-patient/within-fold,0.9891107082366943,6,False,0.9311034792585982,0.8057458650435478,0.024657220537443344,0.29151153564453125,False
2199,2200,MR040240,MR040240,glioma,glioma,5,5,True,True,True,within-patient/within-fold,0.9853394031524658,10,False,0.9306827840897366,0.8154927017937388,0.021644886152410742,0.3250007629394531,False
1008,1009,112847,112847,pituitary,pituitary,5,5,True,True,True,within-patient/within-fold,0.9881598353385925,6,False,0.9305091057568896,0.7793667802359875,0.030558178215197407,0.2741661071777344,False
104,105,108514,108514,meningioma,meningioma,5,5,True,True,True,within-patient/within-fold,0.9893175363540649,6,False,0.9303376421220177,0.8237586571582992,0.024105186613180892,0.2864265441894531,False
1991,1992,MR026175C,MR026175C,glioma,glioma,4,4,True,True,True,within-patient/within-fold,0.9934511184692383,6,False,0.9303005329332518,0.8111553750650643,0.02047969646960154,0.33533477783203125,False
1843,1844,MR048294,MR048294,glioma,glioma,1,1,True,True,True,within-patient/within-fold,0.9873296022415161,6,False,0.9297892327445978,0.8033303722265366,0.0229761634037046,0.33148956298828125,False
1417,1418,98472,98472,pituitary,pituitary,3,3,True,True,True,within-patient/within-fold,0.9837322235107422,4,False,0.929398044408633,0.7501317021070067,0.03050165760273836,0.1096954345703125,False
2367,2368,MR040240C,MR040240C,glioma,glioma,2,2,True,True,True,within-patient/within-fold,0.9869194030761719,16,False,0.9293100707796426,0.815392822638853,0.02147365727975218,0.337493896484375,False
1267,1268,113274,113274,pituitary,pituitary,3,3,True,True,True,within-patient/within-fold,0.9760523438453674,0,False,0.9290491453538949,0.7972011524754327,0.028016314998982234,0.045562744140625,False
1345,1346,103837,103837,pituitary,pituitary,2,2,True,True,True,within-patient/within-fold,0.9777990579605103,6,False,0.9289008328179547,0.7412275519677632,0.03506097063548944,0.10603713989257812,False
1722,1723,104019,104019,pituitary,pituitary,4,4,True,True,True,within-patient/within-fold,0.9699974060058594,4,False,0.9284816973475124,0.7489227512656712,0.03541198768316098,0.029941558837890625,False
1652,1653,101145,101145,pituitary,pituitary,2,2,True,True,True,within-patient/within-fold,0.9612661004066467,8,False,0.9281519771444777,0.7372911953636033,0.04144079788871433,0.028202056884765625,False
2119,2120,MR029209E,MR029209E,glioma,glioma,5,5,True,True,True,within-patient/within-fold,0.9942944049835205,4,False,0.9277151527719544,0.8487022212494829,0.020955775240309435,0.3441200256347656,False
1433,1434,98874,98874,pituitary,pituitary,1,1,True,True,True,within-patient/within-fold,0.9749765396118164,10,False,0.9276491184370419,0.7726303175316211,0.03231096957872794,0.276641845703125,False
515,516,104695,104695,meningioma,meningioma,4,4,True,True,True,within-patient/within-fold,0.9743039608001709,2,False,0.9276461097479007,0.7494579706236107,0.03262347570046758,0.07699966430664062,False
1993,1994,MR026175C,MR026175C,glioma,glioma,4,4,True,True,True,within-patient/within-fold,0.9940661191940308,8,False,0.9275129100705601,0.8366863654364983,0.018056388780908678,0.3375511169433594,False
1933,1934,MR024780G,MR024780G,glioma,glioma,1,1,True,True,True,within-patient/within-fold,0.9928526878356934,4,False,0.9274788125615231,0.8230159198671502,0.019005471729719746,0.3226470947265625,False
1823,1824,98992,98992,pituitary,pituitary,5,5,True,True,True,within-patient/within-fold,0.9733745455741882,4,False,0.9274602259717224,0.7360147633204998,0.04076163962303254,0.0308837890625,False
1776,1777,97461,97461,pituitary,pituitary,3,3,True,True,True,within-patient/within-fold,0.9728068113327026,6,False,0.9272721840837507,0.7175330176934228,0.04037172400765962,0.0291595458984375,False
1439,1440,98992,98992,pituitary,pituitary,5,5,True,True,True,within-patient/within-fold,0.9887967109680176,10,False,0.927196173530259,0.7859489956283519,0.028692879702619186,0.271453857421875,False
1957,1958,MR050135B,MR050135B,glioma,glioma,2,2,True,True,True,within-patient/within-fold,0.9903320074081421,4,False,0.9269152274426264,0.8066872671595525,0.022329427472136357,0.3290824890136719,False
144,145,112552,112552,meningioma,meningioma,2,2,True,True,True,within-patient/within-fold,0.9847249984741211,4,False,0.9259171804577964,0.8193281451095615,0.029146699441803828,0.28864288330078125,False
2174,2175,MR039473,MR039473,glioma,glioma,4,4,True,True,True,within-patient/within-fold,0.9848183393478394,6,False,0.9252155223477744,0.848068788758588,0.016931448696095714,0.3336639404296875,False
1856,1857,MR048621B,MR048621B,glioma,glioma,5,5,True,True,True,within-patient/within-fold,0.9916000962257385,6,False,0.9251878921659668,0.7920706970250003,0.025176582308355896,0.3163719177246094,False
2151,2152,MR038469,MR038469,glioma,glioma,3,3,True,True,True,within-patient/within-fold,0.9895188808441162,12,False,0.9251835977061791,0.8570102624024948,0.017333280582221756,0.3411407470703125,False
1346,1347,103837,103837,pituitary,pituitary,2,2,True,True,True,within-patient/within-fold,0.9785292148590088,2,False,0.9249095583231203,0.7423903321680909,0.034757741292317706,0.10509109497070312,False
1343,1344,103837,103837,pituitary,pituitary,2,2,True,True,True,within-patient/within-fold,0.9856002330780029,4,False,0.9249057440423739,0.7357297535264651,0.03526851644680014,0.10677337646484375,False
1358,1359,104558,104558,pituitary,pituitary,2,2,True,True,True,within-patient/within-fold,0.9828507900238037,8,False,0.9249053995721196,0.766165884040307,0.034284177842853175,0.25658416748046875,False
1777,1778,97461,97461,pituitary,pituitary,3,3,True,True,True,within-patient/within-fold,0.9726161956787109,6,False,0.9248988946507897,0.7348648681545195,0.03869542774098995,0.030242919921875,False
209,210,100820,100820,glioma,glioma,3,3,True,True,True,within-patient/within-fold,0.9862712621688843,6,False,0.9247895358521292,0.8059228454203001,0.027097727559816088,0.28745269775390625,False
1402,1403,97461,97461,pituitary,pituitary,3,3,True,True,True,within-patient/within-fold,0.984230101108551,8,False,0.9246848281726529,0.7495345501951898,0.033824663966345744,0.270660400390625,False
167,168,114018,114018,meningioma,meningioma,2,2,True,True,True,within-patient/within-fold,0.9758448600769043,6,False,0.9246092386240728,0.7998432515813638,0.025586431027689604,0.2753105163574219,False
1915,1916,MR049453,MR049453,glioma,glioma,2,2,True,True,True,within-patient/within-fold,0.995256781578064,4,False,0.9244189967958898,0.855649145205648,0.018238178625663883,0.33941650390625,False
1342,1343,103837,103837,pituitary,pituitary,2,2,True,True,True,within-patient/within-fold,0.9876439571380615,6,False,0.9241534421689942,0.7168689065269214,0.03727639861193122,0.10533523559570312,False
1306,1307,103257,103257,pituitary,pituitary,4,4,True,True,True,within-patient/within-fold,0.9856762886047363,4,False,0.9239201880056909,0.7408450982331384,0.03300905367769994,0.11328125,False
1828,1829,98992,98992,pituitary,pituitary,5,5,True,True,True,within-patient/within-fold,0.9757510423660278,6,False,0.9236517145019336,0.7359941044084638,0.03775859334666258,0.030506134033203125,False
1416,1417,98472,98472,pituitary,pituitary,3,3,True,True,True,within-patient/within-fold,0.9853713512420654,6,False,0.9228766665499406,0.7488256897148985,0.030442923181882502,0.1099395751953125,False
2379,2380,MR040240D,MR040240D,glioma,glioma,4,4,True,True,True,within-patient/within-fold,0.9883764982223511,8,False,0.9226519168158072,0.8257421787014868,0.020249716653168656,0.3350830078125,False
1809,1810,98871,98871,pituitary,pituitary,4,4,True,True,True,within-patient/within-fold,0.9681038856506348,2,False,0.9226190172538375,0.7022585592916744,0.04437413262662568,0.028537750244140625,False
1432,1433,98874,98874,pituitary,pituitary,1,1,True,True,True,within-patient/within-fold,0.9785283803939819,8,False,0.922570286422505,0.7498284667668644,0.03439410284962493,0.2785186767578125,False
2198,2199,MR040240,MR040240,glioma,glioma,5,5,True,True,True,within-patient/within-fold,0.9809877276420593,8,False,0.9221592249042181,0.7947609216463041,0.02380557195377736,0.3210906982421875,False
142,739,112252,107747,meningioma,glioma,1,5,False,False,False,cross-patient/cross-fold,0.9618661403656006,18,False,0.9217782565726114,0.804603099415711,0.034537471070581555,0.2553749084472656,False
2176,2177,MR039473,MR039473,glioma,glioma,4,4,True,True,True,within-patient/within-fold,0.9892792701721191,4,False,0.9217327264898983,0.8552728400583758,0.01705118991854926,0.3399467468261719,False
1824,1825,98992,98992,pituitary,pituitary,5,5,True,True,True,within-patient/within-fold,0.9720633029937744,8,False,0.9216844839554308,0.7333691920457485,0.040518259922397576,0.030574798583984375,False
1428,1429,98871,98871,pituitary,pituitary,4,4,True,True,True,within-patient/within-fold,0.9736936092376709,10,False,0.9213703631686969,0.7386600399911428,0.034410198685103456,0.26978302001953125,False
18,19,101127,101127,meningioma,meningioma,4,4,True,True,True,within-patient/within-fold,0.9782731533050537,4,False,0.9211097931533586,0.8044112384866436,0.025115557514939706,0.29029083251953125,False
455,456,101016,101016,meningioma,meningioma,4,4,True,True,True,within-patient/within-fold,0.9778623580932617,4,False,0.9209998133742683,0.7439985368401589,0.033196030266465115,0.045475006103515625,False
2072,2073,MR051644C,MR051644C,glioma,glioma,4,4,True,True,True,within-patient/within-fold,0.9921836853027344,4,False,0.9208876270114844,0.8328885502208305,0.02220517726549971,0.3323554992675781,False
1914,1915,MR049453,MR049453,glioma,glioma,2,2,True,True,True,within-patient/within-fold,0.9923785924911499,6,False,0.9208183847153864,0.8454307257420084,0.0194072827320049,0.33885955810546875,False
931,932,107495,107495,pituitary,pituitary,3,3,True,True,True,within-patient/within-fold,0.9875165224075317,4,False,0.9208065981857033,0.7330361692640809,0.03474140496467968,0.11756515502929688,False
4,5,100360,100360,meningioma,meningioma,5,5,True,True,True,within-patient/within-fold,0.9849768280982971,8,False,0.9206239618735792,0.8231755238545834,0.02503941465946921,0.2932319641113281,False
1277,1278,114361,114361,pituitary,pituitary,4,4,True,True,True,within-patient/within-fold,0.9718607068061829,4,False,0.9206019254090521,0.7158845746777069,0.038266489541160596,0.032238006591796875,False
1003,1004,112746,112746,pituitary,pituitary,1,1,True,True,True,within-patient/within-fold,0.980539083480835,12,False,0.920347654492327,0.7693056147242637,0.03371003463670805,0.27460479736328125,False
2114,2115,MR034997,MR034997,glioma,glioma,3,3,True,True,True,within-patient/within-fold,0.9883264303207397,4,False,0.9203327432631166,0.8698023701549573,0.01728009402839965,0.3460845947265625,False
726,727,103148,103148,glioma,glioma,1,1,True,True,True,within-patient/within-fold,0.9868689775466919,12,False,0.9203034888547352,0.8200588090440064,0.025610517153304955,0.290069580078125,False
1817,1818,98874,98874,pituitary,pituitary,1,1,True,True,True,within-patient/within-fold,0.9722112417221069,8,False,0.9202557171268659,0.7291179713708885,0.0412588100607226,0.02875518798828125,False
2093,2094,MR034694,MR034694,glioma,glioma,2,2,True,True,True,within-patient/within-fold,0.9918339252471924,2,False,0.9202033822157757,0.8135786376554449,0.024696490819290175,0.3278388977050781,False
1859,1860,MR048621B,MR048621B,glioma,glioma,5,5,True,True,True,within-patient/within-fold,0.9907792806625366,8,False,0.92019721665777,0.8067718801357193,0.025164267941563748,0.3153266906738281,False
1226,1227,110537,110537,pituitary,pituitary,5,5,True,True,True,within-patient/within-fold,0.9739351272583008,6,False,0.9200530209034267,0.7320505237301503,0.03678888763700213,0.029247283935546875,False
2366,2367,MR040240C,MR040240C,glioma,glioma,2,2,True,True,True,within-patient/within-fold,0.979102373123169,8,False,0.9196366552789718,0.7785083115092168,0.026753347747179926,0.3331413269042969,False
166,167,114018,114018,meningioma,meningioma,2,2,True,True,True,within-patient/within-fold,0.9825925230979919,2,False,0.9194535525056254,0.7950993212368902,0.026391914103778294,0.276947021484375,False
1371,1372,104912,104912,pituitary,pituitary,5,5,True,True,True,within-patient/within-fold,0.9856681823730469,8,False,0.9194256352508214,0.7279896565478599,0.034944386594624635,0.10334396362304688,False
1816,1817,98874,98874,pituitary,pituitary,1,1,True,True,True,within-patient/within-fold,0.96275395154953,8,False,0.9192298560735086,0.7127913296026946,0.04330396112686854,0.02718353271484375,False
49,50,104281,104281,meningioma,meningioma,3,3,True,True,True,within-patient/within-fold,0.9836796522140503,10,False,0.9192200923086806,0.8065390369313659,0.02990260745564354,0.2906913757324219,False
1415,1416,98472,98472,pituitary,pituitary,3,3,True,True,True,within-patient/within-fold,0.987787663936615,4,False,0.9191386938336831,0.7421438013709217,0.030356383865986335,0.1094818115234375,False
1414,1415,98472,98472,pituitary,pituitary,3,3,True,True,True,within-patient/within-fold,0.9849261045455933,4,False,0.9191131156010823,0.7322268537337846,0.03188885781387251,0.1067352294921875,False
1877,2228,MR048994,MR036496B,glioma,glioma,2,3,False,True,False,cross-patient/cross-fold,0.9757497906684875,10,False,0.9190399258015934,0.847805400597239,0.02822706665326583,0.2806510925292969,False
110,197,108514,98241,meningioma,meningioma,5,2,False,True,False,cross-patient/cross-fold,0.9588812589645386,14,False,0.9190352353629132,0.7817347656518563,0.03833875863352584,0.23375320434570312,False
1227,1228,110537,110537,pituitary,pituitary,5,5,True,True,True,within-patient/within-fold,0.9683886170387268,6,False,0.9190184797575919,0.7224135327084305,0.03950323717934745,0.027996063232421875,False
1321,1322,103582,103582,pituitary,pituitary,3,3,True,True,True,within-patient/within-fold,0.9835898280143738,10,False,0.9187591846944733,0.7836827909160048,0.027995773816722924,0.2739753723144531,False
2344,2345,MR033389B,MR033389B,glioma,glioma,4,4,True,True,True,within-patient/within-fold,0.9845128059387207,4,False,0.9186637480174024,0.7917449650463168,0.034143204000762296,0.3337860107421875,False
1827,1828,98992,98992,pituitary,pituitary,5,5,True,True,True,within-patient/within-fold,0.96585613489151,4,False,0.9185908622304731,0.7229581055043471,0.03897373262391911,0.030246734619140625,False
2210,2211,MR040240B,MR040240B,glioma,glioma,3,3,True,True,True,within-patient/within-fold,0.9850671291351318,10,False,0.9184098732282621,0.8080906583175748,0.022651402665812666,0.34860992431640625,False
1401,1402,97461,97461,pituitary,pituitary,3,3,True,True,True,within-patient/within-fold,0.9821927547454834,10,False,0.9182323253879199,0.7130140450406468,0.03960181617396016,0.2730064392089844,False
1419,1420,98472,98472,pituitary,pituitary,3,3,True,True,True,within-patient/within-fold,0.9793684482574463,4,False,0.9180592460748708,0.730736848098734,0.03299131484574385,0.10651016235351562,False
1305,1306,103257,103257,pituitary,pituitary,4,4,True,True,True,within-patient/within-fold,0.9821434020996094,6,False,0.91794303864357,0.7277075877061836,0.035475130148676454,0.1154327392578125,False
1661,1662,101724,101724,pituitary,pituitary,2,2,True,True,True,within-patient/within-fold,0.9725784063339233,2,False,0.9179374858746565,0.7458112628782277,0.030644942138154628,0.043914794921875,False
1023,1024,114094,114094,pituitary,pituitary,1,1,True,True,True,within-patient/within-fold,0.9799485206604004,6,False,0.9178625255472517,0.7984414832835108,0.02648587100512576,0.2747535705566406,False
1430,1431,98874,98874,pituitary,pituitary,1,1,True,True,True,within-patient/within-fold,0.9858856201171875,8,False,0.9178306761654972,0.7285694742754866,0.03770669308188757,0.2762413024902344,False
1375,1376,105187,105187,pituitary,pituitary,1,1,True,True,True,within-patient/within-fold,0.9888702034950256,6,False,0.917771827458551,0.7546284038179978,0.03692830772990368,0.2897987365722656,False
1393,1394,97416,97416,pituitary,pituitary,4,4,True,True,True,within-patient/within-fold,0.9858505725860596,8,False,0.9177511657946182,0.7486217949992664,0.035723920659445574,0.27123260498046875,False
937,938,107429,107429,pituitary,pituitary,1,1,True,True,True,within-patient/within-fold,0.9827011823654175,4,False,0.9177439748717521,0.7915962839152393,0.02627284898366184,0.2751617431640625,False
1778,1779,97461,97461,pituitary,pituitary,3,3,True,True,True,within-patient/within-fold,0.9712207317352295,4,False,0.9177355260797959,0.7181510118352404,0.04232357072040144,0.030567169189453125,False
3,4,100360,100360,meningioma,meningioma,5,5,True,True,True,within-patient/within-fold,0.9875140190124512,8,False,0.9177219540971958,0.8061403910220163,0.02585501348097286,0.2934989929199219,False
2029,2030,MR051644,MR051644,glioma,glioma,4,4,True,True,True,within-patient/within-fold,0.9815905094146729,6,False,0.9176903237343166,0.8098513893095525,0.023989536912790845,0.3159065246582031,False
2183,2184,MR039473B,MR039473B,glioma,glioma,2,2,True,True,True,within-patient/within-fold,0.9860420227050781,6,False,0.9175657683415779,0.8030736890290104,0.023469826225414117,0.3345947265625,False
110,739,108514,107747,meningioma,glioma,5,5,False,False,True,cross-patient/within-fold,0.9593202471733093,10,False,0.9175266531112087,0.7931752485539949,0.04110438239817717,0.23942184448242188,False
1004,1005,112746,112746,pituitary,pituitary,1,1,True,True,True,within-patient/within-fold,0.9825608730316162,12,False,0.9175197593602811,0.7584149149868915,0.03359467100787472,0.27547454833984375,False
2197,2198,MR040240,MR040240,glioma,glioma,5,5,True,True,True,within-patient/within-fold,0.9812363386154175,8,False,0.917462671513205,0.7675052029610624,0.028276193164876826,0.3168373107910156,False
1693,1694,103582,103582,pituitary,pituitary,3,3,True,True,True,within-patient/within-fold,0.9671660661697388,8,False,0.9174601007367347,0.7517202860276793,0.03716598209848357,0.02758026123046875,False
1903,1904,MR049358,MR049358,glioma,glioma,3,3,True,True,True,within-patient/within-fold,0.9868043661117554,6,False,0.917245105919899,0.815978408264516,0.021352557380732846,0.3369407653808594,False
1821,1829,98992,98992,pituitary,pituitary,5,5,True,True,True,within-patient/within-fold,0.9750055074691772,6,False,0.917159454428006,0.7218737470484652,0.04385741347285329,0.029079437255859375,False
1845,1846,MR048294,MR048294,glioma,glioma,1,1,True,True,True,within-patient/within-fold,0.9940993189811707,4,False,0.9171364831115681,0.8173404545934027,0.024015530263128637,0.3366851806640625,False
1797,1798,98472,98472,pituitary,pituitary,3,3,True,True,True,within-patient/within-fold,0.976250410079956,4,False,0.9169754317868238,0.7229495978748155,0.028499915566242918,0.033252716064453125,False
1815,1817,98874,98874,pituitary,pituitary,1,1,True,True,True,within-patient/within-fold,0.9671236276626587,8,False,0.9168532616217476,0.7102250126968429,0.04177745570372336,0.0288543701171875,False
2028,2029,MR051644,MR051644,glioma,glioma,4,4,True,True,True,within-patient/within-fold,0.9863431453704834,12,False,0.9168235426290805,0.8009654962462959,0.022309261977004016,0.3132438659667969,False
2380,2381,MR040240D,MR040240D,glioma,glioma,4,4,True,True,True,within-patient/within-fold,0.9874500036239624,4,False,0.9167391631218238,0.8250805557136173,0.020559497829700093,0.33495330810546875,False
2209,2210,MR040240B,MR040240B,glioma,glioma,3,3,True,True,True,within-patient/within-fold,0.980308473110199,6,False,0.9166847835725733,0.8002883623825169,0.02359998953941913,0.342987060546875,False
959,960,109471,109471,pituitary,pituitary,3,3,True,True,True,within-patient/within-fold,0.9782419204711914,10,False,0.9163954783873952,0.752013171245371,0.03533983923603099,0.27823638916015625,False
1350,1351,104019,104019,pituitary,pituitary,4,4,True,True,True,within-patient/within-fold,0.982250452041626,12,False,0.9162969967450204,0.7404025886082487,0.03509245841733871,0.2754364013671875,False
2085,2086,MR047953C,MR047953C,glioma,glioma,4,4,True,True,True,within-patient/within-fold,0.9800601005554199,12,False,0.9162594570747663,0.8396629627858213,0.018336611590031044,0.32666778564453125,False
1967,1968,MR050687,MR050687,glioma,glioma,1,1,True,True,True,within-patient/within-fold,0.982803225517273,0,False,0.9161972309494139,0.8304943155563899,0.021293777156592582,0.3246574401855469,False
1431,1432,98874,98874,pituitary,pituitary,1,1,True,True,True,within-patient/within-fold,0.9780101776123047,4,False,0.9160353670097757,0.7390613436650912,0.03642824271028338,0.2786979675292969,False
1006,1007,112847,112847,pituitary,pituitary,5,5,True,True,True,within-patient/within-fold,0.9819283485412598,4,False,0.9159265092024707,0.758714594247544,0.03439793830370381,0.2748565673828125,False
1792,1793,97890,97890,pituitary,pituitary,1,1,True,True,True,within-patient/within-fold,0.9710165858268738,6,False,0.9159230408386981,0.7108236668389153,0.04022163814968533,0.029018402099609375,False
1814,1815,98874,98874,pituitary,pituitary,1,1,True,True,True,within-patient/within-fold,0.9689698219299316,6,False,0.9157680777982893,0.7438942180244447,0.03890333983377397,0.02881622314453125,False
1956,1957,MR050135B,MR050135B,glioma,glioma,2,2,True,True,True,within-patient/within-fold,0.9875088930130005,6,False,0.9157222371060835,0.7742394262009511,0.026120904520301316,0.3229255676269531,False
2386,2387,MR017260F,MR017260F,glioma,glioma,2,2,True,True,True,within-patient/within-fold,0.99252849817276,4,False,0.9157172785523457,0.8436775131393462,0.019048609014698414,0.3344078063964844,False
2211,2212,MR040240B,MR040240B,glioma,glioma,3,3,True,True,True,within-patient/within-fold,0.9904704093933105,4,False,0.9156255500015683,0.8158522858678021,0.02290766898863559,0.3510284423828125,False
1335,1336,103731,103731,pituitary,pituitary,4,4,True,True,True,within-patient/within-fold,0.9834203124046326,6,False,0.9155364291474792,0.7355528290994242,0.03260958428476371,0.11449050903320312,False
1822,1823,98992,98992,pituitary,pituitary,5,5,True,True,True,within-patient/within-fold,0.9628346562385559,6,False,0.9153001285478641,0.7579161832465285,0.037530793742680243,0.0304412841796875,False
742,743,112105,112105,glioma,glioma,4,4,True,True,True,within-patient/within-fold,0.9798014163970947,4,False,0.9152350224391745,0.7671085514098824,0.03206193164626569,0.29074859619140625,False
1820,1822,98992,98992,pituitary,pituitary,5,5,True,True,True,within-patient/within-fold,0.9702895283699036,8,False,0.9151723290741575,0.7462964563602049,0.03811470603594178,0.030948638916015625,False
89,90,106914,106914,meningioma,meningioma,2,2,True,True,True,within-patient/within-fold,0.9816224575042725,6,False,0.9150278967752169,0.760879243257667,0.033891714238501215,0.2842445373535156,False
1653,1654,101145,101145,pituitary,pituitary,2,2,True,True,True,within-patient/within-fold,0.967372715473175,6,False,0.9150043052773023,0.684603714466184,0.046001432667607846,0.02725982666015625,False
743,744,112105,112105,glioma,glioma,4,4,True,True,True,within-patient/within-fold,0.9845147132873535,6,False,0.9150005372839746,0.7986708447835673,0.028412069668427357,0.2906074523925781,False
1246,1250,112074,112074,pituitary,pituitary,1,1,True,True,True,within-patient/within-fold,0.9818093180656433,4,False,0.9148738776688046,0.7031452768529479,0.03622166777034548,0.048709869384765625,False
1773,1774,97461,97461,pituitary,pituitary,3,3,True,True,True,within-patient/within-fold,0.9763377904891968,0,False,0.9146589936661176,0.6989490244401505,0.0457256627326764,0.0301055908203125,False
1334,1335,103731,103731,pituitary,pituitary,4,4,True,True,True,within-patient/within-fold,0.9875175952911377,6,False,0.9146585036017706,0.7308590472869452,0.032424152598661535,0.11571502685546875,False
1968,1969,MR050687,MR050687,glioma,glioma,1,1,True,True,True,within-patient/within-fold,0.9879266023635864,12,False,0.9143662044286477,0.8463872792002076,0.019748440895107224,0.3287811279296875,False
2071,2072,MR051644C,MR051644C,glioma,glioma,4,4,True,True,True,within-patient/within-fold,0.9887763261795044,6,False,0.9143207946614968,0.813595048512906,0.0240543085887815,0.3300590515136719,False
1906,1907,MR049358,MR049358,glioma,glioma,3,3,True,True,True,within-patient/within-fold,0.992322564125061,4,False,0.9143069094295831,0.8211553350642482,0.021034804349152003,0.330780029296875,False
1728,1729,104558,104558,pituitary,pituitary,2,2,True,True,True,within-patient/within-fold,0.9644067287445068,4,False,0.9140577247106609,0.7220371867327757,0.04020371915453074,0.027973175048828125,False
2232,2233,MR033420,MR033420,glioma,glioma,5,5,True,True,True,within-patient/within-fold,0.9869129657745361,8,False,0.9139633936698095,0.8187562380190749,0.02206047770710147,0.33701324462890625,False
1427,1428,98871,98871,pituitary,pituitary,4,4,True,True,True,within-patient/within-fold,0.9736389517784119,4,False,0.9139399279379984,0.7368388067949262,0.034071630099004366,0.2720947265625,False
2241,2344,MR033389B,MR033389B,glioma,glioma,4,4,True,True,True,within-patient/within-fold,0.98065185546875,4,False,0.9137971319745422,0.789295625869986,0.031048949271909067,0.3366203308105469,False
1791,1792,97890,97890,pituitary,pituitary,1,1,True,True,True,within-patient/within-fold,0.9667332172393799,10,False,0.9137791730865001,0.6929342413437731,0.04298320175816523,0.028789520263671875,False
1341,1342,103837,103837,pituitary,pituitary,2,2,True,True,True,within-patient/within-fold,0.9788375496864319,6,False,0.9137124452314443,0.7025098533797093,0.03954837813725392,0.10379791259765625,False
2356,2357,MR026175E,MR026175E,glioma,glioma,2,2,True,True,True,within-patient/within-fold,0.9912786483764648,10,False,0.9135606769881047,0.8345148776170609,0.017614688022039027,0.3376579284667969,False
1729,1730,104558,104558,pituitary,pituitary,2,2,True,True,True,within-patient/within-fold,0.9673755168914795,6,False,0.9134869835761054,0.6848983107854018,0.044108027129833915,0.027500152587890625,False
2376,2377,MR040240D,MR040240D,glioma,glioma,4,4,True,True,True,within-patient/within-fold,0.9791858196258545,12,False,0.9134793864079356,0.787889095888066,0.024842230399647853,0.32928466796875,False
1779,1780,97461,97461,pituitary,pituitary,3,3,True,True,True,within-patient/within-fold,0.967957615852356,6,False,0.9133142922494084,0.7158584148383811,0.04310088034615258,0.03069305419921875,False
1258,1259,112746,112746,pituitary,pituitary,1,1,True,True,True,within-patient/within-fold,0.9647048711776733,4,False,0.9132441464042702,0.6728332359402719,0.045663318936786955,0.021762847900390625,False
1422,1423,98652,98652,pituitary,pituitary,3,3,True,True,True,within-patient/within-fold,0.9871924519538879,4,False,0.9132331363602392,0.7349586658992155,0.03295821715337969,0.10384750366210938,False
1819,1820,98992,98992,pituitary,pituitary,5,5,True,True,True,within-patient/within-fold,0.9702224731445312,10,False,0.9132197590162492,0.712305978327606,0.04723998705546061,0.030513763427734375,False
857,858,108479,108479,glioma,glioma,1,1,True,True,True,within-patient/within-fold,0.9675612449645996,4,False,0.9131554994725,0.7000812238380865,0.038521563576286194,0.0514068603515625,False
1323,1324,103670,103670,pituitary,pituitary,5,5,True,True,True,within-patient/within-fold,0.986101508140564,4,False,0.9131233716192049,0.707574080346305,0.03779223584753322,0.11198043823242188,False
1392,1393,97416,97416,pituitary,pituitary,4,4,True,True,True,within-patient/within-fold,0.9797428846359253,6,False,0.9131101328254143,0.751940549677603,0.03549628461479321,0.2734642028808594,False
1757,1758,105475,105475,pituitary,pituitary,1,1,True,True,True,within-patient/within-fold,0.9621381163597107,4,False,0.9130973866271089,0.719319992413964,0.041519860161675345,0.028377532958984375,False
2208,2209,MR040240B,MR040240B,glioma,glioma,3,3,True,True,True,within-patient/within-fold,0.9789119958877563,12,False,0.9129002069897642,0.7787813526514494,0.026074148664843453,0.33785247802734375,False
575,576,108945,108945,meningioma,meningioma,4,4,True,True,True,within-patient/within-fold,0.9805700778961182,6,False,0.9126776625983579,0.7179475709246308,0.039303555208093977,0.0426788330078125,False
1837,1838,99223,99223,pituitary,pituitary,1,1,True,True,True,within-patient/within-fold,0.9698914289474487,6,False,0.9126041109176074,0.7067051384702296,0.04156216708096591,0.0290069580078125,False
960,961,109471,109471,pituitary,pituitary,3,3,True,True,True,within-patient/within-fold,0.972129762172699,8,False,0.9125542763266652,0.7581202174663261,0.034279824644536744,0.2780952453613281,False
1807,1808,98871,98871,pituitary,pituitary,4,4,True,True,True,within-patient/within-fold,0.9666983485221863,6,False,0.9124588207500247,0.7082154486582185,0.04490053822675089,0.029453277587890625,False
2167,2168,MR037458B,MR037458B,glioma,glioma,2,2,True,True,True,within-patient/within-fold,0.9762600660324097,12,False,0.9121967826838957,0.7881049974592595,0.02967245957507495,0.30628204345703125,False
1755,1756,105475,105475,pituitary,pituitary,1,1,True,True,True,within-patient/within-fold,0.9630041718482971,6,False,0.9121697608637938,0.7442237501013413,0.036472279538390454,0.0283203125,False
1338,1339,103731,103731,pituitary,pituitary,4,4,True,True,True,within-patient/within-fold,0.977247953414917,10,False,0.9121034631318959,0.7544982672229952,0.04005149237343786,0.10376358032226562,False
7,8,100572,100572,meningioma,meningioma,3,3,True,True,True,within-patient/within-fold,0.9876481890678406,6,False,0.9120843252004012,0.7437412112211251,0.03402733839343992,0.2847557067871094,False
1959,1960,MR050135B,MR050135B,glioma,glioma,2,2,True,True,True,within-patient/within-fold,0.9922446012496948,2,False,0.911969084966414,0.8486295378801204,0.01749839782714844,0.33750152587890625,False
1296,1297,102648,102648,pituitary,pituitary,2,2,True,True,True,within-patient/within-fold,0.9862478971481323,4,False,0.9119159335604413,0.7792161597151187,0.024450054174521584,0.233001708984375,False
1705,1706,103671,103671,pituitary,pituitary,1,1,True,True,True,within-patient/within-fold,0.9627673625946045,12,False,0.9118432848085842,0.690317441055852,0.04326944962418634,0.026336669921875,False
1814,1818,98874,98874,pituitary,pituitary,1,1,True,True,True,within-patient/within-fold,0.9722909927368164,8,False,0.9118397942194003,0.723951820794772,0.03957204266076279,0.02919769287109375,False
1706,1707,103671,103671,pituitary,pituitary,1,1,True,True,True,within-patient/within-fold,0.9614919424057007,4,False,0.9118359240518639,0.7271137309967137,0.040894818996734215,0.026580810546875,False
72,139,106534,112062,meningioma,meningioma,4,4,False,True,True,cross-patient/within-fold,0.9600821137428284,16,False,0.9115990373749665,0.7530066330831595,0.06188887998339967,0.25865936279296875,False
1315,1316,103478,103478,pituitary,pituitary,5,5,True,True,True,within-patient/within-fold,0.9734110832214355,8,False,0.9115975201816706,0.7775538175460839,0.029973030283735866,0.2709808349609375,False
1263,1264,112847,112847,pituitary,pituitary,5,5,True,True,True,within-patient/within-fold,0.9585884809494019,10,False,0.9113963074913841,0.7040568168639717,0.04026072111244355,0.025836944580078125,False
48,2195,104167,MR037458C,meningioma,glioma,3,4,False,False,False,cross-patient/cross-fold,0.9744444489479065,20,False,0.9113438922746268,0.80328801723333,0.0305571385775092,0.2557792663574219,False
1370,1371,104912,104912,pituitary,pituitary,5,5,True,True,True,within-patient/within-fold,0.9848070740699768,4,False,0.9111138136225371,0.7122798629866524,0.03719804411250833,0.10309600830078125,False
2200,2201,MR040240,MR040240,glioma,glioma,5,5,True,True,True,within-patient/within-fold,0.9868422746658325,12,False,0.9111006070206236,0.8148913254298424,0.021210010958251577,0.32743072509765625,False
1372,1373,104912,104912,pituitary,pituitary,5,5,True,True,True,within-patient/within-fold,0.9836961627006531,4,False,0.9109948214532874,0.7381308897534682,0.03194336147139889,0.10484695434570312,False
1228,1229,110537,110537,pituitary,pituitary,5,5,True,True,True,within-patient/within-fold,0.9714382886886597,4,False,0.9108702528563866,0.7008884289727539,0.040637309540735994,0.027557373046875,False
17,18,101127,101127,meningioma,meningioma,4,4,True,True,True,within-patient/within-fold,0.9756149649620056,8,False,0.9108289003291348,0.7849430429315987,0.027537269515530684,0.2894325256347656,False
1376,1377,105187,105187,pituitary,pituitary,1,1,True,True,True,within-patient/within-fold,0.9850735068321228,10,False,0.910750142312707,0.7582661306319526,0.034033183801403286,0.2892723083496094,False
1808,1809,98871,98871,pituitary,pituitary,4,4,True,True,True,within-patient/within-fold,0.9678995609283447,6,False,0.910741834497775,0.6912725965017549,0.04635409081711288,0.028903961181640625,False
1470,1471,101145,101145,pituitary,pituitary,2,2,True,True,True,within-patient/within-fold,0.9836963415145874,2,False,0.9106806593296418,0.6611679602865095,0.04297075533832379,0.08794021606445312,False
1469,1470,101145,101145,pituitary,pituitary,2,2,True,True,True,within-patient/within-fold,0.9860538244247437,8,False,0.9106462941689715,0.6569510351276315,0.042186215941988896,0.08888626098632812,False
1013,1014,113741,113741,pituitary,pituitary,3,3,True,True,True,within-patient/within-fold,0.9835938215255737,6,False,0.91034221225097,0.692753091916357,0.04158599019900071,0.11636734008789062,False
1400,1401,97461,97461,pituitary,pituitary,3,3,True,True,True,within-patient/within-fold,0.9786306619644165,6,False,0.9102662591493875,0.7115550961929471,0.03843436942195261,0.274688720703125,False
